-- --------------------------------------------------------
-- Servidor:                     127.0.0.1
-- Versão do servidor:           10.10.2-MariaDB - mariadb.org binary distribution
-- OS do Servidor:               Win64
-- HeidiSQL Versão:              12.5.0.6677
-- --------------------------------------------------------

/*!40101 SET @OLD_CHARACTER_SET_CLIENT=@@CHARACTER_SET_CLIENT */;
/*!40101 SET NAMES utf8 */;
/*!50503 SET NAMES utf8mb4 */;
/*!40103 SET @OLD_TIME_ZONE=@@TIME_ZONE */;
/*!40103 SET TIME_ZONE='+00:00' */;
/*!40014 SET @OLD_FOREIGN_KEY_CHECKS=@@FOREIGN_KEY_CHECKS, FOREIGN_KEY_CHECKS=0 */;
/*!40101 SET @OLD_SQL_MODE=@@SQL_MODE, SQL_MODE='NO_AUTO_VALUE_ON_ZERO' */;
/*!40111 SET @OLD_SQL_NOTES=@@SQL_NOTES, SQL_NOTES=0 */;


-- Copiando estrutura do banco de dados para bancogrupopesquisas
DROP DATABASE IF EXISTS `bancogrupopesquisas`;
CREATE DATABASE IF NOT EXISTS `bancogrupopesquisas` /*!40100 DEFAULT CHARACTER SET utf8mb3 COLLATE utf8mb3_general_ci */;
USE `bancogrupopesquisas`;

-- Copiando estrutura para tabela bancogrupopesquisas.areasconhecimento
DROP TABLE IF EXISTS `areasconhecimento`;
CREATE TABLE IF NOT EXISTS `areasconhecimento` (
  `idareasconhecimento` int(11) NOT NULL AUTO_INCREMENT,
  `descricao` varchar(200) DEFAULT NULL,
  `codigo` varchar(45) DEFAULT NULL,
  PRIMARY KEY (`idareasconhecimento`)
) ENGINE=InnoDB AUTO_INCREMENT=83 DEFAULT CHARSET=utf8mb3 COLLATE=utf8mb3_general_ci;

-- Copiando dados para a tabela bancogrupopesquisas.areasconhecimento: ~80 rows (aproximadamente)
REPLACE INTO `areasconhecimento` (`idareasconhecimento`, `descricao`, `codigo`) VALUES
	(1, 'MATEMÁTICA', '10100008'),
	(2, 'PROBABILIDADE E ESTATÍSTICA', '10200002'),
	(3, 'CIÊNCIA DA COMPUTAÇÃO', '10300007'),
	(4, 'ASTRONOMIA', '10400001'),
	(6, 'FÍSICA', '10500006'),
	(7, 'QUÍMICA', '10600000'),
	(8, 'GEOCIÊNCIAS', '10700005'),
	(9, 'BIOLOGIA GERAL', '20100000'),
	(10, 'GENÉTICA', '20200005'),
	(11, 'MORFOLOGIA', '20600003'),
	(12, 'FISIOLOGIA', '20700008'),
	(13, 'BIOQUÍMICA', '20800002'),
	(14, 'BIOFÍSICA', '20900007'),
	(15, 'FARMACOLOGIA', '21000000'),
	(16, 'IMUNOLOGIA', '21100004'),
	(17, 'MICROBIOLOGIA', '21200009'),
	(18, 'PARASITOLOGIA', '21300003'),
	(20, 'ECOLOGIA', '20500009'),
	(21, 'OCEANOGRAFIA', '10800000'),
	(22, 'BOTÂNICA', '20300000'),
	(23, 'ZOOLOGIA', '20400004'),
	(24, 'ENGENHARIA CIVIL', '30100003'),
	(25, 'ENGENHARIA SANITÁRIA', '30700000'),
	(26, 'ENGENHARIA DE TRANSPORTES', '31000002'),
	(27, 'ENGENHARIA DE MINAS', '30200008'),
	(28, 'ENGENHARIA DE MATERIAIS E METALÚRGICA', '30300002'),
	(29, 'ENGENHARIA QUÍMICA', '30600006'),
	(30, 'ENGENHARIA NUCLEAR', '30900000'),
	(31, 'ENGENHARIA MECÂNICA', '30500001'),
	(32, 'ENGENHARIA DE PRODUÇÃO', '30800005'),
	(33, 'ENGENHARIA NAVAL E OCEÂNICA', '31100007'),
	(34, 'ENGENHARIA AEROESPACIAL', '31200001'),
	(35, 'ENGENHARIA ELÉTRICA', '30400007'),
	(36, 'ENGENHARIA BIOMÉDICA', '31300006'),
	(37, 'MEDICINA', '40100006'),
	(38, 'NUTRIÇÃO', '40500004'),
	(39, 'ODONTOLOGIA', '40200000'),
	(40, 'FARMÁCIA', '40300005'),
	(41, 'ENFERMAGEM', '40400000'),
	(42, 'SAÚDE COLETIVA', '40600009'),
	(43, 'EDUCAÇÃO FÍSICA', '40900002'),
	(44, 'FONOAUDIOLOGIA', '40700003'),
	(45, 'FISIOTERAPIA E TERAPIA OCUPACIONAL', '40800008'),
	(46, 'AGRONOMIA', '50100009'),
	(47, 'RECURSOS FLORESTAIS E ENGENHARIA FLORESTAL', '50200003'),
	(48, 'ENGENHARIA AGRÍCOLA', '50300008'),
	(49, 'ZOOTECNIA', '50400002'),
	(50, 'RECURSOS PESQUEIROS E ENGENHARIA DE PESCA', '50600001'),
	(51, 'MEDICINA VETERINÁRIA', '50500007'),
	(52, 'CIÊNCIA E TECNOLOGIA DE ALIMENTOS', '50700006'),
	(53, 'DIREITO', '60100001'),
	(54, 'ADMINISTRAÇÃO', '60200006'),
	(55, 'TURISMO', '61300004'),
	(56, 'ECONOMIA', '60300000'),
	(57, 'ARQUITETURA E URBANISMO', '60400005'),
	(58, 'DESENHO INDUSTRIAL', '61200000'),
	(59, 'PLANEJAMENTO URBANO E REGIONAL', '60500000'),
	(60, 'DEMOGRAFIA', '60600004'),
	(61, 'CIÊNCIA DA INFORMAÇÃO', '60700009'),
	(62, 'MUSEOLOGIA', '60800003'),
	(63, 'COMUNICAÇÃO', '60900008'),
	(64, 'SERVIÇO SOCIAL', '61000000'),
	(65, 'FILOSOFIA', '70100004'),
	(66, 'TEOLOGIA', '71000003'),
	(67, 'SOCIOLOGIA', '70200009'),
	(68, 'ANTROPOLOGIA', '70300003'),
	(69, 'ARQUEOLOGIA', '70400008'),
	(70, 'HISTÓRIA', '70500002'),
	(71, 'GEOGRAFIA', '70600007'),
	(72, 'PSICOLOGIA', '70700001'),
	(73, 'EDUCAÇÃO', '70800006'),
	(74, 'CIÊNCIA POLÍTICA', '70900000'),
	(75, 'LINGUÍSTICA', '80100007'),
	(76, 'LETRAS', '80200001'),
	(77, 'ARTES', '80300006'),
	(78, 'INTERDISCIPLINAR', '90100000'),
	(79, 'ENSINO', '90200000'),
	(80, 'MATERIAIS', '90300009'),
	(81, 'BIOTECNOLOGIA', '90400003'),
	(82, 'CIÊNCIAS AMBIENTAIS', '90500008');

-- Copiando estrutura para tabela bancogrupopesquisas.equipe
DROP TABLE IF EXISTS `equipe`;
CREATE TABLE IF NOT EXISTS `equipe` (
  `idequipe` int(11) NOT NULL AUTO_INCREMENT,
  `funcao` enum('Coordenador','Pesquisador','Bolsista') DEFAULT NULL,
  `dataentrada` date DEFAULT NULL,
  `datasaida` date DEFAULT NULL,
  `idprojeto` int(11) NOT NULL,
  `idpessoas` int(11) NOT NULL,
  PRIMARY KEY (`idequipe`,`idprojeto`,`idpessoas`),
  KEY `fk_equipe_projeto1_idx` (`idprojeto`),
  KEY `fk_equipe_pessoas1_idx` (`idpessoas`),
  CONSTRAINT `fk_equipe_pessoas1` FOREIGN KEY (`idpessoas`) REFERENCES `pessoas` (`idpessoas`) ON DELETE NO ACTION ON UPDATE NO ACTION,
  CONSTRAINT `fk_equipe_projeto1` FOREIGN KEY (`idprojeto`) REFERENCES `projeto` (`idprojeto`) ON DELETE NO ACTION ON UPDATE NO ACTION
) ENGINE=InnoDB AUTO_INCREMENT=1073 DEFAULT CHARSET=utf8mb3 COLLATE=utf8mb3_general_ci;

-- Copiando dados para a tabela bancogrupopesquisas.equipe: ~536 rows (aproximadamente)
REPLACE INTO `equipe` (`idequipe`, `funcao`, `dataentrada`, `datasaida`, `idprojeto`, `idpessoas`) VALUES
	(537, 'Coordenador', '2019-06-09', '2020-11-02', 12, 175),
	(538, 'Pesquisador', '2018-02-03', '2020-04-09', 12, 184),
	(539, 'Bolsista', '2019-07-10', '2021-05-04', 15, 33),
	(540, 'Coordenador', '2018-08-07', '2020-02-04', 17, 99),
	(541, 'Pesquisador', '2018-02-01', '2021-08-12', 7, 36),
	(542, 'Bolsista', '2018-10-18', '2020-05-22', 14, 86),
	(543, 'Pesquisador', '2019-11-23', '2020-12-09', 13, 117),
	(544, 'Pesquisador', '2018-08-12', '2020-11-28', 8, 55),
	(545, 'Bolsista', '2019-11-23', '2021-10-20', 16, 169),
	(546, 'Coordenador', '2018-06-15', '2020-10-12', 17, 72),
	(547, 'Coordenador', '2018-06-04', '2021-02-13', 8, 181),
	(548, 'Pesquisador', '2019-02-12', '2020-08-22', 10, 99),
	(549, 'Bolsista', '2019-04-13', '2021-08-03', 8, 95),
	(550, 'Coordenador', '2019-04-17', '2020-01-24', 18, 153),
	(551, 'Pesquisador', '2019-12-02', '2021-06-07', 18, 117),
	(552, 'Bolsista', '2018-04-07', '2021-04-26', 18, 88),
	(553, 'Pesquisador', '2019-09-28', '2021-03-12', 18, 25),
	(554, 'Pesquisador', '2018-03-18', '2021-04-09', 7, 164),
	(555, 'Bolsista', '2018-05-07', '2021-01-28', 2, 140),
	(556, 'Coordenador', '2019-05-18', '2020-05-08', 7, 184),
	(557, 'Coordenador', '2019-01-16', '2021-08-11', 16, 113),
	(558, 'Pesquisador', '2018-02-16', '2020-04-19', 2, 97),
	(559, 'Bolsista', '2019-04-27', '2020-09-17', 14, 84),
	(560, 'Coordenador', '2018-01-09', '2020-10-13', 13, 182),
	(561, 'Pesquisador', '2019-08-06', '2021-06-10', 8, 154),
	(562, 'Bolsista', '2018-10-21', '2021-02-05', 2, 77),
	(563, 'Pesquisador', '2019-10-24', '2020-11-22', 11, 84),
	(564, 'Pesquisador', '2018-05-19', '2020-11-21', 4, 68),
	(565, 'Bolsista', '2019-08-27', '2021-09-16', 12, 158),
	(566, 'Coordenador', '2018-12-04', '2020-01-28', 4, 38),
	(567, 'Coordenador', '2019-03-17', '2020-12-11', 6, 130),
	(568, 'Pesquisador', '2019-08-26', '2021-07-01', 19, 137),
	(569, 'Bolsista', '2018-10-16', '2020-10-09', 9, 74),
	(570, 'Coordenador', '2018-06-27', '2020-09-24', 15, 50),
	(571, 'Pesquisador', '2018-06-27', '2021-09-12', 3, 161),
	(572, 'Bolsista', '2018-03-23', '2021-06-07', 4, 11),
	(573, 'Pesquisador', '2018-08-12', '2020-11-13', 5, 88),
	(574, 'Pesquisador', '2019-11-14', '2020-10-02', 13, 180),
	(575, 'Bolsista', '2018-07-02', '2020-10-04', 17, 86),
	(576, 'Coordenador', '2018-09-03', '2021-10-24', 8, 112),
	(577, 'Coordenador', '2019-03-17', '2021-07-16', 19, 179),
	(578, 'Pesquisador', '2018-09-11', '2021-06-05', 1, 148),
	(579, 'Bolsista', '2018-02-03', '2020-03-10', 5, 175),
	(580, 'Coordenador', '2018-02-17', '2020-08-28', 19, 28),
	(581, 'Pesquisador', '2019-05-04', '2021-11-06', 14, 47),
	(582, 'Bolsista', '2018-10-09', '2020-10-02', 8, 117),
	(583, 'Pesquisador', '2018-08-20', '2020-01-02', 11, 111),
	(584, 'Pesquisador', '2018-07-16', '2021-08-05', 4, 94),
	(585, 'Bolsista', '2018-07-10', '2021-02-10', 15, 26),
	(586, 'Coordenador', '2018-08-17', NULL, 5, 53),
	(587, 'Coordenador', '2019-11-22', '2021-05-26', 18, 9),
	(588, 'Pesquisador', '2018-01-04', '2021-10-24', 6, 133),
	(589, 'Bolsista', '2019-05-13', '2020-11-03', 6, 41),
	(590, 'Coordenador', '2018-02-06', NULL, 6, 83),
	(591, 'Pesquisador', '2018-10-23', '2020-11-24', 9, 166),
	(592, 'Bolsista', '2018-09-08', '2021-06-25', 18, 124),
	(593, 'Pesquisador', '2019-08-12', NULL, 14, 142),
	(594, 'Pesquisador', '2018-09-14', '2021-05-06', 13, 153),
	(595, 'Bolsista', '2019-05-17', '2021-12-08', 15, 68),
	(596, 'Coordenador', '2019-10-16', '2020-02-18', 17, 120),
	(597, 'Coordenador', '2018-09-28', NULL, 13, 181),
	(598, 'Pesquisador', '2019-12-15', '2021-10-04', 17, 129),
	(599, 'Bolsista', '2018-02-26', '2020-10-11', 6, 90),
	(600, 'Coordenador', '2018-07-10', '2020-11-27', 12, 175),
	(601, 'Pesquisador', '2019-09-22', '2021-10-17', 4, 139),
	(602, 'Bolsista', '2019-09-13', NULL, 4, 136),
	(603, 'Pesquisador', '2019-11-16', '2020-03-03', 15, 105),
	(604, 'Pesquisador', '2019-03-11', '2021-11-16', 15, 21),
	(605, 'Bolsista', '2018-11-18', '2021-07-16', 2, 90),
	(606, 'Coordenador', '2018-03-05', '2021-11-06', 11, 58),
	(607, 'Coordenador', '2018-03-20', NULL, 1, 143),
	(608, 'Pesquisador', '2018-04-07', '2021-11-25', 9, 14),
	(609, 'Bolsista', '2018-09-25', '2021-04-11', 9, 121),
	(610, 'Coordenador', '2018-01-09', '2021-10-14', 18, 138),
	(611, 'Pesquisador', '2018-01-25', NULL, 13, 6),
	(612, 'Bolsista', '2019-03-13', '2020-06-16', 11, 134),
	(613, 'Pesquisador', '2019-10-03', '2020-12-28', 13, 84),
	(614, 'Pesquisador', '2018-09-21', NULL, 19, 147),
	(615, 'Bolsista', '2019-09-02', '2020-08-22', 4, 114),
	(616, 'Coordenador', '2018-08-28', '2021-05-25', 1, 172),
	(617, 'Coordenador', '2019-02-17', '2020-09-08', 14, 119),
	(618, 'Pesquisador', '2018-12-18', '2021-05-01', 8, 81),
	(619, 'Bolsista', '2019-04-13', NULL, 8, 183),
	(620, 'Coordenador', '2018-09-15', NULL, 16, 18),
	(621, 'Pesquisador', '2019-02-10', '2021-07-10', 12, 56),
	(622, 'Bolsista', '2018-11-06', '2021-09-14', 4, 48),
	(623, 'Pesquisador', '2019-08-18', '2020-05-07', 13, 182),
	(624, 'Pesquisador', '2019-06-04', '2021-03-10', 14, 60),
	(625, 'Bolsista', '2018-10-01', '2020-10-22', 9, 62),
	(626, 'Coordenador', '2019-08-04', '2021-11-09', 18, 24),
	(627, 'Coordenador', '2019-12-10', '2020-02-17', 1, 56),
	(628, 'Pesquisador', '2019-11-06', '2020-10-23', 3, 102),
	(629, 'Bolsista', '2019-07-04', '2021-03-24', 7, 11),
	(630, 'Coordenador', '2019-12-22', '2021-12-05', 2, 37),
	(631, 'Pesquisador', '2019-09-04', '2020-10-16', 15, 3),
	(632, 'Bolsista', '2018-03-08', '2021-11-05', 17, 163),
	(633, 'Pesquisador', '2018-01-12', '2021-08-22', 12, 11),
	(634, 'Pesquisador', '2019-04-23', '2021-02-20', 7, 102),
	(635, 'Bolsista', '2019-09-20', '2020-11-21', 2, 98),
	(636, 'Coordenador', '2018-01-17', '2021-02-23', 14, 13),
	(637, 'Coordenador', '2018-02-28', '2021-04-08', 19, 146),
	(638, 'Pesquisador', '2019-12-23', '2020-12-08', 18, 47),
	(639, 'Bolsista', '2018-05-20', '2020-11-10', 6, 4),
	(640, 'Coordenador', '2019-07-23', NULL, 13, 49),
	(641, 'Pesquisador', '2019-02-16', '2021-06-13', 12, 94),
	(642, 'Bolsista', '2018-09-05', '2021-07-07', 16, 73),
	(643, 'Pesquisador', '2019-12-28', NULL, 13, 127),
	(644, 'Pesquisador', '2019-02-01', '2021-06-09', 9, 14),
	(645, 'Bolsista', '2019-06-26', '2021-02-12', 1, 91),
	(646, 'Coordenador', '2018-02-18', '2021-11-17', 7, 23),
	(647, 'Coordenador', '2018-06-09', '2021-02-21', 16, 42),
	(648, 'Pesquisador', '2019-11-08', '2021-09-21', 18, 152),
	(649, 'Bolsista', '2019-02-08', '2020-03-07', 2, 53),
	(650, 'Coordenador', '2018-08-19', '2020-06-27', 16, 14),
	(651, 'Pesquisador', '2018-06-07', '2021-08-15', 6, 17),
	(652, 'Bolsista', '2018-02-23', '2021-05-02', 4, 50),
	(653, 'Pesquisador', '2019-05-19', '2021-05-05', 16, 46),
	(654, 'Pesquisador', '2018-08-06', '2021-11-15', 14, 110),
	(655, 'Bolsista', '2019-04-22', NULL, 11, 64),
	(656, 'Coordenador', '2019-11-20', '2020-04-12', 12, 112),
	(657, 'Coordenador', '2019-04-13', '2020-09-07', 16, 66),
	(658, 'Pesquisador', '2019-05-19', '2021-12-03', 4, 91),
	(659, 'Bolsista', '2019-04-16', '2021-09-08', 14, 140),
	(660, 'Coordenador', '2018-05-16', '2020-06-17', 13, 7),
	(661, 'Pesquisador', '2019-11-28', NULL, 2, 176),
	(662, 'Bolsista', '2018-09-25', '2021-08-24', 14, 90),
	(663, 'Pesquisador', '2019-05-07', '2020-03-13', 11, 166),
	(664, 'Pesquisador', '2019-07-27', '2020-09-11', 18, 170),
	(665, 'Bolsista', '2018-02-10', NULL, 12, 29),
	(666, 'Coordenador', '2018-07-03', '2020-01-25', 5, 84),
	(667, 'Coordenador', '2019-05-11', '2020-02-05', 4, 135),
	(668, 'Pesquisador', '2018-05-19', '2021-04-04', 4, 77),
	(669, 'Bolsista', '2018-11-03', '2021-07-20', 9, 71),
	(670, 'Coordenador', '2018-06-19', NULL, 11, 40),
	(671, 'Pesquisador', '2018-11-02', '2021-05-08', 3, 86),
	(672, 'Bolsista', '2018-11-14', '2021-11-16', 17, 158),
	(673, 'Pesquisador', '2018-10-22', '2021-11-03', 18, 5),
	(674, 'Pesquisador', '2018-03-01', '2021-03-22', 15, 30),
	(675, 'Bolsista', '2019-03-18', '2021-11-09', 9, 96),
	(676, 'Coordenador', '2019-11-03', '2020-11-27', 13, 161),
	(677, 'Coordenador', '2018-09-08', '2020-04-03', 15, 100),
	(678, 'Pesquisador', '2018-02-04', '2021-03-17', 13, 104),
	(679, 'Bolsista', '2018-12-27', '2021-10-07', 2, 13),
	(680, 'Coordenador', '2018-08-12', '2020-04-08', 16, 156),
	(681, 'Pesquisador', '2018-05-21', '2020-04-14', 9, 83),
	(682, 'Bolsista', '2018-09-12', '2021-07-05', 17, 5),
	(683, 'Pesquisador', '2019-01-10', '2021-01-11', 19, 65),
	(684, 'Pesquisador', '2018-02-04', '2020-12-08', 6, 155),
	(685, 'Bolsista', '2018-04-05', NULL, 18, 100),
	(686, 'Coordenador', '2018-08-03', '2020-04-19', 2, 36),
	(687, 'Coordenador', '2019-10-20', '2020-04-07', 2, 55),
	(688, 'Pesquisador', '2019-08-25', '2020-09-23', 7, 87),
	(689, 'Bolsista', '2018-01-17', '2020-06-08', 2, 59),
	(690, 'Coordenador', '2018-11-24', '2020-06-12', 14, 162),
	(691, 'Pesquisador', '2018-07-27', '2020-08-14', 16, 76),
	(692, 'Bolsista', '2018-08-19', '2020-06-11', 18, 59),
	(693, 'Pesquisador', '2018-06-09', '2020-10-23', 6, 147),
	(694, 'Pesquisador', '2019-08-05', '2020-12-28', 2, 185),
	(695, 'Bolsista', '2018-11-20', '2021-01-28', 16, 10),
	(696, 'Coordenador', '2018-04-10', '2021-09-01', 12, 70),
	(697, 'Coordenador', '2018-02-08', '2021-11-17', 9, 4),
	(698, 'Pesquisador', '2018-01-22', '2021-03-07', 18, 100),
	(699, 'Bolsista', '2018-10-04', '2020-11-03', 10, 15),
	(700, 'Coordenador', '2019-06-22', NULL, 19, 164),
	(701, 'Pesquisador', '2018-10-07', '2020-07-28', 9, 139),
	(702, 'Bolsista', '2018-07-17', '2020-09-15', 8, 143),
	(703, 'Pesquisador', '2018-11-15', '2021-02-10', 14, 24),
	(704, 'Pesquisador', '2019-01-09', '2020-06-10', 17, 110),
	(705, 'Bolsista', '2019-05-07', '2020-03-08', 13, 95),
	(706, 'Coordenador', '2019-11-08', '2020-08-05', 7, 79),
	(707, 'Coordenador', '2019-09-26', '2020-11-28', 2, 57),
	(708, 'Pesquisador', '2019-06-12', '2020-08-20', 14, 8),
	(709, 'Bolsista', '2018-06-20', '2020-10-08', 13, 150),
	(710, 'Coordenador', '2018-06-03', '2020-06-11', 15, 163),
	(711, 'Pesquisador', '2019-02-17', '2021-03-03', 5, 22),
	(712, 'Bolsista', '2018-11-10', '2021-05-14', 14, 162),
	(713, 'Pesquisador', '2019-12-21', '2021-01-27', 16, 92),
	(714, 'Pesquisador', '2018-11-15', NULL, 5, 53),
	(715, 'Bolsista', '2018-05-20', '2020-03-01', 2, 100),
	(716, 'Coordenador', '2018-08-26', '2020-08-02', 19, 68),
	(717, 'Coordenador', '2018-06-12', '2021-04-04', 9, 36),
	(718, 'Pesquisador', '2018-07-23', NULL, 18, 75),
	(719, 'Bolsista', '2018-08-12', '2020-12-19', 1, 66),
	(720, 'Coordenador', '2019-03-10', NULL, 9, 146),
	(721, 'Pesquisador', '2019-07-17', '2020-10-07', 13, 54),
	(722, 'Bolsista', '2019-09-11', '2020-12-13', 9, 54),
	(723, 'Pesquisador', '2018-05-10', '2020-06-15', 14, 141),
	(724, 'Pesquisador', '2018-05-25', '2020-06-19', 14, 172),
	(725, 'Bolsista', '2018-10-07', '2021-05-26', 13, 78),
	(726, 'Coordenador', '2018-02-16', '2021-11-28', 1, 161),
	(727, 'Coordenador', '2018-03-10', '2020-12-07', 3, 165),
	(728, 'Pesquisador', '2018-09-27', '2020-10-18', 5, 18),
	(729, 'Bolsista', '2019-01-07', '2021-07-03', 6, 10),
	(730, 'Coordenador', '2018-10-18', '2021-04-08', 10, 66),
	(731, 'Pesquisador', '2019-05-02', NULL, 3, 100),
	(732, 'Bolsista', '2019-05-27', '2021-11-01', 5, 112),
	(733, 'Pesquisador', '2019-07-27', '2020-05-22', 16, 181),
	(734, 'Pesquisador', '2019-08-25', NULL, 2, 29),
	(735, 'Bolsista', '2019-11-26', '2021-06-20', 10, 20),
	(736, 'Coordenador', '2018-07-13', '2021-01-18', 7, 18),
	(737, 'Coordenador', '2018-08-03', NULL, 14, 40),
	(738, 'Pesquisador', '2019-08-08', '2020-10-06', 1, 50),
	(739, 'Bolsista', '2018-06-07', '2021-10-13', 1, 138),
	(740, 'Coordenador', '2019-01-23', '2021-07-10', 18, 102),
	(741, 'Pesquisador', '2018-12-16', NULL, 16, 175),
	(742, 'Bolsista', '2019-07-02', '2021-06-12', 14, 142),
	(743, 'Pesquisador', '2018-11-06', '2020-05-09', 8, 35),
	(744, 'Pesquisador', '2019-05-09', '2021-09-09', 18, 118),
	(745, 'Bolsista', '2018-05-24', NULL, 10, 151),
	(746, 'Coordenador', '2019-12-16', '2021-05-17', 13, 117),
	(747, 'Coordenador', '2018-08-04', '2020-03-22', 7, 46),
	(748, 'Pesquisador', '2018-01-23', '2020-03-02', 5, 174),
	(749, 'Bolsista', '2018-03-05', '2021-08-18', 10, 33),
	(750, 'Coordenador', '2018-11-16', NULL, 12, 82),
	(751, 'Pesquisador', '2018-10-20', '2021-02-08', 14, 22),
	(752, 'Bolsista', '2019-06-14', '2020-10-23', 1, 165),
	(753, 'Pesquisador', '2019-04-07', '2021-07-15', 2, 103),
	(754, 'Pesquisador', '2019-12-18', '2020-03-11', 3, 68),
	(755, 'Bolsista', '2019-07-18', '2021-01-02', 17, 10),
	(756, 'Coordenador', '2018-06-08', NULL, 1, 180),
	(757, 'Coordenador', '2019-07-13', '2020-11-06', 5, 145),
	(758, 'Pesquisador', '2019-07-18', '2020-01-09', 2, 164),
	(759, 'Bolsista', '2019-01-16', '2021-03-28', 16, 39),
	(760, 'Coordenador', '2018-08-15', '2021-08-16', 10, 93),
	(761, 'Pesquisador', '2018-08-16', '2021-07-14', 13, 59),
	(762, 'Bolsista', '2019-06-10', '2020-09-24', 4, 46),
	(763, 'Pesquisador', '2018-04-12', '2021-06-22', 6, 24),
	(764, 'Pesquisador', '2018-06-28', '2021-02-22', 4, 67),
	(765, 'Bolsista', '2018-01-17', '2020-04-12', 18, 156),
	(766, 'Coordenador', '2018-08-04', '2020-11-24', 3, 139),
	(767, 'Coordenador', '2019-11-21', '2021-03-02', 3, 61),
	(768, 'Pesquisador', '2019-02-02', '2020-12-25', 11, 150),
	(769, 'Bolsista', '2019-02-17', '2021-12-05', 17, 132),
	(770, 'Coordenador', '2019-12-17', NULL, 10, 31),
	(771, 'Pesquisador', '2019-06-14', '2020-05-28', 15, 5),
	(772, 'Bolsista', '2018-03-17', '2021-02-22', 8, 32),
	(773, 'Pesquisador', '2018-07-02', '2021-01-02', 14, 135),
	(774, 'Pesquisador', '2018-07-03', '2021-12-21', 9, 47),
	(775, 'Bolsista', '2018-03-18', '2021-12-01', 6, 164),
	(776, 'Coordenador', '2018-04-22', '2021-09-19', 5, 111),
	(777, 'Coordenador', '2018-07-03', '2021-05-24', 14, 116),
	(778, 'Pesquisador', '2018-07-23', '2021-09-19', 3, 131),
	(779, 'Bolsista', '2019-12-23', '2020-02-23', 2, 130),
	(780, 'Coordenador', '2018-01-16', '2020-08-17', 15, 185),
	(781, 'Pesquisador', '2018-02-22', '2020-07-05', 3, 156),
	(782, 'Bolsista', '2019-09-26', '2021-11-01', 2, 48),
	(783, 'Pesquisador', '2019-06-21', '2020-07-27', 12, 75),
	(784, 'Pesquisador', '2018-01-02', '2021-12-09', 4, 124),
	(785, 'Bolsista', '2019-10-06', '2021-04-14', 7, 26),
	(786, 'Coordenador', '2019-02-03', '2020-04-19', 19, 67),
	(787, 'Coordenador', '2018-09-01', '2020-08-11', 8, 19),
	(788, 'Pesquisador', '2018-03-01', '2020-04-24', 6, 108),
	(789, 'Bolsista', '2018-08-08', '2021-10-25', 14, 59),
	(790, 'Coordenador', '2019-05-17', '2020-06-27', 12, 4),
	(791, 'Pesquisador', '2018-07-15', '2020-08-08', 18, 59),
	(792, 'Bolsista', '2018-12-06', '2021-03-14', 19, 30),
	(793, 'Pesquisador', '2019-10-03', '2020-01-10', 16, 170),
	(794, 'Pesquisador', '2019-02-28', '2021-04-18', 15, 165),
	(795, 'Bolsista', '2018-05-04', '2021-12-09', 12, 144),
	(796, 'Coordenador', '2018-04-05', '2021-12-04', 7, 30),
	(797, 'Coordenador', '2019-06-05', '2021-09-23', 18, 85),
	(798, 'Pesquisador', '2018-06-09', '2020-07-24', 17, 62),
	(799, 'Bolsista', '2019-10-14', '2021-06-12', 15, 162),
	(800, 'Coordenador', '2018-07-04', '2021-03-28', 19, 116),
	(801, 'Pesquisador', '2018-03-02', '2021-04-04', 4, 22),
	(802, 'Bolsista', '2018-07-27', '2020-06-18', 7, 163),
	(803, 'Pesquisador', '2018-11-20', '2021-09-11', 17, 180),
	(804, 'Pesquisador', '2018-12-27', '2020-12-15', 1, 101),
	(805, 'Bolsista', '2018-07-22', '2020-09-19', 7, 153),
	(806, 'Coordenador', '2019-11-22', '2020-12-21', 12, 9),
	(807, 'Coordenador', '2019-02-09', '2021-09-13', 12, 148),
	(808, 'Pesquisador', '2018-09-23', '2020-02-26', 19, 146),
	(809, 'Bolsista', '2018-05-02', '2021-05-04', 3, 144),
	(810, 'Coordenador', '2019-04-21', '2021-09-03', 10, 74),
	(811, 'Pesquisador', '2019-12-06', '2020-11-08', 3, 57),
	(812, 'Bolsista', '2019-08-18', '2020-07-11', 19, 16),
	(813, 'Pesquisador', '2019-01-06', '2021-05-21', 10, 21),
	(814, 'Pesquisador', '2019-11-03', '2021-03-04', 17, 114),
	(815, 'Bolsista', '2018-07-15', '2020-08-07', 2, 81),
	(816, 'Coordenador', '2019-07-26', '2020-10-02', 18, 36),
	(817, 'Coordenador', '2019-07-06', '2021-11-06', 11, 159),
	(818, 'Pesquisador', '2019-04-17', '2020-09-25', 5, 160),
	(819, 'Bolsista', '2019-05-04', '2020-09-25', 7, 9),
	(820, 'Coordenador', '2018-05-26', '2020-07-10', 17, 65),
	(821, 'Pesquisador', '2018-02-01', '2021-03-02', 2, 46),
	(822, 'Bolsista', '2018-12-24', '2021-12-14', 12, 53),
	(823, 'Pesquisador', '2019-03-06', '2020-08-17', 19, 39),
	(824, 'Pesquisador', '2018-05-26', '2021-07-17', 4, 80),
	(825, 'Bolsista', '2019-08-18', '2021-05-10', 3, 118),
	(826, 'Coordenador', '2018-08-07', '2020-09-13', 7, 50),
	(827, 'Coordenador', '2019-06-26', '2020-04-05', 15, 23),
	(828, 'Pesquisador', '2018-06-17', '2021-04-02', 15, 94),
	(829, 'Bolsista', '2018-01-09', '2020-07-15', 13, 57),
	(830, 'Coordenador', '2019-12-07', '2020-06-11', 9, 53),
	(831, 'Pesquisador', '2019-03-01', '2021-03-11', 3, 6),
	(832, 'Bolsista', '2018-04-10', '2021-11-24', 7, 1),
	(833, 'Pesquisador', '2019-02-20', '2020-10-15', 16, 34),
	(834, 'Pesquisador', '2018-03-19', '2020-12-02', 12, 154),
	(835, 'Bolsista', '2018-07-24', '2021-09-19', 19, 74),
	(836, 'Coordenador', '2018-11-07', '2020-04-23', 6, 109),
	(837, 'Coordenador', '2018-03-08', '2021-03-11', 16, 104),
	(838, 'Pesquisador', '2018-09-22', '2021-01-13', 16, 15),
	(839, 'Bolsista', '2019-02-02', '2020-02-17', 2, 9),
	(840, 'Coordenador', '2018-12-23', '2021-12-24', 16, 94),
	(841, 'Pesquisador', '2018-10-05', '2020-07-16', 7, 97),
	(842, 'Bolsista', '2019-04-09', '2021-10-23', 16, 23),
	(843, 'Pesquisador', '2018-11-21', '2020-02-01', 14, 158),
	(844, 'Pesquisador', '2018-05-28', '2021-11-19', 18, 137),
	(845, 'Bolsista', '2018-03-07', '2020-01-12', 13, 14),
	(846, 'Coordenador', '2019-11-16', '2020-07-03', 13, 185),
	(847, 'Coordenador', '2018-07-12', '2021-08-04', 1, 76),
	(848, 'Pesquisador', '2018-12-02', '2021-01-07', 6, 86),
	(849, 'Bolsista', '2018-07-22', '2021-09-01', 2, 182),
	(850, 'Coordenador', '2018-06-25', '2020-05-09', 2, 130),
	(851, 'Pesquisador', '2018-03-03', '2021-08-28', 16, 5),
	(852, 'Bolsista', '2019-10-06', '2021-05-16', 13, 128),
	(853, 'Pesquisador', '2019-10-10', '2020-12-21', 10, 142),
	(854, 'Pesquisador', '2018-08-06', '2021-10-13', 15, 95),
	(855, 'Bolsista', '2018-09-01', '2021-09-10', 19, 171),
	(856, 'Coordenador', '2019-12-01', '2020-01-01', 6, 107),
	(857, 'Coordenador', '2019-05-27', '2021-12-07', 19, 126),
	(858, 'Pesquisador', '2019-07-18', '2021-12-25', 19, 80),
	(859, 'Bolsista', '2018-10-24', '2020-05-08', 2, 177),
	(860, 'Coordenador', '2019-04-16', '2020-11-15', 2, 91),
	(861, 'Pesquisador', '2018-07-05', '2020-01-09', 15, 90),
	(862, 'Bolsista', '2019-11-01', '2021-11-01', 14, 38),
	(863, 'Pesquisador', '2019-09-10', '2020-04-17', 11, 5),
	(864, 'Pesquisador', '2019-02-19', '2020-04-01', 15, 14),
	(865, 'Bolsista', '2018-01-16', '2021-09-23', 15, 134),
	(866, 'Coordenador', '2019-09-08', '2020-02-05', 11, 161),
	(867, 'Coordenador', '2019-07-03', '2021-04-17', 11, 119),
	(868, 'Pesquisador', '2019-06-13', '2021-07-10', 6, 1),
	(869, 'Bolsista', '2019-05-14', '2021-03-08', 2, 34),
	(870, 'Coordenador', '2019-02-16', '2020-03-22', 4, 157),
	(871, 'Pesquisador', '2019-11-09', '2021-01-08', 12, 138),
	(872, 'Bolsista', '2018-01-14', '2020-09-07', 6, 159),
	(873, 'Pesquisador', '2018-07-01', '2020-06-01', 13, 103),
	(874, 'Pesquisador', '2019-10-01', '2021-03-21', 9, 185),
	(875, 'Bolsista', '2018-09-19', '2021-03-20', 10, 33),
	(876, 'Coordenador', '2018-05-08', '2021-04-05', 17, 104),
	(877, 'Coordenador', '2018-02-24', '2020-04-25', 17, 124),
	(878, 'Pesquisador', '2018-08-07', '2020-01-28', 5, 154),
	(879, 'Bolsista', '2018-09-05', '2020-05-07', 12, 117),
	(880, 'Coordenador', '2019-05-03', '2021-08-05', 6, 110),
	(881, 'Pesquisador', '2018-03-12', '2021-07-22', 8, 144),
	(882, 'Bolsista', '2019-11-01', '2020-09-08', 1, 33),
	(883, 'Pesquisador', '2018-10-27', '2021-01-24', 17, 30),
	(884, 'Pesquisador', '2019-07-13', '2020-11-21', 8, 174),
	(885, 'Bolsista', '2019-03-14', '2020-02-24', 19, 97),
	(886, 'Coordenador', '2018-07-08', '2021-08-03', 7, 41),
	(887, 'Coordenador', '2019-12-20', '2021-11-04', 17, 137),
	(888, 'Pesquisador', '2019-07-26', '2021-09-17', 14, 37),
	(889, 'Bolsista', '2019-10-26', '2021-09-18', 6, 163),
	(890, 'Coordenador', '2019-09-23', '2021-06-24', 17, 179),
	(891, 'Pesquisador', '2019-04-02', '2021-01-17', 9, 46),
	(892, 'Bolsista', '2018-02-01', '2021-03-05', 18, 163),
	(893, 'Pesquisador', '2018-08-11', '2021-05-12', 14, 184),
	(894, 'Pesquisador', '2018-03-08', '2021-08-11', 3, 117),
	(895, 'Bolsista', '2019-07-09', '2020-04-05', 16, 34),
	(896, 'Coordenador', '2019-09-03', '2020-12-13', 4, 102),
	(897, 'Coordenador', '2018-08-17', '2021-04-24', 2, 18),
	(898, 'Pesquisador', '2019-03-17', '2021-04-27', 5, 86),
	(899, 'Bolsista', '2019-05-15', '2021-12-07', 9, 120),
	(900, 'Coordenador', '2018-11-20', '2021-01-12', 4, 78),
	(901, 'Pesquisador', '2019-09-25', '2021-12-09', 11, 23),
	(902, 'Bolsista', '2018-06-09', '2021-01-15', 13, 138),
	(903, 'Pesquisador', '2019-12-12', '2021-06-04', 8, 16),
	(904, 'Pesquisador', '2018-10-28', '2021-11-19', 10, 3),
	(905, 'Bolsista', '2019-11-20', '2021-02-05', 19, 125),
	(906, 'Coordenador', '2019-06-24', '2020-11-23', 3, 146),
	(907, 'Coordenador', '2018-10-08', '2020-04-06', 13, 58),
	(908, 'Pesquisador', '2018-08-01', '2020-07-04', 16, 69),
	(909, 'Bolsista', '2019-03-14', '2021-02-09', 3, 54),
	(910, 'Coordenador', '2019-03-16', '2021-11-23', 4, 61),
	(911, 'Pesquisador', '2018-11-22', '2020-12-09', 4, 123),
	(912, 'Bolsista', '2018-09-02', '2021-10-23', 19, 125),
	(913, 'Pesquisador', '2018-06-12', '2020-08-20', 18, 116),
	(914, 'Pesquisador', '2019-08-28', '2021-02-01', 16, 97),
	(915, 'Bolsista', '2019-11-27', '2020-12-28', 15, 161),
	(916, 'Coordenador', '2018-02-28', '2020-06-21', 17, 119),
	(917, 'Coordenador', '2019-03-06', '2021-11-26', 10, 86),
	(918, 'Pesquisador', '2018-05-11', '2020-05-17', 11, 90),
	(919, 'Bolsista', '2018-02-14', '2021-05-24', 9, 83),
	(920, 'Coordenador', '2018-10-19', '2020-11-28', 3, 58),
	(921, 'Pesquisador', '2018-05-23', '2021-05-13', 12, 98),
	(922, 'Bolsista', '2018-10-12', '2020-10-14', 5, 173),
	(923, 'Pesquisador', '2018-06-04', '2021-06-09', 7, 47),
	(924, 'Pesquisador', '2018-11-24', '2020-09-06', 17, 143),
	(925, 'Bolsista', '2019-03-28', '2021-12-12', 2, 41),
	(926, 'Coordenador', '2019-06-25', '2020-06-09', 4, 133),
	(927, 'Coordenador', '2019-11-22', '2021-05-09', 9, 71),
	(928, 'Pesquisador', '2018-03-03', '2020-12-08', 13, 141),
	(929, 'Bolsista', '2019-10-14', '2021-09-28', 2, 90),
	(930, 'Coordenador', '2019-01-16', '2020-08-24', 6, 142),
	(931, 'Pesquisador', '2018-11-09', '2020-05-28', 17, 129),
	(932, 'Bolsista', '2018-05-17', '2020-11-09', 15, 128),
	(933, 'Pesquisador', '2019-01-12', '2020-04-17', 17, 180),
	(934, 'Pesquisador', '2018-08-07', '2020-07-17', 16, 85),
	(935, 'Bolsista', '2018-10-07', '2020-05-03', 18, 44),
	(936, 'Coordenador', '2019-11-14', '2021-08-19', 8, 49),
	(937, 'Coordenador', '2019-07-05', '2021-01-22', 8, 78),
	(938, 'Pesquisador', '2018-12-15', '2021-03-05', 2, 124),
	(939, 'Bolsista', '2019-06-12', '2021-12-20', 1, 132),
	(940, 'Coordenador', '2019-04-28', '2021-08-26', 10, 142),
	(941, 'Pesquisador', '2019-08-20', '2021-11-12', 14, 26),
	(942, 'Bolsista', '2019-11-17', '2020-04-24', 14, 106),
	(943, 'Pesquisador', '2019-04-18', '2020-05-06', 8, 138),
	(944, 'Pesquisador', '2018-05-06', '2020-02-18', 6, 99),
	(945, 'Bolsista', '2018-12-04', '2021-02-10', 18, 90),
	(946, 'Coordenador', '2018-10-18', '2021-08-28', 2, 51),
	(947, 'Coordenador', '2019-04-18', '2021-03-18', 13, 166),
	(948, 'Pesquisador', '2018-10-12', '2021-10-22', 4, 51),
	(949, 'Bolsista', '2018-07-25', '2021-11-28', 19, 121),
	(950, 'Coordenador', '2019-04-19', '2020-04-26', 2, 143),
	(951, 'Pesquisador', '2019-09-05', '2020-10-15', 18, 109),
	(952, 'Bolsista', '2018-02-13', '2020-05-06', 16, 13),
	(953, 'Pesquisador', '2018-03-17', '2021-08-21', 9, 58),
	(954, 'Pesquisador', '2018-04-06', '2020-10-01', 10, 8),
	(955, 'Bolsista', '2018-01-16', '2021-11-06', 15, 172),
	(956, 'Coordenador', '2019-08-03', '2021-04-19', 15, 12),
	(957, 'Coordenador', '2019-01-21', '2020-02-06', 7, 107),
	(958, 'Pesquisador', '2018-05-03', '2021-02-14', 13, 137),
	(959, 'Bolsista', '2019-02-04', '2021-10-28', 1, 49),
	(960, 'Coordenador', '2018-08-25', '2020-05-20', 2, 83),
	(961, 'Pesquisador', '2019-11-10', '2020-08-03', 16, 54),
	(962, 'Bolsista', '2018-06-04', '2021-03-07', 17, 135),
	(963, 'Pesquisador', '2019-10-16', '2021-02-23', 19, 94),
	(964, 'Pesquisador', '2019-02-06', '2020-05-06', 16, 7),
	(965, 'Bolsista', '2019-06-19', '2020-01-04', 2, 132),
	(966, 'Coordenador', '2019-02-01', '2021-01-28', 11, 162),
	(967, 'Coordenador', '2018-06-16', '2021-08-16', 18, 41),
	(968, 'Pesquisador', '2019-06-28', '2020-05-09', 17, 63),
	(969, 'Bolsista', '2019-03-06', '2020-06-21', 3, 112),
	(970, 'Coordenador', '2019-04-11', '2021-03-06', 1, 34),
	(971, 'Pesquisador', '2018-03-22', '2021-09-24', 6, 75),
	(972, 'Bolsista', '2018-03-18', '2021-10-22', 14, 41),
	(973, 'Pesquisador', '2018-05-25', '2020-03-27', 8, 25),
	(974, 'Pesquisador', '2019-05-18', '2020-05-08', 19, 27),
	(975, 'Bolsista', '2018-12-04', '2020-01-26', 3, 33),
	(976, 'Coordenador', '2019-11-11', '2020-05-17', 3, 133),
	(977, 'Coordenador', '2019-08-22', '2021-10-10', 19, 145),
	(978, 'Pesquisador', '2019-02-23', '2020-05-09', 5, 39),
	(979, 'Bolsista', '2019-12-27', '2021-09-13', 13, 26),
	(980, 'Coordenador', '2018-02-05', '2020-01-15', 15, 74),
	(981, 'Pesquisador', '2018-02-07', '2020-02-18', 1, 86),
	(982, 'Bolsista', '2019-02-07', '2021-11-13', 2, 128),
	(983, 'Pesquisador', '2019-06-11', '2021-07-20', 7, 110),
	(984, 'Pesquisador', '2018-12-16', '2020-07-11', 18, 75),
	(985, 'Bolsista', '2018-07-12', '2021-06-25', 13, 137),
	(986, 'Coordenador', '2019-05-27', '2021-03-18', 13, 177),
	(987, 'Coordenador', '2019-03-02', '2020-04-17', 10, 101),
	(988, 'Pesquisador', '2019-09-18', '2020-11-06', 13, 153),
	(989, 'Bolsista', '2018-10-20', '2020-12-09', 14, 43),
	(990, 'Coordenador', '2019-07-04', '2020-08-17', 9, 55),
	(991, 'Pesquisador', '2018-08-08', '2020-07-07', 16, 98),
	(992, 'Bolsista', '2018-12-08', '2021-01-26', 16, 44),
	(993, 'Pesquisador', '2018-05-07', '2021-10-23', 1, 77),
	(994, 'Pesquisador', '2019-10-07', '2020-03-15', 14, 97),
	(995, 'Bolsista', '2018-05-22', '2020-01-11', 8, 123),
	(996, 'Coordenador', '2018-05-19', '2020-07-26', 16, 38),
	(997, 'Coordenador', '2019-12-14', '2021-07-22', 1, 73),
	(998, 'Pesquisador', '2018-07-13', '2021-02-08', 1, 178),
	(999, 'Bolsista', '2019-06-07', '2021-02-24', 7, 76),
	(1000, 'Coordenador', '2019-11-26', '2021-08-16', 19, 100),
	(1001, 'Pesquisador', '2019-05-24', '2020-04-04', 13, 114),
	(1002, 'Bolsista', '2019-12-21', '2021-05-27', 6, 150),
	(1003, 'Pesquisador', '2019-05-13', '2021-05-05', 8, 12),
	(1004, 'Pesquisador', '2019-05-09', '2021-11-21', 9, 1),
	(1005, 'Bolsista', '2019-05-19', '2021-07-22', 7, 12),
	(1006, 'Coordenador', '2019-09-15', '2021-11-28', 11, 80),
	(1007, 'Coordenador', '2019-03-27', '2020-02-23', 11, 85),
	(1008, 'Pesquisador', '2018-02-22', '2021-10-11', 11, 38),
	(1009, 'Bolsista', '2019-07-12', '2021-07-09', 5, 73),
	(1010, 'Coordenador', '2019-06-01', '2021-07-07', 3, 86),
	(1011, 'Pesquisador', '2018-11-25', '2020-07-24', 19, 171),
	(1012, 'Bolsista', '2019-08-28', '2021-07-28', 2, 13),
	(1013, 'Pesquisador', '2019-10-27', '2021-12-13', 18, 176),
	(1014, 'Pesquisador', '2018-06-26', '2021-07-08', 10, 17),
	(1015, 'Bolsista', '2018-10-03', '2021-12-09', 2, 93),
	(1016, 'Coordenador', '2018-03-27', '2021-08-14', 7, 137),
	(1017, 'Coordenador', '2019-06-24', '2020-04-03', 2, 179),
	(1018, 'Pesquisador', '2019-07-05', '2020-05-13', 13, 137),
	(1019, 'Bolsista', '2019-01-07', '2020-09-16', 3, 11),
	(1020, 'Coordenador', '2019-04-25', '2021-11-17', 17, 76),
	(1021, 'Pesquisador', '2018-12-25', '2021-08-09', 18, 83),
	(1022, 'Bolsista', '2019-08-24', '2021-09-06', 12, 165),
	(1023, 'Pesquisador', '2018-10-08', '2021-10-16', 15, 182),
	(1024, 'Pesquisador', '2019-11-01', '2021-08-16', 18, 159),
	(1025, 'Bolsista', '2018-05-16', '2021-09-16', 18, 166),
	(1026, 'Coordenador', '2018-05-19', '2020-01-26', 14, 104),
	(1027, 'Coordenador', '2019-07-22', '2021-10-01', 16, 36),
	(1028, 'Pesquisador', '2019-08-22', '2020-06-23', 9, 27),
	(1029, 'Bolsista', '2019-08-16', '2021-06-05', 3, 73),
	(1030, 'Coordenador', '2018-08-21', '2020-12-07', 1, 1),
	(1031, 'Pesquisador', '2019-12-17', '2021-10-13', 19, 14),
	(1032, 'Bolsista', '2018-07-01', '2021-02-18', 18, 176),
	(1033, 'Pesquisador', '2018-12-21', '2020-02-09', 9, 95),
	(1034, 'Pesquisador', '2019-08-20', '2021-12-25', 17, 177),
	(1035, 'Bolsista', '2019-04-25', '2020-02-18', 3, 65),
	(1036, 'Coordenador', '2018-12-12', '2021-02-09', 17, 36),
	(1037, 'Coordenador', '2019-11-17', '2021-06-12', 6, 81),
	(1038, 'Pesquisador', '2019-03-17', '2021-09-14', 5, 178),
	(1039, 'Bolsista', '2018-06-28', '2021-01-04', 12, 171),
	(1040, 'Coordenador', '2018-11-24', '2020-06-16', 18, 64),
	(1041, 'Pesquisador', '2018-04-02', '2020-03-18', 6, 183),
	(1042, 'Bolsista', '2019-07-22', '2020-03-16', 12, 103),
	(1043, 'Pesquisador', '2018-07-10', '2020-04-10', 11, 10),
	(1044, 'Pesquisador', '2018-03-17', '2020-07-17', 7, 185),
	(1045, 'Bolsista', '2018-06-10', '2021-04-16', 17, 46),
	(1046, 'Coordenador', '2018-01-19', '2021-01-28', 14, 163),
	(1047, 'Coordenador', '2018-08-19', '2020-11-21', 2, 167),
	(1048, 'Pesquisador', '2018-01-22', '2020-07-28', 11, 85),
	(1049, 'Bolsista', '2018-05-23', '2021-02-25', 16, 165),
	(1050, 'Coordenador', '2019-06-16', '2020-03-22', 7, 61),
	(1051, 'Pesquisador', '2019-02-21', '2021-01-01', 13, 143),
	(1052, 'Bolsista', '2019-02-27', '2021-01-11', 5, 19),
	(1053, 'Pesquisador', '2018-12-16', '2020-11-19', 19, 149),
	(1054, 'Pesquisador', '2019-10-13', '2020-06-16', 1, 94),
	(1055, 'Bolsista', '2019-02-12', '2021-06-08', 11, 23),
	(1056, 'Coordenador', '2018-06-02', '2021-10-27', 6, 141),
	(1057, 'Coordenador', '2018-11-13', '2020-10-27', 16, 59),
	(1058, 'Pesquisador', '2019-07-05', '2020-12-24', 10, 183),
	(1059, 'Bolsista', '2018-08-01', '2020-11-19', 7, 6),
	(1060, 'Coordenador', '2018-08-02', '2020-01-16', 5, 115),
	(1061, 'Pesquisador', '2018-08-26', '2020-10-15', 18, 69),
	(1062, 'Bolsista', '2018-05-24', '2021-08-04', 15, 113),
	(1063, 'Pesquisador', '2018-09-02', '2021-09-21', 11, 108),
	(1064, 'Pesquisador', '2018-09-05', '2021-11-18', 11, 16),
	(1065, 'Bolsista', '2018-03-10', '2021-08-22', 3, 94),
	(1066, 'Coordenador', '2019-05-15', '2021-03-04', 17, 120),
	(1067, 'Coordenador', '2018-08-12', '2020-09-20', 5, 127),
	(1068, 'Pesquisador', '2018-10-02', '2021-08-22', 5, 142),
	(1069, 'Bolsista', '2019-04-21', '2021-06-02', 5, 179),
	(1070, 'Coordenador', '2018-07-03', '2020-10-27', 8, 3),
	(1071, 'Pesquisador', '2019-01-06', '2020-02-01', 16, 84),
	(1072, 'Bolsista', '2018-02-28', '2020-11-08', 1, 26);

-- Copiando estrutura para tabela bancogrupopesquisas.graucientifico
DROP TABLE IF EXISTS `graucientifico`;
CREATE TABLE IF NOT EXISTS `graucientifico` (
  `idgraucientifico` int(11) NOT NULL AUTO_INCREMENT,
  `descricao` varchar(45) NOT NULL,
  PRIMARY KEY (`idgraucientifico`)
) ENGINE=InnoDB AUTO_INCREMENT=8 DEFAULT CHARSET=utf8mb3 COLLATE=utf8mb3_general_ci;

-- Copiando dados para a tabela bancogrupopesquisas.graucientifico: ~7 rows (aproximadamente)
REPLACE INTO `graucientifico` (`idgraucientifico`, `descricao`) VALUES
	(1, 'estudante'),
	(2, 'técnico'),
	(3, 'bacharel'),
	(4, 'licenciado'),
	(5, 'mestrado'),
	(6, 'doutorado'),
	(7, 'pos-doutorado');

-- Copiando estrutura para tabela bancogrupopesquisas.grupospesquisa
DROP TABLE IF EXISTS `grupospesquisa`;
CREATE TABLE IF NOT EXISTS `grupospesquisa` (
  `idgrupospesquisa` int(11) NOT NULL AUTO_INCREMENT,
  `nome` varchar(200) DEFAULT NULL,
  `anocriacao` int(10) unsigned DEFAULT NULL,
  `idareasconhecimento` int(11) NOT NULL,
  PRIMARY KEY (`idgrupospesquisa`,`idareasconhecimento`),
  KEY `fk_grupospesquisa_areasconhecimento_idx` (`idareasconhecimento`),
  CONSTRAINT `fk_grupospesquisa_areasconhecimento` FOREIGN KEY (`idareasconhecimento`) REFERENCES `areasconhecimento` (`idareasconhecimento`) ON DELETE NO ACTION ON UPDATE NO ACTION
) ENGINE=InnoDB AUTO_INCREMENT=26 DEFAULT CHARSET=utf8mb3 COLLATE=utf8mb3_general_ci;

-- Copiando dados para a tabela bancogrupopesquisas.grupospesquisa: ~25 rows (aproximadamente)
REPLACE INTO `grupospesquisa` (`idgrupospesquisa`, `nome`, `anocriacao`, `idareasconhecimento`) VALUES
	(1, 'Tecnologias em Saúde', 2002, 42),
	(2, 'Biossistemas e Inovação', 1999, 9),
	(3, 'Grupo de Pesquisa em Compósitos Poliméricos e Cerâmicos', 2007, 7),
	(4, 'Ecologia Industrial e Agrícola', 2011, 20),
	(5, 'Educação e Tecnologias', 2006, 73),
	(6, 'Cultura e Processos Sociais ', 2004, 67),
	(7, 'Ensaios de Materiais', 2007, 28),
	(8, 'Física Aplicada e Radiológica', 2009, 6),
	(9, 'Pesquisa em Geografia e Espaço', 2003, 71),
	(10, 'Geotecnologias e Sociedade', 2000, 8),
	(11, 'Construção, Inovação e Sustentabilidade', 2000, 24),
	(12, 'Engenharia e Desenvolvimento de Software', 2018, 3),
	(13, 'Grupo de Pesquisa e Inovação em Química', 2017, 7),
	(14, 'Grupo de Pesquisa em Sinais e Sistemas', 2011, 35),
	(15, 'Grupo de Pesquisa em Sistemas de Comunicações', 2006, 3),
	(16, 'Grupo de Pesquisa em Sistemas Embarcados', 2019, 35),
	(17, 'Grupo de Pesquisa em Sistemas Elétricos de Potência', 2018, 35),
	(18, ' Grupo de Pesquisa em Sistemas Distribuídos e redes', 2010, 3),
	(19, 'Grupo de Pesquisa em Inovação e Práticas Interdisciplinares', 2006, 78),
	(20, 'Laboratório de Desenvolvimento de Software Livre', 2001, 3),
	(21, 'Grupo de Pesquisa em Linguagens', 2014, 76),
	(22, 'Grupo de Pesquisa em Matemática, Estatística e Educação', 2019, 1),
	(23, 'Grupo de Pesquisa em Energias renováveis', 2015, 32),
	(24, 'Processamento e Caracterização de Materiais', 2019, 28),
	(25, 'Grupo de Pesquia Automação e Mecatrônica', 1999, 31);

-- Copiando estrutura para tabela bancogrupopesquisas.pessoas
DROP TABLE IF EXISTS `pessoas`;
CREATE TABLE IF NOT EXISTS `pessoas` (
  `idpessoas` int(11) NOT NULL AUTO_INCREMENT,
  `nome` varchar(45) DEFAULT NULL,
  `cpf` bigint(15) DEFAULT NULL,
  `sexo` enum('m','f') DEFAULT NULL,
  `numerolates` varchar(45) DEFAULT NULL,
  `datanascimento` date DEFAULT NULL,
  `idgraucientifico` int(11) NOT NULL,
  `idareasconhecimento` int(11) NOT NULL,
  PRIMARY KEY (`idpessoas`,`idgraucientifico`,`idareasconhecimento`),
  KEY `fk_pessoas_graucientifico1_idx` (`idgraucientifico`),
  KEY `fk_pessoas_areasconhecimento1_idx` (`idareasconhecimento`),
  CONSTRAINT `fk_pessoas_areasconhecimento1` FOREIGN KEY (`idareasconhecimento`) REFERENCES `areasconhecimento` (`idareasconhecimento`) ON DELETE NO ACTION ON UPDATE NO ACTION,
  CONSTRAINT `fk_pessoas_graucientifico1` FOREIGN KEY (`idgraucientifico`) REFERENCES `graucientifico` (`idgraucientifico`) ON DELETE NO ACTION ON UPDATE NO ACTION
) ENGINE=InnoDB AUTO_INCREMENT=186 DEFAULT CHARSET=utf8mb3 COLLATE=utf8mb3_general_ci;

-- Copiando dados para a tabela bancogrupopesquisas.pessoas: ~185 rows (aproximadamente)
REPLACE INTO `pessoas` (`idpessoas`, `nome`, `cpf`, `sexo`, `numerolates`, `datanascimento`, `idgraucientifico`, `idareasconhecimento`) VALUES
	(1, 'Santiago Silva', 97418652963, 'm', '1541283221', '1985-09-03', 6, 26),
	(2, 'Francisca Santos', 28835803527, 'f', '1400116131', '1988-11-24', 1, 49),
	(3, 'João Costa', 87203647501, 'm', '1636055590', '1980-02-14', 5, 57),
	(4, 'Afonso Souza', 72244160397, 'm', '1628387283', '1995-06-17', 7, 13),
	(5, 'Rodrigo Leal', 45642756592, 'm', '1804893578', '1982-01-18', 3, 30),
	(6, 'Martim Santanna', 68420051877, 'm', '1537083660', '1999-10-04', 6, 65),
	(7, 'Tomás Rêgo', 86981541720, 'm', '1553035988', '1996-07-05', 6, 66),
	(8, 'Duarte Freitas', 64876601730, 'm', '1228168515', '1987-05-06', 4, 49),
	(9, 'Miguel Leão', 53213260749, 'm', '1283007550', '1983-02-12', 3, 38),
	(10, 'Gabriela Lopes', 29434245531, 'f', '1270129937', '1999-10-01', 7, 42),
	(11, 'Lourenço Pinto', 76690160339, 'm', '1280617948', '1989-05-03', 6, 47),
	(12, 'Gonçalo Bahia', 43986211356, 'm', '1862052380', '1996-04-03', 2, 70),
	(13, 'Denise Sá', 11203499469, 'f', '1784754944', '1984-04-08', 5, 10),
	(14, 'Guilherme Diniz', 33185679555, 'm', '1641375529', '1994-05-07', 5, 8),
	(15, 'Pedro Vitória', 26937868703, 'm', '1528186560', '1983-07-13', 1, 39),
	(16, 'Salvador Duarte', 19537294101, 'm', '1791728053', '1980-02-20', 4, 31),
	(17, 'Rafaela Lima', 60154018518, 'f', '1279055829', '1988-07-01', 5, 38),
	(18, 'Lucas Dias', 25753465835, 'm', '1290347980', '1996-03-10', 7, 47),
	(19, 'Tiago Teles', 24860543200, 'm', '1201995550', '1989-05-16', 5, 64),
	(20, 'Gustavo Silveira', 26683132621, 'm', '1204348676', '1992-03-25', 3, 37),
	(21, 'Diogo Mendes', 43420179653, 'm', '1177486755', '1997-11-15', 1, 8),
	(22, 'Vicente Luz', 40407641217, 'm', '1875031040', '1996-01-27', 6, 44),
	(23, 'José Veloso', 13919271124, 'm', '1751813291', '1993-10-18', 6, 42),
	(24, 'David Buarque', 28722599399, 'm', '1457406375', '1982-03-09', 7, 33),
	(25, 'Mateus Dória', 68731206322, 'm', '1635634212', '1999-06-01', 6, 44),
	(26, 'Simão Gomes', 85660308344, 'm', '1506747314', '1998-08-04', 5, 45),
	(27, 'Antónia Batista', 76223013277, 'f', '1577779515', '1998-05-19', 4, 46),
	(28, 'Diego de Jesus', 98444411031, 'm', '1715979819', '2000-01-09', 5, 8),
	(29, 'Manuela de Souza', 43345636735, 'f', '1547725974', '1985-03-08', 5, 3),
	(30, 'Henrique Da Costa', 89154932468, 'm', '1475384180', '2000-05-06', 1, 41),
	(31, 'Daniela Oliveira', 54309601100, 'f', '1787916019', '1990-08-11', 3, 66),
	(32, 'Vasco Franco', 44468983131, 'm', '1211518307', '1983-05-04', 2, 4),
	(33, 'Bernardo Monteiro', 66146840070, 'm', '1702743767', '1985-11-28', 6, 6),
	(34, 'Enzo Varela', 50923313641, 'm', '1255333814', '1983-10-21', 3, 6),
	(35, 'André Rimenez', 92476834112, 'm', '1256282954', '1994-04-06', 4, 40),
	(36, 'Leonardo de Souza', 21224834995, 'm', '1203802931', '2000-05-12', 2, 68),
	(37, 'Luísa Da Costa', 40638788890, 'f', '1798072284', '1993-03-15', 2, 50),
	(38, 'Isaac Oliveira', 70684336160, 'm', '1810434613', '1999-10-10', 2, 69),
	(39, 'Eduarda Franco', 98817964575, 'f', '1840228483', '1994-06-05', 1, 17),
	(40, 'Alexandra Monteiro', 37240088848, 'f', '1663384242', '1990-10-10', 4, 69),
	(41, 'Kevin Varela', 57339223248, 'm', '1492229484', '2000-03-16', 6, 16),
	(42, 'Matias Rimenez', 96569002728, 'm', '1321369194', '1986-11-06', 6, 40),
	(43, 'Leandro de Souza', 94849100367, 'm', '1305072469', '1993-03-02', 7, 43),
	(44, 'Filipe Da Costa', 32910677465, 'm', '1523800894', '1994-05-16', 2, 25),
	(45, 'Xavier Silva', 89920402968, 'm', '1886487720', '1983-10-17', 4, 17),
	(46, 'Rúben Santos', 30529282336, 'm', '1177022587', '1999-02-23', 5, 50),
	(47, 'Samuel Costa', 27775321623, 'm', '1576936820', '1988-09-19', 2, 26),
	(48, 'Ricarda Souza', 49191478296, 'f', '1135260014', '1989-07-20', 7, 61),
	(49, 'Artur Leal', 38467177957, 'm', '1703282167', '1988-12-14', 5, 45),
	(50, 'Valentina Santanna', 27636311526, 'f', '1440246068', '1994-01-13', 1, 65),
	(51, 'Frederico Rêgo', 25219829174, 'm', '1712813291', '1993-01-02', 2, 20),
	(52, 'Lorenzo Freitas', 40974855568, 'm', '1759029588', '1992-10-03', 7, 30),
	(53, 'Bryan Leão', 67629134193, 'm', '1729760021', '1989-11-06', 6, 58),
	(54, 'Bruna Lopes', 34566176087, 'f', '1295532010', '1998-02-17', 5, 68),
	(55, 'Nuno Pinto', 27554031238, 'm', '1367935989', '1992-05-04', 1, 12),
	(56, 'Benjamim Bahia', 55956345950, 'm', '1479433267', '1981-01-05', 3, 57),
	(57, 'Carlos Sá', 52970536051, 'm', '1693089575', '1993-09-21', 2, 56),
	(58, 'Sebastiana Diniz', 41909314926, 'f', '1323910847', '1999-07-01', 5, 60),
	(59, 'Rui Vitória', 15822962362, 'm', '1788791694', '1986-01-03', 6, 22),
	(60, 'Davi Duarte', 32480074847, 'm', '1368352333', '1991-10-12', 6, 40),
	(61, 'Hugo Lima', 75977834149, 'm', '1685253306', '1994-03-14', 6, 16),
	(62, 'Noah Dias', 27684074095, 'm', '1643590578', '1999-08-22', 3, 7),
	(63, 'Joaquim Teles', 78050222533, 'm', '1837144602', '1982-12-14', 3, 43),
	(64, 'Maria Silveira', 37515118481, 'f', '1242276280', '1995-01-18', 4, 18),
	(65, 'Tomé Mendes', 70744721910, 'm', '1184941212', '1997-07-06', 1, 64),
	(66, 'Fábio Luz', 72926850185, 'm', '1195114110', '1998-10-01', 5, 30),
	(67, 'Paula Veloso', 91731408224, 'f', '1617956389', '1990-04-14', 3, 23),
	(68, 'Manela Buarque', 87463506211, 'f', '1516550753', '1994-12-25', 1, 3),
	(69, 'Renata Dória', 49849339700, 'f', '1610246862', '1981-06-13', 3, 36),
	(70, 'Jorge Gomes', 31670884257, 'm', '1139595785', '1982-02-18', 6, 44),
	(71, 'Jaime Batista', 71879922923, 'm', '1433316283', '1999-12-12', 2, 29),
	(72, 'Marco de Jesus', 41785525244, 'm', '1163727976', '1990-04-10', 7, 43),
	(73, 'Ângela de Souza', 25081133094, 'f', '1553243354', '1983-02-27', 3, 48),
	(74, 'Micaela Da Costa', 41297519616, 'f', '1168968331', '1989-03-11', 4, 57),
	(75, 'Liam Oliveira', 87705101405, 'm', '1350717652', '1993-07-02', 2, 14),
	(76, 'Ivan Franco', 58153753374, 'm', '1107943100', '1985-06-04', 3, 3),
	(77, 'Matheus Monteiro', 87010783689, 'm', '1780435922', '1981-04-12', 5, 29),
	(78, 'William Varela', 35229228127, 'm', '1382564507', '1991-07-01', 4, 33),
	(79, 'Gaspar Rimenez', 59802150024, 'm', '1379208135', '1987-10-15', 4, 48),
	(80, 'Cristiane de Souza', 14304554522, 'f', '1555816280', '1989-05-16', 7, 24),
	(81, 'Luca Da Costa', 37222039268, 'm', '1331493992', '1997-01-22', 1, 9),
	(82, 'Jonathan Oliveira', 43697066510, 'm', '1367240253', '1983-04-12', 4, 30),
	(83, 'Sérgio Franco', 89834041375, 'm', '1456073342', '1998-05-23', 7, 55),
	(84, 'Gil Monteiro', 74650417622, 'm', '1771346055', '1985-09-09', 1, 69),
	(85, 'Ivana Varela', 63886299884, 'f', '1344770611', '1981-11-12', 4, 69),
	(86, 'Brian Rimenez', 79251941413, 'm', '1194344744', '1996-07-23', 1, 70),
	(87, 'Arthur de Souza', 66780092623, 'm', '1878715500', '1989-11-12', 6, 28),
	(88, 'Christian Da Costa', 45181123070, 'm', '1595176963', '1986-02-08', 1, 6),
	(89, 'Vitória Silva', 96659834483, 'f', '1306300780', '1985-07-28', 5, 64),
	(90, 'Yuri Santos', 53398149975, 'm', '1701561036', '1993-12-27', 7, 11),
	(91, 'Fernanda Costa', 43892233803, 'f', '1816493077', '1990-09-15', 2, 63),
	(92, 'Dilan Souza', 37648202391, 'm', '1620828382', '1990-01-17', 4, 4),
	(93, 'Romeu Leal', 92272891542, 'm', '1427256261', '1995-10-25', 6, 57),
	(94, 'Cássia Santanna', 65813891689, 'f', '1243655346', '1998-11-20', 7, 70),
	(95, 'Isac Rêgo', 81713549333, 'm', '1207314888', '1999-04-21', 2, 42),
	(96, 'Emanuela Freitas', 18075470307, 'f', '1136592119', '1999-09-10', 6, 17),
	(97, 'Sandra Leão', 27967468823, 'f', '1638562727', '1995-08-27', 7, 52),
	(98, 'Igor Lopes', 92680406631, 'm', '1259536989', '2000-04-24', 3, 4),
	(99, 'Moisés Pinto', 55664118659, 'm', '1473678792', '1994-05-20', 2, 58),
	(100, 'Mauro Bahia', 24467223674, 'm', '1196875474', '1988-05-20', 7, 67),
	(101, 'César Sá', 64474626770, 'm', '1861308534', '1996-10-20', 6, 54),
	(102, 'Jose Diniz', 47759142684, 'f', '1437529663', '1980-11-03', 6, 60),
	(103, 'Edgar Vitória', 93605690294, 'm', '1170199196', '1986-05-17', 7, 24),
	(104, 'Elisandra Duarte', 84272795907, 'f', '1295139575', '2000-03-03', 7, 57),
	(105, 'Victor Lima', 54425973681, 'm', '1504461292', '1990-06-01', 5, 49),
	(106, 'Joel Dias', 11123196491, 'm', '1642006979', '1991-10-05', 4, 18),
	(107, 'Alexa Teles', 25234508348, 'f', '1852586214', '1992-06-11', 2, 22),
	(108, 'Telma Silveira', 50944548021, 'f', '1607758223', '1984-11-01', 6, 51),
	(109, 'Denise Mendes', 73821989266, 'f', '1208547519', '1997-12-28', 6, 25),
	(110, 'Marcela Luz', 43322376703, 'f', '1367607038', '1997-05-09', 3, 4),
	(111, 'Adrien Veloso', 56342682855, 'm', '1667331903', '1989-11-25', 6, 68),
	(112, 'Álvaro Buarque', 28846194687, 'm', '1116351158', '1987-06-07', 2, 54),
	(113, 'Dylan Dória', 75812563426, 'm', '1860939836', '1984-10-15', 5, 33),
	(114, 'Raúl Gomes', 94266060582, 'm', '1366981069', '1982-12-28', 5, 10),
	(115, 'Muhammad Batista', 74014172734, 'm', '1563917510', '1988-02-17', 5, 55),
	(116, 'Nelson de Jesus', 39741813118, 'm', '1453116259', '1994-05-26', 6, 56),
	(117, 'Dário de Souza', 73005717056, 'm', '1333379851', '1997-10-26', 6, 36),
	(118, 'Oliver Da Costa', 14623919078, 'm', '1251950227', '1984-01-08', 1, 55),
	(119, 'Thiago Oliveira', 26863882708, 'm', '1359485332', '1996-03-15', 2, 50),
	(120, 'Ismaela Franco', 14143790323, 'f', '1594498918', '1992-05-10', 6, 35),
	(121, 'Márcia Monteiro', 83139553138, 'f', '1793816241', '1992-05-03', 6, 55),
	(122, 'Iana Varela', 50154095438, 'f', '1605346571', '1980-11-05', 1, 56),
	(123, 'Lisandra Rimenez', 79547021808, 'm', '1675479619', '1992-06-07', 5, 35),
	(124, 'Erik de Souza', 80535786689, 'm', '1804894259', '1981-06-23', 5, 12),
	(125, 'Cláudio Da Costa', 59259218243, 'm', '1551959389', '1994-05-20', 7, 37),
	(126, 'Heitor Oliveira', 65171378485, 'm', '1535274571', '1982-07-18', 7, 20),
	(127, 'Martinha Franco', 92405608240, 'f', '1669427596', '1985-08-08', 2, 27),
	(128, 'Leo Monteiro', 17535533986, 'm', '1256133250', '1992-07-24', 2, 66),
	(129, 'Jonas Varela', 33288756343, 'm', '1853593406', '1985-09-06', 2, 48),
	(130, 'Wilson Rimenez', 83303115793, 'm', '1175162063', '1998-11-16', 5, 70),
	(131, 'Júlia de Souza', 94986063518, 'f', '1194757897', '1993-04-21', 7, 8),
	(132, 'Caetano Da Costa', 72384210491, 'm', '1530263839', '1987-01-10', 2, 41),
	(133, 'Benjamin Silva', 80734470887, 'm', '1251808671', '1991-06-13', 2, 51),
	(134, 'Adriano Santos', 50697160285, 'm', '1350246883', '2000-02-25', 7, 39),
	(135, 'Raphaela Costa', 44760227866, 'f', '1465191915', '1992-12-26', 5, 53),
	(136, 'Augusto Souza', 71520065808, 'm', '1174729814', '1988-02-08', 4, 52),
	(137, 'Martinha Leal', 29826359261, 'f', '1297201160', '1990-12-08', 2, 54),
	(138, 'Marcos Santanna', 45760605588, 'm', '1261301948', '1996-10-06', 4, 48),
	(139, 'Erica Rêgo', 40083756762, 'f', '1180164601', '1985-11-12', 2, 15),
	(140, 'Flávia Freitas', 25227910686, 'f', '1399807237', '1994-01-06', 2, 33),
	(141, 'Mikael Leão', 48450936523, 'm', '1278957215', '1990-11-25', 7, 45),
	(142, 'Erick Lopes', 84714815602, 'm', '1897860112', '1991-12-19', 7, 32),
	(143, 'Jason Pinto', 81574405695, 'm', '1733637612', '1988-04-09', 3, 52),
	(144, 'James Bahia', 28501194021, 'm', '1283674900', '1996-05-28', 7, 10),
	(145, 'Danilo Sá', 61141521013, 'm', '1677669465', '1998-09-04', 2, 3),
	(146, 'Tália Diniz', 83021908228, 'f', '1444789896', '1981-03-20', 5, 8),
	(147, 'Levi Vitória', 39590104040, 'm', '1670068962', '1989-01-25', 6, 69),
	(148, 'Martha Duarte', 13491330579, 'f', '1865503491', '1985-09-09', 5, 36),
	(149, 'Kelvin Lima', 18779217601, 'm', '1464899413', '1994-09-21', 6, 49),
	(150, 'Nicolas Dias', 64146004655, 'm', '1810753339', '1999-09-12', 4, 15),
	(151, 'Sebastiana Teles', 88028848914, 'f', '1633080898', '1993-10-14', 3, 26),
	(152, 'Cauã Silveira', 95052178698, 'm', '1497398305', '1980-05-02', 5, 66),
	(153, 'Thomas Mendes', 62358672979, 'm', '1391173698', '1982-10-16', 5, 2),
	(154, 'Isaque Luz', 19291362805, 'm', '1779184097', '1982-07-17', 7, 40),
	(155, 'Mikaela Veloso', 74712118480, 'f', '1351547884', '1990-01-09', 7, 70),
	(156, 'Alberto Buarque', 49097098264, 'm', '1488859795', '1996-10-15', 5, 41),
	(157, 'Israel Dória', 15441406336, 'm', '1184704371', '1990-09-18', 5, 31),
	(158, 'Edson Gomes', 44115268473, 'm', '1716305983', '1990-09-11', 3, 67),
	(159, 'Luana Batista', 62703948751, 'f', '1152543763', '1983-08-20', 3, 17),
	(160, 'Lukas de Jesus', 84760588602, 'm', '1163603393', '1982-02-03', 7, 23),
	(161, 'Mark de Souza', 19999383403, 'm', '1184136504', '1991-12-18', 6, 60),
	(162, 'Ruben Da Costa', 57343972420, 'm', '1400752631', '1984-08-27', 6, 16),
	(163, 'Adriele Oliveira', 96831766024, 'f', '1644251104', '1986-01-03', 5, 43),
	(164, 'Jesus Franco', 34808448630, 'm', '1483019557', '1981-03-02', 4, 43),
	(165, 'Dominga Monteiro', 43142750816, 'f', '1349551477', '1991-05-16', 1, 54),
	(166, 'Denzel Varela', 20593093879, 'm', '1551948681', '1983-08-09', 4, 1),
	(167, 'Apolo Rimenez', 54077145095, 'm', '1529347484', '1997-07-14', 7, 53),
	(168, 'Aryane de Souza', 64056004045, 'f', '1477675635', '1993-07-20', 6, 24),
	(169, 'Alana Da Costa', 86171615234, 'f', '1289587455', '1989-08-08', 3, 33),
	(170, 'Nicolau Oliveira', 33832372602, 'm', '1332327670', '1989-07-26', 2, 23),
	(171, 'Alfredo Franco', 96825110446, 'm', '1262046333', '1999-07-26', 3, 44),
	(172, 'Kévim Monteiro', 75669074029, 'm', '1246921425', '1989-02-20', 3, 39),
	(173, 'Axel Varela', 51502250970, 'm', '1223817559', '1984-03-23', 5, 2),
	(174, 'Patríca Rimenez', 71217339679, 'f', '1370688661', '1995-10-04', 5, 7),
	(175, 'Giovania de Souza', 39599217392, 'f', '1372012697', '1994-05-10', 3, 32),
	(176, 'Gerson Da Costa', 72440842521, 'm', '1612194453', '1984-03-12', 5, 18),
	(177, 'Aron Silva', 67905334915, 'm', '1153305101', '1994-12-21', 1, 33),
	(178, 'Luis Santos', 95391313435, 'm', '1841293069', '1996-06-19', 1, 43),
	(179, 'Leonel Costa', 82355052783, 'm', '1854283522', '1984-02-23', 4, 18),
	(180, 'Wesley Souza', 31354309849, 'm', '1181457999', '1998-10-11', 1, 60),
	(181, 'Ariadne Leal', 99544804502, 'f', '1585968042', '1984-08-03', 1, 48),
	(182, 'Roberto Santanna', 16129003541, 'm', '1128864053', '1981-12-28', 6, 21),
	(183, 'Hélder Rêgo', 69067440218, 'm', '1855532841', '1991-12-20', 7, 10),
	(184, 'Vitor Freitas', 68682530038, 'm', '1439635066', '1986-05-15', 1, 11),
	(185, 'Fausta Leão', 60196283278, 'f', '1764736023', '1998-06-04', 3, 17);

-- Copiando estrutura para tabela bancogrupopesquisas.projeto
DROP TABLE IF EXISTS `projeto`;
CREATE TABLE IF NOT EXISTS `projeto` (
  `idprojeto` int(11) NOT NULL AUTO_INCREMENT,
  `titulo` varchar(200) NOT NULL,
  `resumo` text DEFAULT NULL,
  `inicio` date NOT NULL,
  `fim` date DEFAULT NULL,
  `custoestimado` double DEFAULT 0,
  `idareasconhecimento` int(11) NOT NULL,
  `idgrupospesquisa` int(10) unsigned DEFAULT NULL,
  PRIMARY KEY (`idprojeto`,`idareasconhecimento`),
  KEY `fk_projeto_areasconhecimento1_idx` (`idareasconhecimento`),
  CONSTRAINT `fk_projeto_areasconhecimento1` FOREIGN KEY (`idareasconhecimento`) REFERENCES `areasconhecimento` (`idareasconhecimento`) ON DELETE NO ACTION ON UPDATE NO ACTION
) ENGINE=InnoDB AUTO_INCREMENT=20 DEFAULT CHARSET=utf8mb3 COLLATE=utf8mb3_general_ci;

-- Copiando dados para a tabela bancogrupopesquisas.projeto: ~19 rows (aproximadamente)
REPLACE INTO `projeto` (`idprojeto`, `titulo`, `resumo`, `inicio`, `fim`, `custoestimado`, `idareasconhecimento`, `idgrupospesquisa`) VALUES
	(1, 'Abordagens de aprendizado de máquina para identificação de vírus em mosquitos Aedes usando pequenos RNAs', NULL, '2018-06-03', '2021-11-19', 471407, 9, 1),
	(2, 'Algoritmos de distritamento com aplicações para a alocação justa de terras e de assistência médica', NULL, '2019-11-05', '2020-07-07', 668107, 3, 1),
	(3, 'Classificação automática e interpretável do eletrocardiograma de 12 derivações', NULL, '2018-07-01', '2020-09-05', 241306, 37, 1),
	(4, 'Validação da Identificação de Eventos Adversos por Aprendizado de Máquina', NULL, '2019-04-25', '2020-07-08', 702555, 35, 15),
	(5, 'Repensando a classificação automática do câncer de pele com aprendizado não-supervisionado de representação', NULL, '2018-04-06', '2021-08-17', 885260, 37, 8),
	(6, 'Aprendizado de mapeamento molecular para reposicionamento de fármacos', NULL, '2019-06-03', '2021-11-10', 778351, 40, 14),
	(7, 'Deep learning em espectroscopia molecular por saliva', NULL, '2019-01-21', '2020-12-05', 472136, 36, 8),
	(8, 'Problemas de roteamento sob congestionamento', NULL, '2019-11-28', '2021-02-04', 962496, 3, 18),
	(9, 'Ampliação do papel de clusters semânticos entre palavras (CluWords)', NULL, '2019-07-11', '2020-10-09', 617246, 3, 12),
	(10, 'Identificação de convulsões neonatais em EEG', NULL, '2018-12-16', '2021-08-19', 592445, 81, 1),
	(11, 'Validação da Identificação de Eventos Adversos por Aprendizado de Máquina em Situações Reais', NULL, '2018-07-04', '2021-04-16', 972555, 3, 14),
	(12, 'Aprendendo sobre modelos causais com as mídias digitais', NULL, '2019-02-03', '2020-06-27', 330590, 63, 15),
	(13, 'Identificação automática de áreas de reprodução de Aedes aegypti usando visão computacional', NULL, '2019-07-01', NULL, 539664, 42, 1),
	(14, 'Genômica e metagenômica do vírus SARS-CoV-2 na Venezuela. Análise exaustiva dos aspectos genéticos e evolutivos de cepas autóctones', NULL, '2019-06-04', NULL, 819369, 42, 1),
	(15, 'Sistema de Telemedicina baseado em Redes Neurais Convolucionais (CNNs)', NULL, '2018-10-20', NULL, 432068, 36, 14),
	(16, 'Redução da latência de serviço pelo emprego de veículos aéreos não tripulados', NULL, '2019-01-14', NULL, 869854, 34, 25),
	(17, 'Aprendizado de máquina automatizado: recomendação de ferramentas e modelos de processamento de texto', NULL, '2019-05-06', NULL, 962189, 3, 15),
	(18, 'Uso da mineração de dados para analisar fatores de risco clínicos e demográficos de casos graves de Covid-19 na Bahia', NULL, '2019-12-04', NULL, 605050, 81, 14),
	(19, 'Combate a notícias falsas por meio da atribuição de autoria e reconhecimento de padrões', NULL, '2018-01-24', NULL, 421192, 3, 1);

-- Copiando estrutura para tabela bancogrupopesquisas.propriedadeintelectual
DROP TABLE IF EXISTS `propriedadeintelectual`;
CREATE TABLE IF NOT EXISTS `propriedadeintelectual` (
  `propriedadeintelectual` int(11) NOT NULL AUTO_INCREMENT,
  `numeroregistro` varchar(200) DEFAULT NULL,
  `tipo` enum('software','produto','outros') DEFAULT NULL,
  `ano` int(10) unsigned DEFAULT NULL,
  `idprojeto` int(11) NOT NULL,
  PRIMARY KEY (`propriedadeintelectual`,`idprojeto`),
  KEY `fk_propriedadeintelectual_projeto1_idx` (`idprojeto`),
  CONSTRAINT `fk_propriedadeintelectual_projeto1` FOREIGN KEY (`idprojeto`) REFERENCES `projeto` (`idprojeto`) ON DELETE NO ACTION ON UPDATE NO ACTION
) ENGINE=InnoDB AUTO_INCREMENT=97 DEFAULT CHARSET=utf8mb3 COLLATE=utf8mb3_general_ci;

-- Copiando dados para a tabela bancogrupopesquisas.propriedadeintelectual: ~96 rows (aproximadamente)
REPLACE INTO `propriedadeintelectual` (`propriedadeintelectual`, `numeroregistro`, `tipo`, `ano`, `idprojeto`) VALUES
	(1, 'BR102021684971', 'software', 2020, 4),
	(2, 'BR122020362609', 'produto', 2020, 1),
	(3, 'BR102020287493', 'software', 2019, 7),
	(4, 'BR102020242781', 'produto', 2021, 1),
	(5, 'BR102020881927', 'software', 2019, 2),
	(6, 'BR112020982023', 'produto', 2020, 4),
	(7, 'BR122021866638', 'software', 2020, 7),
	(8, 'BR132021813002', 'produto', 2021, 6),
	(9, 'BR132021133142', 'software', 2020, 8),
	(10, 'BR102019759363', 'produto', 2021, 1),
	(11, 'BR112021252560', 'software', 2019, 1),
	(12, 'BR112021659570', 'produto', 2021, 3),
	(13, 'BR122019360882', 'software', 2019, 8),
	(14, 'BR122019274521', 'produto', 2020, 1),
	(15, 'BR132021674494', 'software', 2020, 5),
	(16, 'BR102020673552', 'produto', 2019, 1),
	(17, 'BR112019684563', 'software', 2020, 2),
	(18, 'BR122019830076', 'produto', 2020, 3),
	(19, 'BR132021833004', 'software', 2021, 5),
	(20, 'BR132020550664', 'software', 2020, 7),
	(21, 'BR112020124520', 'software', 2021, 3),
	(22, 'BR132019412078', 'software', 2021, 6),
	(23, 'BR112020715174', 'software', 2019, 7),
	(24, 'BR112019626616', 'software', 2019, 1),
	(25, 'BR122019413269', 'software', 2021, 7),
	(26, 'BR132020222005', 'software', 2019, 6),
	(27, 'BR132021340538', 'software', 2021, 5),
	(28, 'BR132020109408', 'software', 2019, 4),
	(29, 'BR132019244801', 'software', 2019, 8),
	(30, 'BR132021304051', 'software', 2020, 1),
	(31, 'BR122021124788', 'software', 2021, 6),
	(32, 'BR112021916265', 'software', 2019, 6),
	(33, 'BR132021590466', 'software', 2021, 7),
	(34, 'BR122020609679', 'software', 2021, 3),
	(35, 'BR112021908930', 'software', 2019, 5),
	(36, 'BR102019664504', 'software', 2020, 3),
	(37, 'BR122020124742', 'software', 2021, 7),
	(38, 'BR122020665797', 'software', 2019, 1),
	(39, 'BR132019544984', 'software', 2020, 2),
	(40, 'BR112020645785', 'software', 2019, 5),
	(41, 'BR112020741542', 'software', 2021, 3),
	(42, 'BR102019257968', 'software', 2021, 4),
	(43, 'BR122021939120', 'software', 2020, 8),
	(44, 'BR122019252017', 'software', 2020, 4),
	(45, 'BR122019768640', 'software', 2021, 4),
	(46, 'BR132020694931', 'software', 2021, 7),
	(47, 'BR102019147892', 'software', 2020, 2),
	(48, 'BR102021561968', 'software', 2020, 8),
	(49, 'BR102021620080', 'software', 2019, 6),
	(50, 'BR112021306271', 'software', 2020, 1),
	(51, 'BR122019348585', 'software', 2019, 3),
	(52, 'BR112021556930', 'software', 2020, 3),
	(53, 'BR122020255912', 'software', 2021, 4),
	(54, 'BR102019721063', 'software', 2020, 1),
	(55, 'BR112020738097', 'software', 2021, 8),
	(56, 'BR112019399220', 'software', 2019, 8),
	(57, 'BR122019657926', 'software', 2021, 7),
	(58, 'BR112021469393', 'software', 2019, 6),
	(59, 'BR102021918323', 'software', 2019, 4),
	(60, 'BR112020263408', 'software', 2019, 5),
	(61, 'BR112019702889', 'software', 2021, 8),
	(62, 'BR132019535589', 'software', 2021, 2),
	(63, 'BR132019474746', 'software', 2021, 3),
	(64, 'BR132019875994', 'software', 2021, 2),
	(65, 'BR122020394045', 'software', 2020, 6),
	(66, 'BR122020695941', 'software', 2020, 7),
	(67, 'BR102019890727', 'software', 2021, 4),
	(68, 'BR122021145289', 'software', 2020, 2),
	(69, 'BR122020485399', 'software', 2020, 8),
	(70, 'BR132019517685', 'software', 2019, 2),
	(71, 'BR112021930626', 'software', 2021, 1),
	(72, 'BR112021655686', 'software', 2020, 4),
	(73, 'BR122019317601', 'software', 2021, 2),
	(74, 'BR122019353393', 'software', 2020, 4),
	(75, 'BR112019703935', 'software', 2020, 8),
	(76, 'BR122020976907', 'software', 2020, 8),
	(77, 'BR132021701838', 'software', 2021, 5),
	(78, 'BR122020543500', 'software', 2020, 1),
	(79, 'BR102020211278', 'software', 2019, 2),
	(80, 'BR102020392282', 'software', 2019, 5),
	(81, 'BR122020229498', 'software', 2021, 7),
	(82, 'BR112021446209', 'software', 2020, 5),
	(83, 'BR112021861266', 'software', 2019, 4),
	(84, 'BR122019186616', 'software', 2021, 4),
	(85, 'BR102021335854', 'software', 2020, 7),
	(86, 'BR112019374133', 'software', 2020, 5),
	(87, 'BR102020178931', 'software', 2020, 1),
	(88, 'BR122021190147', 'software', 2021, 8),
	(89, 'BR112019600713', 'software', 2019, 3),
	(90, 'BR132021976164', 'software', 2021, 5),
	(91, 'BR122021607275', 'software', 2020, 7),
	(92, 'BR102019959831', 'software', 2020, 2),
	(93, 'BR122021701624', 'software', 2020, 8),
	(94, 'BR112019380320', 'software', 2020, 4),
	(95, 'BR122021958654', 'software', 2019, 3),
	(96, 'BR122020891140', 'software', 2019, 4);

-- Copiando estrutura para tabela bancogrupopesquisas.publicacao
DROP TABLE IF EXISTS `publicacao`;
CREATE TABLE IF NOT EXISTS `publicacao` (
  `idpublicacao` int(11) NOT NULL AUTO_INCREMENT,
  `ISBN` varchar(50) DEFAULT NULL,
  `veiculo` enum('Revista','Eventos','Cap de Livro','Livro') DEFAULT NULL,
  `ano` int(10) unsigned DEFAULT NULL,
  `idprojeto` int(11) NOT NULL,
  PRIMARY KEY (`idpublicacao`,`idprojeto`),
  KEY `fk_publicacao_projeto1_idx` (`idprojeto`),
  CONSTRAINT `fk_publicacao_projeto1` FOREIGN KEY (`idprojeto`) REFERENCES `projeto` (`idprojeto`) ON DELETE NO ACTION ON UPDATE NO ACTION
) ENGINE=InnoDB AUTO_INCREMENT=154 DEFAULT CHARSET=utf8mb3 COLLATE=utf8mb3_general_ci;

-- Copiando dados para a tabela bancogrupopesquisas.publicacao: ~153 rows (aproximadamente)
REPLACE INTO `publicacao` (`idpublicacao`, `ISBN`, `veiculo`, `ano`, `idprojeto`) VALUES
	(1, '818-54-407-4260-5', 'Revista', 2019, 7),
	(2, '924-71-392-2346-1', 'Eventos', 2018, 1),
	(3, '901-72-325-6213-9', 'Cap de Livro', 2019, 11),
	(4, '850-79-478-4992-4', 'Revista', 2017, 1),
	(5, '804-55-414-4432-4', 'Eventos', 2019, 1),
	(6, '932-23-306-1437-1', 'Cap de Livro', 2021, 1),
	(7, '897-30-445-6363-2', 'Revista', 2018, 8),
	(8, '923-42-312-5725-0', 'Eventos', 2020, 8),
	(9, '943-13-376-306-0', 'Cap de Livro', 2018, 12),
	(10, '838-21-334-3604-4', 'Revista', 2020, 1),
	(11, '937-91-306-3206-0', 'Eventos', 2019, 1),
	(12, '907-1-486-4145-5', 'Cap de Livro', 2021, 14),
	(13, '816-49-367-1581-3', 'Revista', 2019, 10),
	(14, '803-70-392-2172-6', 'Eventos', 2021, 11),
	(15, '806-76-351-163-2', 'Cap de Livro', 2020, 2),
	(16, '929-35-332-1276-4', 'Revista', 2019, 12),
	(17, '957-19-485-4899-7', 'Eventos', 2017, 6),
	(18, '946-3-401-3065-0', 'Cap de Livro', 2018, 4),
	(19, '817-39-409-4450-4', 'Revista', 2021, 10),
	(20, '888-2-479-1354-7', 'Eventos', 2018, 12),
	(21, '804-12-447-2931-7', 'Cap de Livro', 2020, 16),
	(22, '802-60-482-3945-6', 'Revista', 2020, 6),
	(23, '841-51-400-1300-2', 'Eventos', 2021, 12),
	(24, '985-87-380-4487-7', 'Cap de Livro', 2019, 12),
	(25, '803-75-402-5345-1', 'Revista', 2021, 7),
	(26, '834-47-452-1213-6', 'Eventos', 2017, 14),
	(27, '819-42-387-2149-8', 'Cap de Livro', 2019, 6),
	(28, '827-42-399-3668-3', 'Revista', 2020, 14),
	(29, '946-44-313-1580-4', 'Eventos', 2020, 14),
	(30, '889-46-363-5415-8', 'Cap de Livro', 2019, 15),
	(31, '880-8-395-1414-5', 'Revista', 2017, 2),
	(32, '845-77-493-4155-2', 'Eventos', 2019, 6),
	(33, '987-42-451-5651-6', 'Cap de Livro', 2018, 1),
	(34, '806-71-366-14-2', 'Revista', 2019, 10),
	(35, '863-20-313-63-4', 'Eventos', 2021, 10),
	(36, '823-67-331-3553-4', 'Cap de Livro', 2020, 2),
	(37, '961-38-424-3992-8', 'Revista', 2020, 16),
	(38, '801-58-477-4923-2', 'Eventos', 2019, 2),
	(39, '981-56-461-4853-6', 'Cap de Livro', 2021, 6),
	(40, '844-25-352-2212-7', 'Revista', 2020, 7),
	(41, '958-68-484-669-4', 'Eventos', 2017, 3),
	(42, '993-15-488-6134-7', 'Cap de Livro', 2020, 2),
	(43, '912-93-437-5928-8', 'Revista', 2020, 5),
	(44, '830-62-416-209-3', 'Eventos', 2021, 9),
	(45, '998-35-317-4253-1', 'Cap de Livro', 2020, 15),
	(46, '947-32-302-3125-8', 'Revista', 2017, 16),
	(47, '851-29-450-3003-4', 'Eventos', 2020, 9),
	(48, '924-53-309-6543-2', 'Cap de Livro', 2019, 7),
	(49, '954-40-339-65-2', 'Revista', 2021, 9),
	(50, '817-72-411-441-6', 'Eventos', 2020, 3),
	(51, '956-51-356-5769-5', 'Cap de Livro', 2018, 14),
	(52, '974-21-455-4068-9', 'Revista', 2020, 1),
	(53, '959-54-455-4969-0', 'Eventos', 2018, 14),
	(54, '845-9-493-5507-7', 'Cap de Livro', 2017, 12),
	(55, '933-56-352-2883-2', 'Revista', 2018, 4),
	(56, '982-85-487-5939-1', 'Eventos', 2021, 13),
	(57, '886-80-447-2130-2', 'Cap de Livro', 2021, 14),
	(58, '936-49-499-5802-3', 'Revista', 2020, 2),
	(59, '816-58-447-1259-7', 'Eventos', 2020, 11),
	(60, '934-47-360-1666-5', 'Cap de Livro', 2017, 10),
	(61, '835-75-399-5291-5', 'Revista', 2021, 4),
	(62, '944-77-486-6137-9', 'Eventos', 2020, 14),
	(63, '908-15-401-2291-3', 'Cap de Livro', 2021, 3),
	(64, '991-32-486-1234-9', 'Revista', 2021, 5),
	(65, '902-29-338-118-5', 'Eventos', 2021, 1),
	(66, '996-75-478-5194-6', 'Cap de Livro', 2017, 12),
	(67, '918-11-412-4183-3', 'Revista', 2017, 10),
	(68, '851-49-408-1164-5', 'Eventos', 2019, 5),
	(69, '898-9-319-4258-3', 'Cap de Livro', 2019, 15),
	(70, '901-25-327-3142-2', 'Revista', 2020, 8),
	(71, '961-1-360-6487-1', 'Eventos', 2018, 8),
	(72, '879-68-303-3483-8', 'Cap de Livro', 2018, 7),
	(73, '956-25-369-4010-4', 'Revista', 2021, 3),
	(74, '981-84-343-3422-3', 'Eventos', 2021, 4),
	(75, '856-53-472-4208-7', 'Cap de Livro', 2020, 12),
	(76, '896-38-386-2241-3', 'Revista', 2017, 9),
	(77, '823-95-317-4984-1', 'Eventos', 2021, 7),
	(78, '952-90-445-733-8', 'Cap de Livro', 2020, 9),
	(79, '972-80-305-6606-5', 'Revista', 2017, 11),
	(80, '987-77-454-1557-8', 'Eventos', 2019, 14),
	(81, '808-88-475-1505-4', 'Cap de Livro', 2019, 2),
	(82, '940-17-457-228-1', 'Revista', 2020, 4),
	(83, '981-59-451-5256-7', 'Eventos', 2019, 1),
	(84, '930-61-435-574-4', 'Cap de Livro', 2017, 2),
	(85, '908-24-370-1473-3', 'Revista', 2017, 8),
	(86, '933-29-393-5290-5', 'Eventos', 2018, 14),
	(87, '801-39-486-4718-2', 'Cap de Livro', 2020, 9),
	(88, '996-44-471-2123-1', 'Revista', 2017, 10),
	(89, '952-16-358-1997-6', 'Eventos', 2018, 7),
	(90, '838-52-300-3321-6', 'Cap de Livro', 2017, 4),
	(91, '982-24-455-6481-7', 'Revista', 2017, 13),
	(92, '861-69-360-1350-3', 'Eventos', 2017, 2),
	(93, '970-61-487-6271-2', 'Cap de Livro', 2017, 14),
	(94, '805-2-354-4192-9', 'Revista', 2018, 12),
	(95, '832-69-367-1058-3', 'Eventos', 2017, 5),
	(96, '920-68-379-663-1', 'Cap de Livro', 2017, 3),
	(97, '901-65-436-5933-8', 'Revista', 2021, 14),
	(98, '916-6-464-3101-2', 'Eventos', 2020, 13),
	(99, '807-5-352-3058-5', 'Cap de Livro', 2017, 8),
	(100, '921-30-336-872-0', 'Revista', 2021, 2),
	(101, '864-36-324-4241-4', 'Eventos', 2017, 1),
	(102, '895-18-308-1487-4', 'Cap de Livro', 2018, 13),
	(103, '828-13-442-1867-2', 'Revista', 2021, 8),
	(104, '865-68-388-4880-0', 'Eventos', 2017, 11),
	(105, '938-16-433-992-0', 'Cap de Livro', 2017, 12),
	(106, '819-80-482-1095-5', 'Revista', 2018, 6),
	(107, '856-13-333-6498-3', 'Eventos', 2019, 9),
	(108, '996-2-434-4541-2', 'Cap de Livro', 2018, 16),
	(109, '929-52-385-5377-1', 'Revista', 2019, 13),
	(110, '980-54-475-5654-9', 'Eventos', 2017, 13),
	(111, '983-49-407-1868-0', 'Cap de Livro', 2018, 14),
	(112, '972-15-449-4958-5', 'Revista', 2020, 14),
	(113, '966-36-420-6750-5', 'Eventos', 2018, 3),
	(114, '994-7-349-5902-0', 'Cap de Livro', 2021, 14),
	(115, '992-47-461-5510-9', 'Revista', 2019, 15),
	(116, '834-25-371-1428-8', 'Eventos', 2021, 14),
	(117, '945-45-399-2006-6', 'Cap de Livro', 2020, 7),
	(118, '866-30-473-1200-9', 'Revista', 2020, 7),
	(119, '903-84-496-6718-8', 'Eventos', 2019, 1),
	(120, '916-74-459-3079-4', 'Cap de Livro', 2019, 2),
	(121, '874-95-349-3467-6', 'Revista', 2020, 8),
	(122, '930-4-427-2426-0', 'Eventos', 2018, 6),
	(123, '907-27-400-2380-7', 'Cap de Livro', 2017, 1),
	(124, '931-4-369-1736-7', 'Revista', 2019, 13),
	(125, '999-62-400-5931-1', 'Eventos', 2019, 1),
	(126, '982-31-357-4977-7', 'Cap de Livro', 2019, 5),
	(127, '861-70-459-5135-7', 'Revista', 2021, 16),
	(128, '898-81-326-6953-8', 'Eventos', 2020, 6),
	(129, '923-32-445-5561-8', 'Cap de Livro', 2019, 7),
	(130, '951-23-391-5066-6', 'Revista', 2019, 9),
	(131, '950-1-401-409-4', 'Eventos', 2018, 16),
	(132, '862-8-303-3442-6', 'Cap de Livro', 2019, 12),
	(133, '988-7-310-4474-4', 'Revista', 2020, 14),
	(134, '884-40-395-4218-1', 'Eventos', 2019, 11),
	(135, '915-75-305-4487-3', 'Cap de Livro', 2017, 14),
	(136, '842-11-307-3420-5', 'Revista', 2017, 5),
	(137, '881-33-461-447-2', 'Eventos', 2019, 15),
	(138, '809-84-453-4157-1', 'Cap de Livro', 2020, 8),
	(139, '990-87-318-1026-3', 'Revista', 2019, 9),
	(140, '823-68-301-909-0', 'Eventos', 2021, 9),
	(141, '961-58-308-1695-5', 'Cap de Livro', 2020, 9),
	(142, '829-85-310-842-3', 'Revista', 2018, 16),
	(143, '912-13-308-1716-5', 'Eventos', 2020, 10),
	(144, '859-59-425-2928-8', 'Cap de Livro', 2019, 7),
	(145, '929-91-332-1793-4', 'Revista', 2021, 6),
	(146, '949-66-340-2591-7', 'Eventos', 2018, 13),
	(147, '889-49-337-4453-1', 'Cap de Livro', 2021, 12),
	(148, '828-15-465-4627-1', 'Revista', 2019, 4),
	(149, '995-39-396-6305-5', 'Eventos', 2021, 11),
	(150, '810-93-305-5810-0', 'Cap de Livro', 2017, 1),
	(151, '808-13-470-6324-8', 'Revista', 2020, 8),
	(152, '929-87-378-2576-3', 'Eventos', 2020, 2),
	(153, '945-17-467-3253-8', 'Cap de Livro', 2017, 2);

-- Copiando estrutura para tabela bancogrupopesquisas.subareas
DROP TABLE IF EXISTS `subareas`;
CREATE TABLE IF NOT EXISTS `subareas` (
  `idsubareas` int(11) NOT NULL AUTO_INCREMENT,
  `codigo` varchar(45) DEFAULT NULL,
  `descricao_subarea` varchar(200) DEFAULT NULL,
  `idareasconhecimento` int(11) NOT NULL,
  PRIMARY KEY (`idsubareas`,`idareasconhecimento`) USING BTREE,
  KEY `fk_subareas_areasconhecimento1_idx` (`idareasconhecimento`) USING BTREE,
  CONSTRAINT `fk_subareas_areasconhecimento1` FOREIGN KEY (`idareasconhecimento`) REFERENCES `areasconhecimento` (`idareasconhecimento`) ON DELETE NO ACTION ON UPDATE NO ACTION
) ENGINE=InnoDB AUTO_INCREMENT=1363 DEFAULT CHARSET=utf8mb3 COLLATE=utf8mb3_general_ci;

-- Copiando dados para a tabela bancogrupopesquisas.subareas: ~1.080 rows (aproximadamente)
REPLACE INTO `subareas` (`idsubareas`, `codigo`, `descricao_subarea`, `idareasconhecimento`) VALUES
	(1, '10101004', 'ALGEBRA', 1),
	(2, '10101012', 'CONJUNTOS', 1),
	(3, '10101020', 'LÓGICA MATEMÁTICA', 1),
	(4, '10101039', 'TEORIA DOS NÚMEROS', 1),
	(5, '10101047', 'GRUPO DE ÁLGEBRA NÃO-COMUTATIVA', 1),
	(6, '10101055', 'ÁLGEBRA COMUTATIVA', 1),
	(7, '10101063', 'GEOMETRIA ALGÉBRICA', 1),
	(8, '10102000', 'ANÁLISE', 1),
	(9, '10102019', 'ANÁLISE COMPLEXA', 1),
	(10, '10102027', 'ANÁLISE FUNCIONAL', 1),
	(11, '10102035', 'ANÁLISE FUNCIONAL NÃO-LINEAR', 1),
	(12, '10102043', 'EQUAÇÕES DIFERENCIAIS ORDINÁRIAS', 1),
	(13, '10102051', 'EQUAÇÕES DIFERENCIAIS PARCIAIS', 1),
	(14, '10102060', 'EQUAÇÕES DIFERENCIAIS FUNCIONAIS', 1),
	(15, '10103007', 'GEOMETRIA E TOPOLOGIA', 1),
	(16, '10103015', 'GEOMETRIA DIFERÊNCIAL', 1),
	(17, '10103023', 'TOPOLOGIA ALGÉBRICA', 1),
	(18, '10103031', 'TOPOLOGIA DAS VARIEDADES', 1),
	(19, '10103040', 'SISTEMAS DINÂMICOS', 1),
	(20, '10103058', 'TEORIA DAS SINGULARIDADES E TEORIA DAS CATÁSTROFES', 1),
	(21, '10103066', 'TEORIA DAS FOLHEAÇÕES', 1),
	(22, '10104003', 'MATEMÁTICA APLICADA', 1),
	(23, '10104011', 'FÍSICA MATEMÁTICA', 1),
	(24, '10104020', 'ANÁLISE NUMÉRICA', 1),
	(25, '10104038', 'MATEMÁTICA DISCRETA E COMBINATÓRIA', 1),
	(26, '10201017', 'TEORIA GERAL E FUNDAMENTOS DA PROBABILIDADE', 2),
	(27, '10201025', 'TEORIA GERAL E PROCESSOS ESTOCÁSTICOS', 2),
	(28, '10201033', 'TEOREMAS DE LIMITE', 2),
	(29, '10201041', 'PROCESSOS MARKOVIANOS', 2),
	(30, '10201050', 'ANÁLISE ESTOCÁSTICA', 2),
	(31, '10201068', 'PROCESSOS ESTOCÁSTICOS ESPECIAIS', 2),
	(32, '10202005', 'ESTATÍSTICA', 2),
	(33, '10202013', 'FUNDAMENTOS DA ESTATÍSTICA', 2),
	(34, '10202021', 'INFERÊNCIA PARAMÉTRICA', 2),
	(35, '10202030', 'INFERÊNCIA NÃO-PARAMÉTRICA', 2),
	(36, '10202048', 'INFERÊNCIA EM PROCESSOS ESTOCÁSTICOS', 2),
	(37, '10202056', 'ANÁLISE MULTIVARIADA', 2),
	(38, '10202064', 'REGRESSÃO E CORRELAÇÃO', 2),
	(39, '10202072', 'PLANEJAMENTO DE EXPERIMENTOS', 2),
	(40, '10202080', 'ANÁLISE DE DADOS', 2),
	(41, '10203001', 'PROBABILIDADE E ESTATÍSTICA APLICADAS', 2),
	(42, '10301003', 'TEORIA DA COMPUTAÇÃO', 3),
	(43, '10301011', 'COMPUTABILIDADE E MODELOS DE COMPUTAÇÃO', 3),
	(44, '10301020', 'LINGUAGEM FORMAIS E AUTÔMATOS', 3),
	(45, '10301038', 'ANÁLISE DE ALGORÍTMOS E COMPLEXIDADE DE COMPUTAÇÃO', 3),
	(46, '10301046', 'LÓGICAS E SEMÂNTICA DE PROGRAMAS', 3),
	(47, '10302000', 'MATEMÁTICA DA COMPUTAÇÃO', 3),
	(48, '10302018', 'MATEMÁTICA SIMBÓLICA', 3),
	(49, '10302026', 'MODELOS ANALÍTICOS E DE SIMULAÇÃO', 3),
	(50, '10303006', 'METODOLOGIA E TÉCNICAS DA COMPUTAÇÃO', 3),
	(51, '10303014', 'LINGUAGENS DE PROGRAMAÇÃO', 3),
	(52, '10303022', 'ENGENHARIA DE SOFTWARE', 3),
	(53, '10303030', 'BANCO DE DADOS', 3),
	(54, '10303049', 'SISTEMAS DE INFORMAÇÃO', 3),
	(55, '10303057', 'PROCESSAMENTO GRÁFICO (GRAPHICS)', 3),
	(56, '10304002', 'SISTEMA DE COMPUTAÇÃO', 3),
	(57, '10304010', 'HARDWARE', 3),
	(58, '10304029', 'ARQUITETURA DE SISTEMAS DE COMPUTAÇÃO', 3),
	(59, '10304037', 'SOFTWARE BÁSICO', 3),
	(60, '10304045', 'TELEINFORMÁTICA', 3),
	(61, '10401008', 'ASTRONOMIA DE POSIÇÃO E MECÂNICA CELESTE', 4),
	(62, '10401016', 'ASTRONOMIA FUNDAMENTAL', 4),
	(63, '10401024', 'ASTRONOMIA DINÂMICA', 4),
	(64, '10402004', 'ASTROFÍSICA ESTELAR', 4),
	(65, '10403000', 'ASTROFÍSICA DO MEIO INTERESTELAR', 4),
	(66, '10403019', 'MEIO INTERESTELAR', 4),
	(67, '10403027', 'NEBULOSA', 4),
	(68, '10404007', 'ASTROFÍSICA EXTRAGALÁTICA', 4),
	(69, '10404015', 'GALÁXIAS', 4),
	(70, '10404023', 'AGLOMERADOS DE GALÁXIAS', 4),
	(71, '10404031', 'QUASARES', 4),
	(72, '10404040', 'COSMOLOGIA', 4),
	(73, '10405003', 'ASTROFÍSICA DO SISTEMA SOLAR', 4),
	(74, '10405011', 'FÍSICA SOLAR', 4),
	(75, '10405020', 'MOVIMENTO DA TERRA', 4),
	(76, '10405038', 'SISTEMA PLANETÁRIO', 4),
	(77, '10406000', 'INSTRUMENTAÇÃO ASTRONÔMICA', 4),
	(78, '10406018', 'ASTRONOMIA ÓTICA', 4),
	(79, '10406026', 'RADIOASTRONOMIA', 4),
	(80, '10406034', 'ASTRONOMIA ESPACIAL', 4),
	(81, '10406042', 'PROCESSAMENTO DE DADOS ASTRONÔMICOS', 4),
	(82, '10501002', 'FÍSICA GERAL', 6),
	(83, '10501010', 'MÉTODOS MATEMÁTICOS DA FÍSICA', 6),
	(84, '10501029', 'FÍSICA CLÁSSICA E FÍSICA QUÂNTICA; MECÂNICA E CAMPOS', 6),
	(85, '10501037', 'RELATIVIDADE E GRAVITAÇÃO', 6),
	(86, '10501045', 'FÍSICA ESTATÍSTICA E TERMODINÂMICA', 6),
	(87, '10501053', 'METROLOGIA, TECN. GER. DE LAB. E SIST. DE INSTRUMENTAÇÃO', 6),
	(88, '10501061', 'INSTRUMENTAÇÃO ESPECÍFICA DE USO GERAL EM FÍSICA', 6),
	(89, '10502009', 'ÁREAS CLÁSSICAS DE FENOMENOLOGIA E SUAS APLICAÇÕES', 6),
	(90, '10502017', 'ELETRICIDADE E MAGNETISMO; CAMPOS E PARTÍCULAS CARREGADAS', 6),
	(91, '10502025', 'ÓTICA', 6),
	(92, '10502033', 'ACÚSTICA', 6),
	(93, '10502041', 'TRANSFERÊNCIA DE CALOR; PROCESSOS TÉRMICOS E TERMODINÂMICOS', 6),
	(94, '10502050', 'MECÂNICA, ELASTICIDADE E REOLOGIA', 6),
	(95, '10502068', 'DINÂMICA DOS FLUIDOS', 6),
	(96, '10503005', 'FÍSICA DAS PARTÍCULAS ELEMENTARES E CAMPOS', 6),
	(97, '10503013', 'TEORIA GERAL DE PARTÍCULAS E CAMPOS', 6),
	(98, '10503021', 'TEOR.ESP.E MOD.DE INTERAÇÃO; SIST.DE PARTÍCULAS; R.CÓSMICOS', 6),
	(99, '10503030', 'REAÇÕES ESPECÍFICAS E FENOMIOLOGIA DE PARTÍCULAS', 6),
	(100, '10503048', 'PROPRIEDADES DE PARTÍCULAS ESPECÍFICAS E RESSONÂNCIAS', 6),
	(101, '10504001', 'FÍSICA NUCLEAR', 6),
	(102, '10504010', 'ESTRUTURA NUCLEAR', 6),
	(103, '10504028', 'DESINTEGRAÇÃO NUCLEAR E RADIOATIVIDADE', 6),
	(104, '10504036', 'REAÇÕES NUCLEARES E ESPALHAMENTO GERAL', 6),
	(105, '10504044', 'REAÇÕES NUCLEARES E ESPALHAMENTO (REAÇÕES ESPECÍFICAS)', 6),
	(106, '10504052', 'PROPRIEDADES DE NÚCLEOS ESPECÍFICOS', 6),
	(107, '10504060', 'MET.EXPER.E INSTRUMENT.PARA PART.ELEMENT.E FÍSICA NUCLEAR', 6),
	(108, '10505008', 'FÍSICA ATÔMICA E MOLECULAR', 6),
	(109, '10505016', 'ESTRUTURA ELETRÔNICA DE ÁTOMOS E MOLÉCULAS; TEORIA', 6),
	(110, '10505024', 'ESPECTROS ATÔMICOS E INTEGRAÇÃO DE FÓTONS', 6),
	(111, '10505032', 'ESPECTROS MOLECUL. E INTERAÇÕES DE FÓTONS COM MOLÉCULAS', 6),
	(112, '10505040', 'PROCESSOS DE COLISÃO E INTERAÇÕES DE ÁTOMOS E MOLÉCULAS', 6),
	(113, '10505059', 'INF.SOB.ATOM.E MOL.OBIT.EXPERIMENTALMENTE; INST.E TÉCNICAS', 6),
	(114, '10505067', 'ESTUDOS DE ÁTOMOS E MOLÉCULAS ESPECIAIS', 6),
	(115, '10506004', 'FÍSICA DOS FLÚIDOS, FÍSICA DE PLASMAS E DESCARGAS ELÉTRICAS', 6),
	(116, '10506012', 'CINÉTICA E TEOR.DE TRANSP.DE FLÚIDOS; PROPRIED.FIS.DE GASES', 6),
	(117, '10506020', 'FÍSICA DE PLASMAS E DESCARGAS ELÉTRICAS', 6),
	(118, '10507000', 'FÍSICA DA MATÉRIA CONDENSADA', 6),
	(119, '10507019', 'ESTRUTURA DE LÍQUIDOS E SÓLIDOS; CRISTALOGRAFIA', 6),
	(120, '10507027', 'PROPRIEDADES MECÂNICAS E ACÚSTICAS DA MATÉRIA CONDENSADA', 6),
	(121, '10507035', 'DINÂMICA DA REDE E ESTATÍSTICA DE CRISTAIS', 6),
	(122, '10507043', 'EQUAÇÃO DE ESTADO, EQUILIB. DE FASES E TRANSIÇÕES DE FASES', 6),
	(123, '10507051', 'PROPRIEDADES TÉRMICAS DA MATÉRIA CONDENSADA', 6),
	(124, '10507060', 'PROPRIEDADES DE TRANSP.DE MATÉRIA COND. (NÃO ELETRÔNICAS)', 6),
	(125, '10507078', 'CAMPOS QUÂNTICOS E SÓLIDOS, HÉLIO, LÍQUIDO, SÓLIDO', 6),
	(126, '10507086', 'SUPERFÍCIES E INTERFACES; PELÍCULAS E FILAMENTOS', 6),
	(127, '10507094', 'ESTADOS ELETRÔNICOS', 6),
	(128, '10507108', 'TRANSP.ELETR.E PROPR.ELET.DE SUPERFÍCIES; INTERF.E PELÍCULAS', 6),
	(129, '10507116', 'ESTRUT.ELETR.E PROPR.ELET.DE SUPERFÍCIES; INTERF.E PELÍCULAS', 6),
	(130, '10507124', 'SUPERCONDUTIVIDADE', 6),
	(131, '10507132', 'MATERIAIS MAGNÉTICOS E PROPRIEDADES MAGNÉTICAS', 6),
	(132, '10507140', 'RESS.MAGN. REL.MAT.COND.; EFEIT.MOSBAUER; CORR.ANG.PERTUBADA', 6),
	(133, '10507159', 'MATERIAIS DIELÉTRICOS E PROPRIEDADES DIELÉTRICAS', 6),
	(134, '10507167', 'PROP.OTIC.E ESPEC.MATR.COND.; OUTRAS INTER.MAT.COM RAD.PART.', 6),
	(135, '10507175', 'EMISSÃO ELETRON.E IÔNICA POR LIQ.E SÓLIDOS; FENOM.DE IMPACTO', 6),
	(136, '10601007', 'QUÍMICA ORGÂNICA', 7),
	(137, '10601015', 'ESTRUTURA, CONFORMAÇÃO E ESTEREOQUÍMICA', 7),
	(138, '10601023', 'SÍNTESE ORGÂNICA', 7),
	(139, '10601031', 'FÍSICO-QUÍMICA ORGÂNICA', 7),
	(140, '10601040', 'FOTOQUÍMICA ORGÂNICA', 7),
	(141, '10601058', 'QUÍMICA DOS PRODUTOS NATURAIS', 7),
	(142, '10601066', 'EVOLUÇÃO, SISTEMÁTICA E ECOLOGIA QUÍMICA', 7),
	(143, '10601074', 'POLÍMEROS E COLÓIDES', 7),
	(144, '10602003', 'QUÍMICA INORGÂNICA', 7),
	(145, '10602011', 'CAMPOS DE COORDENAÇÃO', 7),
	(146, '10602020', 'NÃO-METAIS E SEUS COMPOSTOS', 7),
	(147, '10602038', 'COMPOSTOS ORGANO-METÁLICOS', 7),
	(148, '10602046', 'DETERMINAÇÃO DE ESTRUTURAS DE COMPOSTOS INORGÂNICOS', 7),
	(149, '10602054', 'FOTO-QUÍMICA INORGÂNICA', 7),
	(150, '10602062', 'FÍSICO QUÍMICA INORGÂNICA', 7),
	(151, '10602070', 'QUÍMICA BIO-INORGÂNICA', 7),
	(152, '10603000', 'FÍSICO-QUÍMICA', 7),
	(153, '10603018', 'CINÉTICA QUÍMICA E CATALISE', 7),
	(154, '10603026', 'ELETROQUÍMICA', 7),
	(155, '10603034', 'ESPECTROSCOPIA', 7),
	(156, '10603042', 'QUÍMICA DE INTERFACES', 7),
	(157, '10603050', 'QUÍMICA DO ESTADO CONDENSADO', 7),
	(158, '10603069', 'QUÍMICA NÚCLEAR E RADIOQUÍMICA', 7),
	(159, '10603077', 'QUÍMICA TEÓRICA', 7),
	(160, '10603085', 'TERMODINÂMICA QUÍMICA', 7),
	(161, '10604006', 'QUÍMICA ANALÍTICA', 7),
	(162, '10604014', 'SEPARAÇÃO', 7),
	(163, '10604022', 'MÉTODOS ÓTICOS DE ANÁLISE', 7),
	(164, '10604030', 'ELETROANALÍTICA', 7),
	(165, '10604049', 'GRAVIMETRIA', 7),
	(166, '10604057', 'TITIMETRIA', 7),
	(167, '10604065', 'INSTRUMENTAÇÃO ANALÍTICA', 7),
	(168, '10604073', 'ANÁLISE DE TRAÇOS E QUÍMICA AMBIENTAL', 7),
	(169, '10701001', 'GEOLOGIA', 8),
	(170, '10701010', 'MINERALOGIA', 8),
	(171, '10701028', 'PETROLOGIA', 8),
	(172, '10701036', 'GEOQUÍMICA', 8),
	(173, '10701044', 'GEOLOGIA REGIONAL', 8),
	(174, '10701052', 'GEOTECTÔNICA', 8),
	(175, '10701060', 'GEOCRONOLOGIA', 8),
	(176, '10701079', 'CARTOGRAFIA GEOLÓGICA', 8),
	(177, '10701087', 'METALOGENIA', 8),
	(178, '10701095', 'HIDROGEOLOGIA', 8),
	(179, '10701109', 'PROSPECÇÃO MINERAL', 8),
	(180, '10701117', 'SEDIMENTOLOGIA', 8),
	(181, '10701125', 'PALEONTOLOGIA ESTRATIGRÁFICA', 8),
	(182, '10701133', 'ESTRATIGRAFIA', 8),
	(183, '10701141', 'GEOLOGIA AMBIENTAL', 8),
	(184, '10702008', 'GEOFÍSICA', 8),
	(185, '10702016', 'GEOMAGNETISMO', 8),
	(186, '10702024', 'SISMOLOGIA', 8),
	(187, '10702032', 'GEOTERMIA E FLUXO TÉRMICO', 8),
	(188, '10702040', 'PROPRIEDADES FÍSICAS DAS ROCHAS', 8),
	(189, '10702059', 'GEOFÍSICA NUCLEAR', 8),
	(190, '10702067', 'SENSORIAMENTO REMOTO', 8),
	(191, '10702075', 'AERONOMIA', 8),
	(192, '10702083', 'DESENVOLVIMENTO DE INSTRUMENTAÇÃO GEOFÍSICA', 8),
	(193, '10702091', 'GEOFÍSICA APLICADA', 8),
	(194, '10702105', 'GRAVIMETRIA', 8),
	(195, '10703004', 'METEOROLOGIA', 8),
	(196, '10703012', 'METEOROLOGIA DINÂMICA', 8),
	(197, '10703020', 'METEOROLOGIA SINÓTICA', 8),
	(198, '10703039', 'METEOROLOGIA FÍSICA', 8),
	(199, '10703047', 'QUÍMICA DA ATMOSFERA', 8),
	(200, '10703055', 'INSTRUMENTAÇÃO METEOROLÓGICA', 8),
	(201, '10703063', 'CLIMATOLOGIA', 8),
	(202, '10703071', 'MICROMETEOROLOGIA', 8),
	(203, '10703080', 'SENSORIAMENTO REMOTO DA ATMOSFERA', 8),
	(204, '10703098', 'METEOROLOGIA APLICADA', 8),
	(205, '10704000', 'GEODÉSIA', 8),
	(206, '10704019', 'GEODÉSIA FÍSICA', 8),
	(207, '10704027', 'GEODÉSIA GEOMÉTRICA', 8),
	(208, '10704035', 'GEODÉSIA CELESTE', 8),
	(209, '10704043', 'FOTOGRAMETRIA', 8),
	(210, '10704051', 'CARTOGRAFIA BÁSICA', 8),
	(211, '10705007', 'GEOGRAFIA FÍSICA', 8),
	(212, '10705015', 'GEOMORFOLOGIA', 8),
	(213, '10705023', 'CLIMATOLOGIA GEOGRÁFICA', 8),
	(214, '10705031', 'PEDOLOGIA', 8),
	(215, '10705040', 'HIDROGEOGRAFIA', 8),
	(216, '10705058', 'GEOECOLOGIA', 8),
	(217, '10705066', 'FOTOGEOGRAFIA (FÍSICO-ECOLÓGICA)', 8),
	(218, '10705074', 'GEOCARTOGRAFIA', 8),
	(219, '10802002', 'OCEANOGRAFIA FÍSICA', 8),
	(220, '10802010', 'VARIÁVEIS FÍSICAS DA ÁGUA DO MAR', 8),
	(221, '10802029', 'MOVIMENTO DA ÁGUA DO MAR', 8),
	(222, '10802037', 'ORIGEM DAS MASSAS DE ÁGUA', 8),
	(223, '10802045', 'INTERAÇÃO DO OCEANO COM O LEITO DO MAR', 8),
	(224, '10802053', 'INTERAÇÃO DO OCEANO COM A ATMOSFERA', 8),
	(225, '10803009', 'OCEANOGRAFIA QUÍMICA', 8),
	(226, '10803017', 'PROPRIEDADES QUÍMICAS DA ÁGUA DO MAR', 8),
	(227, '10803025', 'INTER.QUÍM.-BIOL./GEOL.DAS SUBST. QUIM.DA ÁGUA DO MAR', 8),
	(228, '10804005', 'OCEANOGRAFIA GEOLÓGICA', 8),
	(229, '10804013', 'GEOMORFOLOGIA SUBMARINA', 8),
	(230, '10804021', 'SEDIMENTOLOGIA MARINHA', 8),
	(231, '10804030', 'GEOFÍSICA MARINHA', 8),
	(232, '10804048', 'GEOQUÍMICA MARINHA', 8),
	(233, '20201001', 'GENÉTICA QUANTITATIVA', 10),
	(234, '20202008', 'GENÉTICA MOLECULAR E DE MICROORGANISMOS', 10),
	(235, '20203004', 'GENÉTICA VEGETAL', 10),
	(236, '20204000', 'GENÉTICA ANIMAL', 10),
	(237, '20205007', 'GENÉTICA HUMANA E MÉDICA', 10),
	(238, '20206003', 'MUTAGENESE', 10),
	(239, '20601000', 'CITOLOGIA E BIOLOGIA CELULAR', 11),
	(240, '20602006', 'EMBRIOLOGIA', 11),
	(241, '20603002', 'HISTOLOGIA', 11),
	(242, '20604009', 'ANATOMIA', 11),
	(243, '20604017', 'ANATOMIA HUMANA', 11),
	(244, '20604025', 'ANATOMIA ANIMAL', 11),
	(245, '20701004', 'FISIOLOGIA GERAL', 12),
	(246, '20702000', 'FISIOLOGIA DOS ÓRGÃOS E SISTEMAS', 12),
	(247, '20702019', 'NEUROFISIOLOGIA', 12),
	(248, '20702027', 'FISIOLOGIA CARDIOVASCULAR', 12),
	(249, '20702035', 'FISIOLOGIA DA RESPIRAÇÃO', 12),
	(250, '20702043', 'FISIOLOGIA RENAL', 12),
	(251, '20702051', 'FISIOLOGIA ENDÓCRINA', 12),
	(252, '20702060', 'FISIOLOGIA DA DIGESTÃO', 12),
	(253, '20702078', 'CINESIOLOGIA', 12),
	(254, '20703007', 'FISIOLOGIA DO ESFORÇO', 12),
	(255, '20704003', 'FISIOLOGIA COMPARADA', 12),
	(256, '20801009', 'QUÍMICA DE MACROMOLÉCULAS', 13),
	(406, '20801017', 'PROTEÍNAS', 13),
	(407, '20801025', 'LIPÍDEOS', 13),
	(408, '20801033', 'GLICÍDEOS', 13),
	(409, '20802005', 'BIOQUÍMICA DOS MICROORGANISMOS', 13),
	(410, '20803001', 'METABOLISMO E BIOENERGÉTICA', 13),
	(411, '20804008', 'BIOLOGIA MOLECULAR', 13),
	(412, '20805004', 'ENZIMOLOGIA', 13),
	(413, '20901003', 'BIOFÍSICA MOLECULAR', 14),
	(414, '20902000', 'BIOFÍSICA CELULAR', 14),
	(415, '20903006', 'BIOFÍSICA DE PROCESSOS E SISTEMAS', 14),
	(416, '20904002', 'RADIOLOGIA E FOTOBIOLOGIA', 14),
	(417, '21001006', 'FARMACOLOGIA GERAL', 15),
	(418, '21001014', 'FARMACOCINÉTICA', 15),
	(419, '21001022', 'BIODISPONIBILIDADE', 15),
	(420, '21002002', 'FARMACOLOGIA AUTONÔMICA', 15),
	(421, '21003009', 'NEUROPSICOFARMACOLOGIA', 15),
	(422, '21004005', 'FARMACOLOGIA CARDIORENAL', 15),
	(423, '21005001', 'FARMACOLOGIA BIOQUIMICA E MOLECULAR', 15),
	(424, '21006008', 'ETNOFARMACOLOGIA', 15),
	(425, '21007004', 'TOXICOLOGIA', 15),
	(426, '21008000', 'FARMACOLOGIA CLÍNICA', 15),
	(427, '21101000', 'IMUNOQUÍMICA', 16),
	(428, '21102007', 'IMUNOLOGIA CELULAR', 16),
	(429, '21103003', 'IMUNOGENÉTICA', 16),
	(430, '21104000', 'IMUNOLOGIA APLICADA', 16),
	(431, '21201005', 'BIOLOGIA E FISIOLOGIA DOS MICROORGANISMOS', 17),
	(432, '21201013', 'VIROLOGIA', 17),
	(433, '21201021', 'BACTERIOLOGIA', 17),
	(434, '21201030', 'MICOLOGIA', 17),
	(435, '21202001', 'MICROBIOLOGIA APLICADA', 17),
	(436, '21202010', 'MICROBIOLOGIA MÉDICA', 17),
	(437, '21202028', 'MICROBIOLOGIA INDUSTRIAL E DE FERMENTAÇÃO', 17),
	(438, '21301000', 'PROTOZOOLOGIA DE PARASITOS', 18),
	(439, '21301018', 'PROTOZOOLOGIA PARASITÁRIA HUMANA', 18),
	(440, '21301026', 'PROTOZOOLOGIA PARASITÁRIA ANIMAL', 18),
	(441, '21302006', 'HELMINTOLOGIA DE PARASITOS', 18),
	(442, '21302014', 'HELMINTOLOGIA HUMANA', 18),
	(443, '21302022', 'HELMINTOLOGIA ANIMAL', 18),
	(444, '21303002', 'ENTOMOLOGIA E MALACOLOGIA DE PARASITOS E VETORES', 18),
	(445, '20501005', 'ECOLOGIA TEÓRICA', 20),
	(446, '20502001', 'ECOLOGIA DE ECOSSISTEMAS', 20),
	(447, '20503008', 'ECOLOGIA APLICADA', 20),
	(448, '10801006', 'OCEANOGRAFIA BIOLÓGICA', 21),
	(449, '10801014', 'INTER.ENTRE OS ORGAN.MARINHOS E OS PARÂMETROS AMBIENTAIS', 21),
	(450, '20301006', 'PALEOBOTÂNICA', 22),
	(451, '20302002', 'MORFOLOGIA VEGETAL', 22),
	(452, '20302010', 'MORFOLOGIA EXTERNA', 22),
	(453, '20302029', 'CITOLOGIA VEGETAL', 22),
	(454, '20302037', 'ANATOMIA VEGETAL', 22),
	(455, '20302045', 'PALINOLOGIA', 22),
	(456, '20303009', 'FISIOLOGIA VEGETAL', 22),
	(457, '20303017', 'NUTRIÇÃO E CRESCIMENTO VEGETAL', 22),
	(458, '20303025', 'REPRODUÇÃO VEGETAL', 22),
	(459, '20303033', 'ECOFISIOLOGIA VEGETAL', 22),
	(460, '20304005', 'TAXONOMIA VEGETAL', 22),
	(461, '20304013', 'TAXONOMIA DE CRIPTÓGAMOS', 22),
	(462, '20304021', 'TAXONOMIA DE FANEROGAMOS', 22),
	(463, '20305001', 'FITOGEOGRAFIA', 22),
	(464, '20306008', 'BOTÂNICA APLICADA', 22),
	(465, '20401000', 'PALEOZOOLOGIA', 23),
	(466, '20402007', 'MORFOLOGIA DOS GRUPOS RECENTES', 23),
	(467, '20403003', 'FISIOLOGIA DOS GRUPOS RECENTES', 23),
	(468, '20404000', 'COMPORTAMENTO ANIMAL', 23),
	(469, '20405006', 'TAXONOMIA DOS GRUPOS RECENTES', 23),
	(470, '20406002', 'ZOOLOGIA APLICADA', 23),
	(471, '20406010', 'CONSERVAÇÃO DAS ESPÉCIES ANIMAIS', 23),
	(472, '20406029', 'UTILIZAÇÃO DOS ANIMAIS', 23),
	(473, '20406037', 'CONTROLE POPULACIONAL DE ANIMAIS', 23),
	(474, '30101000', 'CONSTRUÇÃO CIVIL', 24),
	(475, '30101018', 'MATERIAIS E COMPONENTES DE CONSTRUÇÃO', 24),
	(476, '30101026', 'PROCESSOS CONSTRUTIVOS', 24),
	(477, '30101034', 'INSTALAÇÕES PREDIAIS', 24),
	(478, '30102006', 'ESTRUTURAS', 24),
	(479, '30102014', 'ESTRUTURAS DE CONCRETO', 24),
	(480, '30102022', 'ESTRUTURAS DE MADEIRAS', 24),
	(481, '30102030', 'ESTRUTURAS METÁLICAS', 24),
	(482, '30102049', 'MECÂNICA DAS ESTRUTURAS', 24),
	(483, '30103002', 'GEOTÉCNICA', 24),
	(484, '30103010', 'FUNDAÇÕES E ESCAVAÇÕES', 24),
	(485, '30103029', 'MECÂNICAS DAS ROCHAS', 24),
	(486, '30103037', 'MECÂNICA DOS SOLOS', 24),
	(487, '30103045', 'OBRAS DE TERRA E ENROCAMENTO', 24),
	(488, '30103053', 'PAVIMENTOS', 24),
	(489, '30104009', 'ENGENHARIA HIDRÁULICA', 24),
	(490, '30104017', 'HIDRÁULICA', 24),
	(491, '30104025', 'HIDROLOGIA', 24),
	(492, '30105005', 'INFRA-ESTRUTURA DE TRANSPORTES', 24),
	(493, '30105013', 'AEROPORTOS; PROJETO E CONSTRUÇÃO', 24),
	(494, '30105021', 'FERROVIAS; PROJETOS E CONSTRUÇÃO', 24),
	(495, '30105030', 'PORTOS E VIAS NAVEGÁVEIS; PROJETO E CONSTRUÇÃO', 24),
	(496, '30105048', 'RODOVIAS; PROJETO E CONSTRUÇÃO', 24),
	(497, '30701007', 'RECURSOS HÍDRICOS', 25),
	(498, '30701015', 'PLANEJAMENTO INTEGRADO DOS RECURSOS HÍDRICOS', 25),
	(499, '30701023', 'TECNOLOGIA E PROBLEMAS SANITÁRIOS DE IRRIGAÇÃO', 25),
	(500, '30701031', 'ÁGUAS SUBTERRÂNEAS E POÇOS PROFUNDOS', 25),
	(501, '30701040', 'CONTROLE DE ENCHENTES E DE BARRAGENS', 25),
	(502, '30701058', 'SEDIMENTOLOGIA', 25),
	(503, '30702003', 'TRATAMENTO DE ÁGUAS DE ABASTECIMENTO E RESIDUÁRIAS', 25),
	(504, '30702011', 'QUÍMICA SANITÁRIA', 25),
	(505, '30702020', 'PROCESSOS SIMPLIFICADOS DE TRATAMENTO DE ÁGUAS', 25),
	(506, '30702038', 'TÉCNICAS CONVENCIONAIS DE TRATAMENTO DE ÁGUAS', 25),
	(507, '30702046', 'TÉCNICAS AVANÇADAS DE TRATAMENTO DE ÁGUAS', 25),
	(508, '30702054', 'ESTUDOS E CARACTERIZAÇÃO DE EFLUENTES INDUSTRIAIS', 25),
	(509, '30702062', 'LAY OUT DE PROCESSOS INDUSTRIAIS', 25),
	(510, '30702070', 'RESÍDUOS RADIOATIVOS', 25),
	(511, '30702078', 'TÉCNICAS CONVENCIONAIS DE TRATAMENTO DE ÁGUAS', 25),
	(512, '30703000', 'SANEAMENTO BÁSICO', 25),
	(513, '30703018', 'TÉCNICAS DE ABASTECIMENTO DA ÁGUA', 25),
	(514, '30703026', 'DRENAGEM DE ÁGUAS RESIDUÁRIAS', 25),
	(515, '30703034', 'DRENAGEM URBANA DE ÁGUAS PLUVIAIS', 25),
	(516, '30703042', 'RESÍDUOS SÓLIDOS, DOMÉSTICOS E INDUSTRIAIS', 25),
	(517, '30703050', 'LIMPEZA PÚBLICA', 25),
	(518, '30703069', 'INSTALAÇÕES HIDRÁULICO-SANITÁRIAS', 25),
	(519, '30704006', 'SANEAMENTO AMBIENTAL', 25),
	(520, '30704014', 'ECOLOGIA APLICADA À ENGENHARIA SANITÁRIA', 25),
	(521, '30704022', 'MICROBIOLOGIA APLICADA E ENGENHARIA SANITÁRIA', 25),
	(522, '30704030', 'PARASITOLOGIA APLICADA À ENGENHARIA SANITÁRIA', 25),
	(523, '30704049', 'QUALIDADE DO AR, DAS ÁGUAS E DO SOLO', 25),
	(524, '30704057', 'CONTROLE DA POLUIÇÃO', 25),
	(525, '30704065', 'LEGISLAÇÃO AMBIENTAL', 25),
	(526, '31001009', 'PLANEJAMENTO DE TRANSPORTES', 26),
	(527, '31001017', 'PLANEJAMENTO E ORGANIZAÇÃO DO SISTEMA DE TRANSPORTE', 26),
	(528, '31001025', 'ECONOMIA DOS TRANSPORTES', 26),
	(529, '31002005', 'VEÍCULOS E EQUIPAMENTOS DE CONTROLE', 26),
	(530, '31002013', 'VIAS DE TRANSPORTE', 26),
	(531, '31002021', 'VEÍCULOS DE TRANSPORTES', 26),
	(532, '31002030', 'ESTAÇÃO DE TRANSPORTE', 26),
	(533, '31002048', 'EQUIPAMENTOS AUXILIARES E CONTROLES', 26),
	(534, '31003001', 'OPERAÇÕES DE TRANSPORTES', 26),
	(535, '31003010', 'ENGENHARIA DE TRÁFEGO', 26),
	(536, '31003028', 'CAPACIDADE DE VIAS DE TRANSPORTE', 26),
	(537, '31003036', 'OPERAÇÃO DE SISTEMAS DE TRANSPORTE', 26),
	(538, '30201004', 'PESQUISA MINERAL', 27),
	(539, '30201012', 'CARACTERIZAÇÃO DO MINÉRIO', 27),
	(540, '30201020', 'DIMENSIONAMENTO DE JAZIDAS', 27),
	(541, '30202000', 'LAVRA', 27),
	(542, '30202019', 'LAVRA A CÉU ABERTO', 27),
	(543, '30202027', 'LAVRA DE MINA SUBTERRÂNEA', 27),
	(544, '30202035', 'EQUIPAMENTOS DE LAVRA', 27),
	(545, '30203007', 'TRATAMENTO DE MINÉRIOS', 27),
	(546, '30203015', 'MÉTODOS DE CONCENTRAÇÃO E ENRIQUECIMENTOS DE MINÉRIOS', 27),
	(547, '30203023', 'EQUIPAMENTOS DE BENEFICIAMENTO DE MINÉRIOS', 27),
	(548, '30301009', 'INSTALAÇÕES E EQUIPAMENTOS METALÚRGICOS', 28),
	(549, '30301017', 'INSTALAÇÕES METALÚRGICAS', 28),
	(550, '30301025', 'EQUIPAMENTOS METALÚRGICOS', 28),
	(551, '30302005', 'METALURGIA EXTRATIVA', 28),
	(552, '30302013', 'AGLOMERAÇÃO', 28),
	(553, '30302021', 'ELETROMETALURGIA', 28),
	(554, '30302030', 'HIDROMETALURGIA', 28),
	(555, '30302048', 'PIROMETALURGIA', 28),
	(556, '30302056', 'TRATAMENTO DE MINÉRIOS', 28),
	(557, '30303001', 'METALURGIA DE TRANSFORMAÇÃO', 28),
	(558, '30303010', 'CONFORMAÇÃO MECÂNICA', 28),
	(559, '30303028', 'FUNDIÇÃO', 28),
	(560, '30303036', 'METALURGIA DE PÓ', 28),
	(561, '30303044', 'RECOBRIMENTOS', 28),
	(562, '30303052', 'SOLDAGEM', 28),
	(563, '30303060', 'TRATAMENTO TÉRMICO, MECÂNICOS E QUÍMICOS', 28),
	(564, '30303079', 'USINAGEM', 28),
	(565, '30304008', 'METALURGIA FÍSICA', 28),
	(566, '30304016', 'ESTRUTURA DOS METAIS E LIGAS', 28),
	(567, '30304024', 'PROPRIEDADES FÍSICAS DOS METAIS E LIGAS', 28),
	(568, '30304032', 'PROPRIEDADES MECÂNICAS DOS METAIS E LIGAS', 28),
	(569, '30304040', 'TRANSFORMAÇÃO DE FASES', 28),
	(570, '30304059', 'CORROSÃO', 28),
	(571, '30305004', 'MATERIAIS NÃO-METÁLICOS', 28),
	(572, '30305012', 'EXTRAÇÃO E TRANSFORMAÇÃO DE MATERIAIS', 28),
	(573, '30305020', 'CERÂMICOS', 28),
	(574, '30305039', 'MATERIAIS CONJUGADOS NÃO-METÁLICOS', 28),
	(575, '30305047', 'POLÍMEROS,  APLICAÇÕES', 28),
	(576, '30601002', 'PROCESSOS INDUSTRIAIS DE ENGENHARIA QUÍMICA', 29),
	(577, '30601010', 'PROCESSOS BIOQUÍMICOS', 29),
	(578, '30601029', 'PROCESSOS ORGÂNICOS', 29),
	(579, '30601037', 'PROCESSOS INORGÂNICOS', 29),
	(580, '30602009', 'OPERAÇÕES INDUSTRIAIS E EQUIPAMENTOS PARA ENG. QUÍMICA', 29),
	(581, '30602017', 'REATORES QUÍMICOS', 29),
	(582, '30602025', 'OPERAÇÕES CARACTERÍSTICAS DE PROCESSOS BIOQUÍMICOS', 29),
	(583, '30602033', 'OPERAÇÕES DE SEPARAÇÃO E MISTURA', 29),
	(584, '30603005', 'TECNOLOGIA QUÍMICA', 29),
	(585, '30603013', 'BALANÇOS GLOBAIS DE MATÉRIA E ENERGIA', 29),
	(586, '30603021', 'ÁGUA', 29),
	(587, '30603030', 'ÁLCOOL', 29),
	(588, '30603048', 'ALIMENTOS', 29),
	(589, '30603056', 'BORRACHAS', 29),
	(590, '30603064', 'CARVÃO', 29),
	(591, '30603072', 'CERÂMICA', 29),
	(592, '30603080', 'CIMENTO', 29),
	(593, '30603099', 'COURO', 29),
	(594, '30603102', 'DETERGENTES', 29),
	(595, '30603110', 'FERTILIZANTES', 29),
	(596, '30603129', 'MEDICAMENTOS', 29),
	(597, '30603137', 'METAIS NÃO-FERROSOS', 29),
	(598, '30603145', 'ÓLEOS', 29),
	(599, '30603153', 'PAPEL E CELULOSE', 29),
	(600, '30603161', 'PETRÓLEO E PETROQUÍMICA', 29),
	(601, '30603170', 'POLÍMEROS', 29),
	(602, '30603188', 'PRODUTOS NATURAIS', 29),
	(603, '30603196', 'TÉXTEIS', 29),
	(604, '30603200', 'TRATAMENTOS E APROVEITAMENTOS DE REJEITOS', 29),
	(605, '30603218', 'XISTO', 29),
	(606, '30901006', 'APLICAÇÕES DE RADIOISÓTOPOS', 30),
	(607, '30901014', 'PRODUÇÃO DE RADIOISÓPOTOS', 30),
	(608, '30901022', 'APLICAÇÕES INDUSTRIAIS DE RADIOISÓPOTOS', 30),
	(609, '30901030', 'INSTRUMENTAÇÃO PARA MEDIDA E CONTROLE DE RADIAÇÃO', 30),
	(610, '30902002', 'FUSÃO CONTROLADA', 30),
	(611, '30902010', 'PROCESSOS INDUSTRIAIS DA FUSÃO CONTROLADA', 30),
	(612, '30902029', 'PROBLEMAS TECNOLÓGICOS DA FUSÃO CONTROLADA', 30),
	(613, '30903009', 'COMBUSTÍVEL NÚCLEAR', 30),
	(614, '30903017', 'EXTRAÇÃO DE COMBUSTÍVEL NÚCLEAR', 30),
	(615, '30903025', 'CONVERSÃO, ENRIQUECIMENTO E FABRICAÇÃO DE COMBUST. NÚCLEAR', 30),
	(616, '30903033', 'REPROCESSAMENTO DO COMBUSTÍVEL NÚCLEAR', 30),
	(617, '30903041', 'REJEITOS DE COMBUSTÍVEL NÚCLEAR', 30),
	(618, '30904005', 'TECNOLOGIA DOS REATORES', 30),
	(619, '30904013', 'NÚCLEO DO REATOR', 30),
	(620, '30904021', 'MATERIAIS NUCLEARES E BLINDAGEM DE REATORES', 30),
	(621, '30904030', 'TRANSFERÊNCIA DE CALOR EM REATORES', 30),
	(622, '30904048', 'GERAÇÃO E INTEGRAÇÃO COM SISTEMAS ELÉTRICOS EM REATORES', 30),
	(623, '30904056', 'INSTRUMENTAÇÃO PARA OPERAÇÃO E CONTROLE DE REATORES', 30),
	(624, '30904064', 'SEGURANÇA, LOCALIZAÇÃO E LICENCIAMENTO DE REATORES', 30),
	(625, '30904072', 'ASPECTOS ECONÔMICOS DE REATORES', 30),
	(626, '30501008', 'FENÔMENOS DE TRANSPORTES', 31),
	(627, '30501016', 'TRANSFERÊNCIA DE CALOR', 31),
	(628, '30501024', 'MECÂNICA DOS FLUÍDOS', 31),
	(629, '30501032', 'DINÂMICA DOS GASES', 31),
	(630, '30501040', 'PRINCÍPIOS VARIACIONAIS E MÉTODOS NUMÉRICOS', 31),
	(631, '30502004', 'ENGENHARIA TÉRMICA', 31),
	(632, '30502012', 'TERMODINÂMICA', 31),
	(633, '30502020', 'CONTROLE AMBIENTAL', 31),
	(634, '30502039', 'APROVEITAMENTO DA ENERGIA', 31),
	(635, '30503000', 'MECÂNICA DOS SÓLIDOS', 31),
	(636, '30503019', 'MECÂNICA DOS CORPOS SÓLIDOS, ELÁSTICOS E PLÁSTICOS', 31),
	(637, '30503027', 'DINÂMICA DOS CORPOS RÍGIDOS, ELÁSTICOS E PLÁSTICOS', 31),
	(638, '30503035', 'ANÁLISE DE TENSÕES', 31),
	(639, '30503043', 'TERMOELASTICIDADE', 31),
	(640, '30504007', 'PROJETOS DE MÁQUINAS', 31),
	(641, '30504015', 'TEORIA DOS MECANISMOS', 31),
	(642, '30504023', 'ESTÁTICA E DINÂMICA APLICADA', 31),
	(643, '30504031', 'ELEMENTOS DE MÁQUINAS', 31),
	(644, '30504040', 'FUNDAMENTOS GERAIS DE PROJETOS DAS MÁQUINAS', 31),
	(645, '30504058', 'MÁQUINAS, MOTORES E EQUIPAMENTOS', 31),
	(646, '30504066', 'MÉTODOS DE SÍNTESE E OTIMIZAÇÃO APLICADOS AO PROJ.  MECÂNICO', 31),
	(647, '30504074', 'CONTROLE DE SISTEMAS MECÂNICOS', 31),
	(648, '30504082', 'APROVEITAMENTO DE ENERGIA', 31),
	(649, '30505003', 'PROCESSOS DE FABRICAÇÃO', 31),
	(650, '30505011', 'MATRIZES E FERRAMENTAS', 31),
	(651, '30505020', 'MÁQUINAS DE USINAGEM E CONFORMAÇÃO', 31),
	(652, '30505038', 'CONTROLE NUMÉRICO', 31),
	(653, '30505046', 'ROBOTIZAÇÃO', 31),
	(654, '30505054', 'PROCESSOS DE FABRICAÇÃO, SELEÇÃO ECONÔMICA', 31),
	(655, '30801001', 'GERÊNCIA DE PRODUÇÃO', 32),
	(656, '30801010', 'PLANEJAMENTO DE INSTALAÇOES INDUSTRIAIS', 32),
	(657, '30801028', 'PLANEJAMENTO, PROJETO E CONTROLE DE SIST. DE PRODUÇÃO', 32),
	(658, '30801036', 'HIGIENE E SEGURANÇA DO TRABALHO', 32),
	(659, '30801044', 'SUPRIMENTOS', 32),
	(660, '30801052', 'GARANTIA DE CONTROLE DE QUALIDADE', 32),
	(661, '30802008', 'PESQUISA OPERACIONAL', 32),
	(662, '30802016', 'PROCESSOS ESTOCÁSTICOS E TEORIAS DAS FILAS', 32),
	(663, '30802024', 'PROGRAMAÇÃO LINEAR, NÃO-LINEAR, MISTA E DINÂMICA', 32),
	(664, '30802032', 'SÉRIES TEMPORAIS', 32),
	(665, '30802040', 'TEORIA DOS GRAFOS', 32),
	(666, '30802059', 'TEORIA DOS JOGOS', 32),
	(667, '30803004', 'ENGENHARIA DO PRODUTO', 32),
	(668, '30803012', 'ERGONOMIA', 32),
	(669, '30803020', 'METODOLOGIA DE PROJETO DO PRODUTO', 32),
	(670, '30803039', 'PROCESSOS DE TRABALHO', 32),
	(671, '30803047', 'GERÊNCIA DO PROJETO E DO PRODUTO', 32),
	(672, '30803055', 'DESENVOLVIMENTO DE PRODUTO', 32),
	(673, '30804000', 'ENGENHARIA ECONÔMICA', 32),
	(674, '30804019', 'ESTUDO DE MERCADO', 32),
	(675, '30804027', 'LOCALIZAÇÃO INDUSTRIAL', 32),
	(676, '30804035', 'ANÁLISE DE CUSTOS', 32),
	(677, '30804043', 'ECONOMIA DE TECNOLOGIA', 32),
	(678, '30804051', 'VIDA ECONÔMICA DOS EQUIPAMENTOS', 32),
	(679, '30804060', 'AVALIAÇÃO DE PROJETOS', 32),
	(680, '31101003', 'HIDRODINÂMICA DE NAVIOS E SISTEMAS OCEÂNICOS', 33),
	(681, '31101011', 'RESISTÊNCIA HIDRODINÂMICA', 33),
	(682, '31101020', 'PROPULSÃO DE NAVIOS', 33),
	(683, '31102000', 'ESTRUTURAS NAVAIS E OCEÂNICAS', 33),
	(684, '31102018', 'ANÁLISE TEÓRICA E EXPERIMENTAL DE ESTRUTURA', 33),
	(685, '31102026', 'DINÂMICA ESTRUTURAL NAVAL E OCEÂNICA', 33),
	(686, '31102034', 'SÍNTESE ESTRUTURAL NAVAL E OCEÂNICA', 33),
	(687, '31103006', 'MÁQUINAS MARÍTIMAS', 33),
	(688, '31103014', 'ANÁLISE DE SISTEMAS PROPULSORES', 33),
	(689, '31103022', 'CONTROLE E AUTOMAÇÃO DE SISTEMAS PROPULSORES', 33),
	(690, '31103030', 'EQUIPAMENTOS AUXILIARES DO SISTEMA PROPULSIVO', 33),
	(691, '31103049', 'MOTOR DE PROPULSÃO', 33),
	(692, '31104002', 'PROJETOS DE NAVIOS E DE SISTEMAS OCEÂNICOS', 33),
	(693, '31104010', 'PROJETOS DE NAVIOS', 33),
	(694, '31104029', 'PROJETOS DE SISTEMAS OCEÂNICOS FIXOS E SEMI-FIXOS', 33),
	(695, '31104037', 'PROJETOS DE EMBARCAÇÕES NÃO-CONVENCIONAIS', 33),
	(696, '31105009', 'TECNOLOGIA DE CONSTRUÇÃO NAVAL E DE SISTEMAS OCEÂNICOS', 33),
	(697, '31105017', 'MÉTODOS DE FABRICAÇÃO DE NAVIOS E SISTEMAS OCEÂNICOS', 33),
	(698, '31105025', 'SOLDAGEM DE ESTRUTURAS NAVAIS E OCEÂNICOS', 33),
	(699, '31105033', 'CUSTOS DE CONSTRUÇÃO NAVAL', 33),
	(700, '31105041', 'NORMATIZAÇÃO E CERTIFICAÇÃO DE QUALIDADE DE NAVIOS', 33),
	(701, '31201008', 'AERODINÂMICA', 34),
	(702, '31201016', 'AERODINÂMICA DE AERONAVES ESPACIAIS', 34),
	(703, '31201024', 'AERODINÂMICA DOS PROCESSOS GEOFÍSICOS E INTERPLANETÁRIOS', 34),
	(704, '31202004', 'DINÂMICA DE VÔO', 34),
	(705, '31202012', 'TRAJETÓRIAS E ÓRBITAS', 34),
	(706, '31202020', 'ESTABILIDADE E CONTROLE', 34),
	(707, '31203000', 'ESTRUTURAS AEROESPACIAIS', 34),
	(708, '31203019', 'AEROELASTICIDADE', 34),
	(709, '31203027', 'FADIGA', 34),
	(710, '31203035', 'PROJETOS DE ESTRUTURAS AEROESPACIAIS', 34),
	(711, '31204007', 'MATERIAIS E PROCESSOS P/ENGENHARIA AERON. E AEROESPACIAL', 34),
	(712, '31205003', 'PROPULSÃO AEROESPACIAL', 34),
	(713, '31205011', 'COMBUSTÃO E ESCOAMENTO COM REAÇÕES QUÍMICAS', 34),
	(714, '31205020', 'PROPULSÃO DE FOGUTES', 34),
	(715, '31205038', 'MÁQUINAS DE FLUXO', 34),
	(716, '31205046', 'MOTORES ALTERNATIVOS', 34),
	(717, '31206000', 'SISTEMAS AEROESPACIAIS', 34),
	(718, '31206018', 'AVIÕES', 34),
	(719, '31206026', 'FOGUETES', 34),
	(720, '31206034', 'HELICÓPTEROS', 34),
	(721, '31206042', 'HOVERCRAFT', 34),
	(722, '31206050', 'SATÉLITES E OUTROS DISPOSITIVOS AEROESPACIAIS', 34),
	(723, '31206069', 'NORMATIZAÇÃO E CERT. DE QUAL. DE AERONAVES E COMPONENTES', 34),
	(724, '31206077', 'MANUTENÇÃO DE SISTEMAS AEROESPACIAIS', 34),
	(725, '30401003', 'MATERIAIS ELÉTRICOS', 35),
	(726, '30401011', 'MATERIAIS CONDUTORES', 35),
	(727, '30401020', 'MATERIAIS E COMPONENTES SEMICONDUTORES', 35),
	(728, '30401038', 'MATERIAIS E DISPOSITIVOS SUPERCONDUTORES', 35),
	(729, '30401046', 'MATERIAIS DIELÉTRICOS, PIESOELÉTRICOS E FERROELÉTRICOS', 35),
	(730, '30401054', 'MAT. E COMP. ELETROÓTICOS E MAGNET., MAT. FOTOELÉTRICOS', 35),
	(731, '30401062', 'MATERIAIS E DISPOSITIVOS MAGNÉTICOS', 35),
	(732, '30402000', 'MEDIDAS ELÉTRICAS, MAGNÉTICAS E ELETRÔNICAS; INSTRUMENTAÇÃO', 35),
	(733, '30402018', 'MEDIDAS ELÉTRICAS', 35),
	(734, '30402026', 'MEDIDAS MAGNÉTICAS', 35),
	(735, '30402034', 'INSTRUMENTAÇÃO ELETROMECÂNICA', 35),
	(736, '30402042', 'INSTRUMENTAÇÃO ELETRÔNICA', 35),
	(737, '30402050', 'SISTEMAS ELETRÔNICOS DE MEDIDAS E DE CONTROLE', 35),
	(738, '30403006', 'CIRCUITOS ELÉTRICOS, MAGNÉTICOS E ELETRÔNICOS', 35),
	(739, '30403014', 'TEORIA GERAL DOS CIRCUITOS ELÉTRICOS', 35),
	(740, '30403022', 'CIRCUITOS LINEARES E NÃO LINEARES', 35),
	(741, '30403030', 'CIRCUITOS ELETRÔNICOS', 35),
	(742, '30403049', 'CIRCUITOS MAGNÉTICOS, MAGNÉTISMO, ELETROMAGNÉTISMO', 35),
	(743, '30404002', 'SISTEMAS ELÉTRICOS DE POTÊNCIA', 35),
	(744, '30404010', 'GERAÇÃO DE ENERGIA ELÉTRICA', 35),
	(745, '30404029', 'TRANSMISSÃO DA ENERGIA ELET., DISTRIB. DA ENERGIA ELÉTRICA', 35),
	(746, '30404037', 'CONVERSÃO E RETIFICAÇÃO DA ENERGIA ELÉTRICA', 35),
	(747, '30404045', 'MEDIÇÃO, CONTROLE, CORREÇÃO E PROTEÇÃO DE SIST. ELET. E POT.', 35),
	(748, '30404053', 'MÁQUINAS ELÉTRICAS E DISPOSITIVOS DE POTÊNCIA', 35),
	(749, '30404061', 'INSTALAÇÕES ELÉTRICAS PREDIAIS E INDUSTRIAIS', 35),
	(750, '30405009', 'ELETRÔNICA INDUSTRIAL, SISTEMAS E CONTROLES ELETRÔNICOS', 35),
	(751, '30405017', 'ELETRÔNICA INDUSTRIAL', 35),
	(752, '30405025', 'AUTOMAÇÃO ELETRÔNICA DE PROCESSOS ELÉTRICOS E INDUSTRIAIS', 35),
	(753, '30405033', 'CONTROLE DE PROCESSOS ELETRÔNICOS, RETROALIMENTAÇÃO', 35),
	(754, '30406005', 'TELECOMUNICAÇÕES', 35),
	(755, '30406013', 'TEORIA ELETROMAG., MICROONDAS, PROPAGAÇÃO DE ONDAS, ANTENAS', 35),
	(756, '30406021', 'RADIONAVEGAÇÃO E RADIOASTRONOMIA', 35),
	(757, '30406030', 'SISTEMAS DE TELECOMUNICAÇÕES', 35),
	(758, '31301002', 'BIOENGENHARIA', 36),
	(759, '31301010', 'PROCESSAMENTO DE SINAIS BIOLÓGICOS', 36),
	(760, '31301029', 'MODELAGEM DE FENÔMENOS BIOLÓGICOS', 36),
	(761, '31301037', 'MODELAGEM DE SISTEMAS BIOLÓGICOS', 36),
	(762, '31302009', 'ENGENHARIA MÉDICA', 36),
	(763, '31302017', 'BIOMATERIAIS E MATERIAIS BIOCOMPATÍVEIS', 36),
	(764, '31302025', 'TRANSDUTORES PARA APLICAÇÕES BIOMÉDICAS', 36),
	(765, '31302033', 'INSTRUMENTAÇÃO ODONTOLÓGICA E MÉDICO-HOSPITALAR', 36),
	(766, '31302041', 'TECNOLOGIA DE PRÓTESES', 36),
	(767, '40101002', 'CLÍNICA MÉDICA', 37),
	(768, '40101010', 'ANGIOLOGIA', 37),
	(769, '40101029', 'DERMATOLOGIA', 37),
	(770, '40101045', 'CANCEROLOGIA', 37),
	(771, '40101061', 'ENDOCRINOLOGIA', 37),
	(772, '40101100', 'CARDIOLOGIA', 37),
	(773, '40101118', 'GASTROENTEROLOGIA', 37),
	(774, '40101126', 'PNEUMOLOGIA', 37),
	(775, '40101134', 'NEFROLOGIA', 37),
	(776, '40101169', 'FISIATRIA', 37),
	(777, '40107000', 'MEDICINA LEGAL E DEONTOLOGIA', 37),
	(778, '40101037', 'ALERGOLOGIA E IMUNOLOGIA CLÍNICA', 37),
	(779, '40101053', 'HEMATOLOGIA', 37),
	(780, '40101070', 'NEUROLOGIA', 37),
	(781, '40101088', 'PEDIATRIA', 37),
	(782, '40101096', 'DOENÇAS INFECCIOSAS E PARASITÁRIAS', 37),
	(783, '40101142', 'REUMATOLOGIA', 37),
	(784, '40103005', 'SAÚDE MATERNO-INFANTIL', 37),
	(785, '40104001', 'PSIQUIATRIA', 37),
	(786, '40105008', 'ANATOMIA PATOLÓGICA E PATOLOGIA CLÍNICA', 37),
	(787, '40106004', 'RADIOLOGIA MÉDICA', 37),
	(788, '40101150', 'GINECOLOGIA E OBSTETRÍCIA', 37),
	(789, '40101177', 'OFTALMOLOGIA', 37),
	(790, '40101186', 'ORTOPEDIA', 37),
	(791, '40102009', 'CIRURGIA', 37),
	(792, '40102017', 'CIRURGIA PLÁSTICA E RESTAURADORA', 37),
	(793, '40102025', 'CIRURGIA OTORRINOLARINGOLOGIA', 37),
	(794, '40102033', 'CIRURGIA OFTALMOLÓGICA', 37),
	(795, '40102041', 'CIRURGIA CARDIOVASCULAR', 37),
	(796, '40102050', 'CIRURGIA TORÁXICA', 37),
	(797, '40102068', 'CIRURGIA GASTROENTEROLOGICA', 37),
	(798, '40102076', 'CIRURGIA PEDIÁTRICA', 37),
	(799, '40102084', 'NEUROCIRURGIA', 37),
	(800, '40102092', 'CIRURGIA UROLÓGICA', 37),
	(801, '40102106', 'CIRURGIA PROCTOLÓGICA', 37),
	(802, '40102114', 'CIRURGIA ORTOPÉDICA', 37),
	(803, '40102122', 'CIRURGIA TRAUMATOLÓGICA', 37),
	(804, '40102130', 'ANESTESIOLOGIA', 37),
	(805, '40102149', 'CIRURGIA EXPERIMENTAL', 37),
	(806, '40501000', 'BIOQUÍMICA DA NUTRIÇÃO', 38),
	(807, '40502007', 'DIETÉTICA', 38),
	(808, '40503003', 'ANÁLISE NUTRICIONAL DE POPULAÇÃO', 38),
	(809, '40504000', 'DESNUTRIÇÃO E DESENVOLVIMENTO FISIOLÓGICO', 38),
	(810, '40201007', 'CLÍNICA ODONTOLÓGICA', 39),
	(811, '40202003', 'CIRURGIA BUCO-MAXILO-FACIAL', 39),
	(812, '40203000', 'ORTODONTIA', 39),
	(813, '40204006', 'ODONTOPEDIATRIA', 39),
	(814, '40205002', 'PERIODONTIA', 39),
	(815, '40206009', 'ENDODONTIA', 39),
	(816, '40207005', 'RADIOLOGIA ODONTOLÓGICA', 39),
	(817, '40208001', 'ODONTOLOGIA SOCIAL E PREVENTIVA', 39),
	(818, '40209008', 'MATERIAIS ODONTOLÓGICOS', 39),
	(819, '40301001', 'FARMACOTECNIA', 40),
	(820, '40302008', 'FARMACOGNOSIA', 40),
	(821, '40303004', 'ANÁLISE TOXICOLÓGICA', 40),
	(822, '40304000', 'ANÁLISE E CONTROLE DE MEDICAMENTOS', 40),
	(823, '40305007', 'BROMATOLOGIA', 40),
	(824, '40401006', 'ENFERMAGEM MÉDICO-CIRÚRGICA', 41),
	(825, '40402002', 'ENFERMAGEM OBSTÉTRICA', 41),
	(826, '40403009', 'ENFERMAGEM PEDIÁTRICA', 41),
	(827, '40404005', 'ENFERMAGEM PSIQUIÁTRICA', 41),
	(828, '40405001', 'ENFERMAGEM DE DOENÇAS CONTAGIOSAS', 41),
	(829, '40406008', 'ENFERMAGEM DE SAÚDE PÚBLICA', 41),
	(830, '40601005', 'EPIDEMIOLOGIA', 42),
	(831, '40602001', 'SAÚDE PÚBLICA', 42),
	(832, '40603008', 'MEDICINA PREVENTIVA', 42),
	(833, '50101005', 'CIÊNCIA DO SOLO', 46),
	(834, '50101013', 'GÊNESE, MORFOLOGIA E CLASSIFICAÇÃO DOS SOLOS', 46),
	(835, '50101021', 'FÍSICA DO SOLO', 46),
	(836, '50101030', 'QUÍMICA DO SOLO', 46),
	(837, '50101048', 'MICROBIOLOGIA E BIOQUÍMICA DO SOLO', 46),
	(838, '50101056', 'FERTILIDADE DO SOLO E ADUBAÇÃO', 46),
	(839, '50101064', 'MANEJO E CONSERVAÇÃO DO SOLO', 46),
	(840, '50102001', 'FITOSSANIDADE', 46),
	(841, '50102010', 'FITOPATOLOGIA', 46),
	(842, '50102028', 'ENTOMOLOGIA AGRÍCOLA', 46),
	(843, '50102036', 'PARASITOLOGIA AGRÍCOLA', 46),
	(844, '50102044', 'MICROBIOLOGIA AGRÍCOLA', 46),
	(845, '50102052', 'DEFESA FITOSSANITÁRIA', 46),
	(846, '50103008', 'FITOTECNIA', 46),
	(847, '50103016', 'MANEJO E TRATOS CULTURAIS', 46),
	(848, '50103024', 'MECANIZAÇÃO AGRÍCOLA', 46),
	(849, '50103032', 'PRODUÇÃO E BENEFICIAMENTO DE SEMENTES', 46),
	(850, '50103040', 'PRODUÇÃO DE MUDAS', 46),
	(851, '50103059', 'MELHORAMENTO VEGETAL', 46),
	(852, '50103067', 'FISIOLOGIA DE PLANTAS CULTIVADAS', 46),
	(853, '50103075', 'MATOLOGIA', 46),
	(854, '50104004', 'FLORICULTURA, PARQUES E JARDINS', 46),
	(855, '50104012', 'FLORICULTURA', 46),
	(856, '50104020', 'PARQUES E JARDINS', 46),
	(857, '50104039', 'ARBORIZAÇÃO DE VIAS PÚBLICAS', 46),
	(858, '50105000', 'AGROMETEROLOGIA', 46),
	(859, '50106007', 'EXTENSÃO RURAL', 46),
	(860, '50201000', 'SILVICULTURA', 47),
	(861, '50201018', 'DENDROLOGIA', 47),
	(862, '50201026', 'FLORESTAMENTO E REFLORESTAMENTO', 47),
	(863, '50201034', 'GENÉTICA E MELHORAMENTO FLORESTAL', 47),
	(864, '50201042', 'SEMENTES FLORESTAIS', 47),
	(865, '50201050', 'NUTRIÇÃO FLORESTAL', 47),
	(866, '50201069', 'FISIOLOGIA FLORESTAL', 47),
	(867, '50201077', 'SOLOS FLORESTAIS', 47),
	(868, '50201085', 'PROTEÇÃO FLORESTAL', 47),
	(869, '50202006', 'MANEJO FLORESTAL', 47),
	(870, '50202014', 'ECONOMIA FLORESTAL', 47),
	(871, '50202022', 'POLÍTICA E LEGISLAÇÃO FLORESTAL', 47),
	(872, '50202030', 'ADMINISTRAÇÃO FLORESTAL', 47),
	(873, '50202049', 'DENDROMETRIA E INVENTÁRIO FLORESTAL', 47),
	(874, '50202057', 'FOTOINTERPRETAÇÃO FLORESTAL', 47),
	(875, '50202065', 'ORDENAMENTO FLORESTAL', 47),
	(876, '50203002', 'TÉCNICAS E OPERAÇÕES FLORESTAIS', 47),
	(877, '50203010', 'EXPLORAÇÃO FLORESTAL', 47),
	(878, '50203029', 'MECANIZAÇÃO FLORESTAL', 47),
	(879, '50204009', 'TECNOLOGIA E UTILIZAÇÃO DE PRODUTOS FLORESTAIS', 47),
	(880, '50204017', 'ANATOMIA E IDENTIFICAÇÃO DE PRODUTOS FLORESTAIS', 47),
	(881, '50204025', 'PROPRIEDADES FISICO-MECÂNICAS DA MADEIRA', 47),
	(882, '50204033', 'RELAÇÕES ÁGUA-MADEIRA E SECAGEM', 47),
	(883, '50204041', 'TRATAMENTO DA MADEIRA', 47),
	(884, '50204050', 'PROCESSAMENTO MECÂNICO DA MADEIRA', 47),
	(885, '50204068', 'QUÍMICA DA MADEIRA', 47),
	(886, '50204076', 'RESINAS DE MADEIRAS', 47),
	(887, '50204084', 'TECNOLOGIA DE CELULOSE E PAPEL', 47),
	(888, '50204092', 'TECNOLOGIA DE CHAPAS', 47),
	(889, '50205005', 'CONSERVAÇÃO DA NATUREZA', 47),
	(890, '50205013', 'HIDROLOGIA FLORESTAL', 47),
	(891, '50205021', 'CONSERVAÇÃO DE ÁREAS SILVESTRES', 47),
	(892, '50205030', 'CONSERVAÇÃO DAS BACIAS HIDROGRÁFICAS', 47),
	(893, '50205048', 'RECUPERAÇÃO DE ÁREAS DEGRADADAS', 47),
	(894, '50206001', 'ENERGIA DE BIOMASSA FLORESTAL', 47),
	(895, '50301004', 'MÁQUINAS E IMPLEMENTOS AGRÍCOLAS', 48),
	(896, '50302000', 'ENGENHARIA DE ÁGUA E SOLO', 48),
	(897, '50302019', 'IRRIGAÇÃO E DRENAGEM', 48),
	(898, '50302027', 'CONSERVAÇÃO DE SOLO E ÁGUA', 48),
	(899, '50303007', 'ENGENHARIA DE PROCESSAMENTO DE PRODUTOS AGRÍCOLAS', 48),
	(900, '50303015', 'PRÉ-PROCESSAMENTO DE PRODUTOS AGRÍCOLAS', 48),
	(901, '50303023', 'ARMAZENAMENTO DE PRODUTOS AGRÍCOLAS', 48),
	(902, '50303031', 'TRANSFERÊNCIA DE PRODUTOS AGRÍCOLAS', 48),
	(903, '50304003', 'CONSTRUÇÕES RURAIS E AMBIÊNCIA', 48),
	(904, '50304011', 'ASSENTAMENTO RURAL', 48),
	(905, '50304020', 'ENGENHARIA DE CONSTRUÇÕES RURAIS', 48),
	(906, '50304038', 'SANEAMENTO RURAL', 48),
	(907, '50305000', 'ENERGIZAÇÃO RURAL', 48),
	(908, '50401009', 'ECOLOGIA DOS ANIMAIS DOMÉSTICOS E ETOLOGIA', 49),
	(909, '50402005', 'GENÉTICA E MELHORAMENTO DOS ANIMAIS DOMÉSTICOS', 49),
	(910, '50403001', 'NUTRIÇÃO E ALIMENTAÇÃO ANIMAL', 49),
	(911, '50403010', 'EXIGÊNCIAS NUTRICIONAIS DOS ANIMAIS', 49),
	(912, '50403028', 'AVALIAÇÃO DE ALIMENTOS PARA ANIMAIS', 49),
	(913, '50403036', 'CONSERVAÇÃO DE ALIMENTOS PARA ANIMAIS', 49),
	(914, '50404008', 'PASTAGEM E FORRAGICULTURA', 49),
	(915, '50404016', 'AVALIAÇÃO, PRODUÇÃO E CONSERVAÇÃO DE FORRAGENS', 49),
	(916, '50404024', 'MANEJO E CONSERVAÇÃO DE PASTAGENS', 49),
	(917, '50404032', 'FISIOLOGIA DE PLANTAS FORRAGEIRAS', 49),
	(918, '50404040', 'MELHORAMENTO DE PLANTAS FORRAGEIRAS E PRODUÇÃO DE SEMENTES', 49),
	(919, '50404059', 'TOXICOLOGIA E PLANTAS TÓXICAS', 49),
	(920, '50405004', 'PRODUÇÃO ANIMAL', 49),
	(921, '50405012', 'CRIAÇÃO DE ANIMAIS', 49),
	(922, '50405020', 'MANEJO DE ANIMAIS', 49),
	(923, '50405039', 'INSTALAÇÕES PARA PRODUÇÃO ANIMAL', 49),
	(924, '50601008', 'RECURSOS PESQUEIROS MARINHOS', 50),
	(925, '50601016', 'FATORES ABIÓTICOS DO MAR', 50),
	(926, '50601024', 'AVALIAÇÃO DE ESTOQUE PESQUEIROS MARINHOS', 50),
	(927, '50601032', 'EXPLORAÇÃO PESQUEIRA MARINHA', 50),
	(928, '50601040', 'MANEJO E CONSERVAÇÃO DE RECURSOS PESQUEIROS MARINHOS', 50),
	(929, '50602004', 'RECURSOS PESQUEIROS DE ÁGUAS INTERIORES', 50),
	(930, '50602012', 'FATORES ABIÓTICOS DE ÁGUAS INTERIORES', 50),
	(931, '50602020', 'AVALIAÇÃO DE ESTOQUES PESQUEIROS DE ÁGUAS INTERIORES', 50),
	(932, '50602039', 'EXPLORAÇÃO PESQUEIRA DE ÁGUAS INTERIORES', 50),
	(933, '50602047', 'MANEJO E CONSERV. DE RECURSOS PESQUEIROS DE ÁGUAS INFERIORES', 50),
	(934, '50603000', 'AQUICULTURA', 50),
	(935, '50603019', 'MARICULTURA', 50),
	(936, '50603027', 'CARCINOCULTURA', 50),
	(937, '50603035', 'OSTREICULTURA', 50),
	(938, '50603043', 'PISCICULTURA', 50),
	(939, '50604007', 'ENGENHARIA DE PESCA', 50),
	(940, '50501003', 'CLÍNICA E CIRÚRGIA ANIMAL', 51),
	(941, '50501011', 'ANESTESIOLOGIA ANIMAL', 51),
	(942, '50501020', 'TÉCNICA CIRÚRGICA ANIMAL', 51),
	(943, '50501038', 'RADIOLOGIA DE ANIMAIS', 51),
	(944, '50501046', 'FARMACOLOGIA E TERAPÉUTICA ANIMAL', 51),
	(945, '50501054', 'OBSTETRÍCIA ANIMAL', 51),
	(946, '50501062', 'CLÍNICA VETERINÁRIA', 51),
	(947, '50501070', 'CLÍNICA CIRÚRGICA ANIMAL', 51),
	(948, '50501089', 'TOXICOLOGIA ANIMAL', 51),
	(949, '50502000', 'MEDICINA VETERINÁRIA PREVENTIVA', 51),
	(950, '50502018', 'EPIDEMIOLOGIA ANIMAL', 51),
	(951, '50502026', 'SANEAMENTO APLICADO À SAÚDE DO HOMEM', 51),
	(952, '50502034', 'DOENÇAS INFECCIOSAS DE ANIMAIS', 51),
	(953, '50502042', 'DOENÇAS PARASITÁRIAS DE ANIMAIS', 51),
	(954, '50502050', 'SAÚDE ANIMAL (PROGRAMAS SANITÁRIOS)', 51),
	(955, '50503006', 'PATOLOGIA ANIMAL', 51),
	(956, '50503014', 'PATOLOGIA AVIÁRIA', 51),
	(957, '50503022', 'ANATOMIA PATOLÓGICA ANIMAL', 51),
	(958, '50503030', 'PATOLOGIA CLÍNICA ANIMAL', 51),
	(959, '50504002', 'REPRODUÇÃO ANIMAL', 51),
	(960, '50504010', 'GINECOLOGIA E ANDROLOGIA ANIMAL', 51),
	(961, '50504029', 'INSEMINAÇÃO ARTIFICIAL ANIMAL', 51),
	(962, '50504037', 'FISIOPATOLOGIA DA REPRODUÇÃO ANIMAL', 51),
	(963, '50505009', 'INSPEÇÃO DE PRODUTOS DE ORIGEM ANIMAL', 51),
	(964, '50701002', 'CIÊNCIA DE ALIMENTOS', 52),
	(965, '50701010', 'VALOR NUTRITIVO DE ALIMENTOS', 52),
	(966, '50701029', 'QUÍMICA, FÍSICA, FÍSICO-QUÍM. BIOQ. DOS ALI. MAT. PRIMAS ALI', 52),
	(967, '50701037', 'MICROBIOLOGIA DE ALIMENTOS', 52),
	(968, '50701045', 'FISIOLOGIA PÓS-COLHEITA', 52),
	(969, '50701053', 'TOXICIDADE E RESÍDUOS DE PESTICIDAS EM ALIMENTOS', 52),
	(970, '50701061', 'AVALIAÇÃO E CONTROLE DE QUALIDADE DE ALIMENTOS', 52),
	(971, '50701070', 'PADRÕES, LEGISLAÇÃO E FISCALIZAÇÃO DE ALIMENTOS', 52),
	(972, '50702009', 'TECNOLOGIA DE ALIMENTOS', 52),
	(973, '50702017', 'TECNOLOGIA DE PRODUTOS DE ORIGEM ANIMAL', 52),
	(974, '50702025', 'TECNOLOGIA DE PRODUTOS DE ORIGEM VEGETAL', 52),
	(975, '50702033', 'TECNOLOGIA DAS BEBIDAS', 52),
	(976, '50702041', 'TECNOLOGIA DE ALIMENTOS DIETÉTICOS E NUTRICIONAIS', 52),
	(977, '50702050', 'APROVEITAMENTO DE SUBPRODUTOS', 52),
	(978, '50702068', 'EMBALAGENS DE PRODUTOS ALIMENTARES', 52),
	(979, '50703005', 'ENGENHARIA DE ALIMENTOS', 52),
	(980, '50703013', 'INSTALAÇÕES INDUSTRIAIS DE PRODUÇÃO DE ALIMENTOS', 52),
	(981, '50703021', 'ARMAZENAMENTO DE ALIMENTOS', 52),
	(982, '60101008', 'TEORIA DO DIREITO', 53),
	(983, '60101016', 'TEORIA GERAL DO DIREITO', 53),
	(984, '60101024', 'TEORIA GERAL DO PROCESSO', 53),
	(985, '60101032', 'TEORIA DO ESTADO', 53),
	(986, '60101040', 'HISTÓRIA DO DIREITO', 53),
	(987, '60101059', 'FILOSOFIA DO DIREITO', 53),
	(988, '60101067', 'LÓGICA JURÍDICA', 53),
	(989, '60101075', 'SOCIOLOGIA JURÍDICA', 53),
	(990, '60101083', 'ANTROPOLOGIA JURÍDICA', 53),
	(991, '60102004', 'DIREITO PÚBLICO', 53),
	(992, '60102012', 'DIREITO TRIBUTÁRIO', 53),
	(993, '60102020', 'DIREITO PENAL', 53),
	(994, '60102039', 'DIREITO PROCESSUAL PENAL', 53),
	(995, '60102047', 'DIREITO PROCESSUAL CIVIL', 53),
	(996, '60102055', 'DIREITO CONSTITUCIONAL', 53),
	(997, '60102063', 'DIREITO ADMINISTRATIVO', 53),
	(998, '60102071', 'DIREITO INTERNACIONAL PÚBLICO', 53),
	(999, '60103000', 'DIREITO PRIVADO', 53),
	(1000, '60103019', 'DIREITO CIVIL', 53),
	(1001, '60103027', 'DIREITO COMERCIAL', 53),
	(1002, '60103035', 'DIREITO DO TRABALHO', 53),
	(1003, '60103043', 'DIREITO INTERNACIONAL PRIVADO', 53),
	(1004, '60104007', 'DIREITOS ESPECIAIS', 53),
	(1005, '60201002', 'ADMINISTRAÇÃO DE EMPRESAS', 54),
	(1006, '60201010', 'ADMINISTRAÇÃO DE PRODUÇÃO', 54),
	(1007, '60201029', 'ADMINISTRAÇÃO FINANCEIRA', 54),
	(1008, '60201037', 'MERCADOLOGIA', 54),
	(1009, '60201045', 'NEGÓCIOS INTERNACIONAIS', 54),
	(1010, '60201053', 'ADMINISTRAÇÃO DE RECURSOS HUMANOS', 54),
	(1011, '60202009', 'ADMINISTRAÇÃO PÚBLICA', 54),
	(1012, '60202017', 'CONTABILIDADE E FINANÇAS PÚBLICAS', 54),
	(1013, '60202025', 'ORGANIZAÇÕES PÚBLICAS', 54),
	(1014, '60202033', 'POLÍTICA E PLANEJAMENTO GOVERNAMENTAIS', 54),
	(1015, '60202041', 'ADMINISTRAÇÃO DE PESSOAL', 54),
	(1016, '60203005', 'ADMINISTRAÇÃO DE SETORES ESPECÍFICOS', 54),
	(1017, '60204001', 'CIÊNCIAS CONTÁBEIS', 54),
	(1018, '60301007', 'TEORIA ECONÔMICA', 56),
	(1019, '60301015', 'ECONOMIA GERAL', 56),
	(1020, '60301023', 'TEORIA GERAL DA ECONOMIA', 56),
	(1021, '60301031', 'HISTÓRIA DO PENSAMENTO ECONÔMICO', 56),
	(1022, '60301040', 'HISTÓRIA ECONÔMICA', 56),
	(1023, '60301058', 'SISTEMAS ECONÔMICOS', 56),
	(1024, '60302003', 'MÉTODOS QUANTITATIVOS EM ECONOMIA', 56),
	(1025, '60302011', 'MÉTODOS E MODELOS MATEMÁT., ECONOMÉTRICOS E ESTATÍSTICOS', 56),
	(1026, '60302020', 'ESTATÍSTICA SÓCIO-ECONÔMICA', 56),
	(1027, '60302038', 'CONTABILIDADE NACIONAL', 56),
	(1028, '60302046', 'ECONOMIA MATEMÁTICA', 56),
	(1029, '60303000', 'ECONOMIA MONETÁRIA E FISCAL', 56),
	(1030, '60303018', 'TEORIA MONETÁRIA E FINANCEIRA', 56),
	(1031, '60303026', 'INSTITUIÇÕES MONETÁRIAS E FINANCEIRAS DO BRASIL', 56),
	(1032, '60303034', 'FINANÇAS PÚBLICAS INTERNAS', 56),
	(1033, '60303042', 'POLÍTICA FISCAL DO BRASIL', 56),
	(1034, '60304006', 'CRESCIMENTO, FLUTUAÇÕES E PLANEJAMENTO ECONÔMICO', 56),
	(1035, '60304014', 'CRESCIMENTO E DESENVOLVIMENTO ECONÔMICO', 56),
	(1036, '60304022', 'TEORIA E POLÍTICA DE PLANEJAMENTO ECONÔMICO', 56),
	(1037, '60304030', 'FLUTAÇÕES CICLÍCAS E PROJEÇÕES ECONÔMICAS', 56),
	(1038, '60304049', 'INFLAÇÃO', 56),
	(1039, '60305002', 'ECONOMIA INTERNACIONAL', 56),
	(1040, '60305010', 'TEORIA DO COMÉRCIO INTERNACIONAL', 56),
	(1041, '60305029', 'RELAÇÕES DO COMÉRCIO; POLÍT. COMERCIAL; INTEGRAÇÃO ECONÔMICA', 56),
	(1042, '60305037', 'BALANÇO DE PAGAMENTO; FINANÇAS INTERNACIONAIS', 56),
	(1043, '60305045', 'INVESTIMENTOS INTERNACIONAIS E AJUDA EXTERNA', 56),
	(1044, '60306009', 'ECONOMIA DOS RECURSOS HUMANOS', 56),
	(1045, '60306017', 'TREIN. E ALOCAÇÃO DE MÃO-DE-OBRA;OFERTA MÃO-DE-OBRA F. TRAB.', 56),
	(1046, '60306025', 'MERCADO DE TRABALHO; POLÍTICA DO GOVERNO', 56),
	(1047, '60306033', 'SINDICATOS, DISSÍDIOS COLET., RELAÇÕES DE EMPREGO(EMP./EMP)', 56),
	(1048, '60306041', 'CAPITAL HUMANO', 56),
	(1049, '60306050', 'DEMOGRAFIA ECONÔMICA', 56),
	(1050, '60307005', 'ECONOMIA INDUSTRIAL', 56),
	(1051, '60307013', 'ORGANIZAÇÃO INDUSTRIAL E ESTUDOS INDUSTRIAIS', 56),
	(1052, '60307021', 'MUDANÇA TECNOLÓGICA', 56),
	(1053, '60308001', 'ECONOMIA DO BEM-ESTAR SOCIAL', 56),
	(1054, '60308010', 'ECONOMIA DOS PROGRAMAS DE BEM-ESTAR SOCIAL', 56),
	(1055, '60308028', 'ECONOMIA DO CONSUMIDOR', 56),
	(1056, '60309008', 'ECONOMIA REGIONAL E URBANA', 56),
	(1057, '60309016', 'ECONOMIA REGIONAL', 56),
	(1058, '60309024', 'ECONOMIA URBANA', 56),
	(1059, '60309032', 'RENDA E TRIBUTAÇÃO', 56),
	(1060, '60310006', 'ECONOMIAS AGRÁRIA E DOS RECURSOS NATURAIS', 56),
	(1061, '60310014', 'ECONOMIA AGRÁRIA', 56),
	(1062, '60310022', 'ECONOMIA DOS RECURSOS NATURAIS', 56),
	(1063, '60401001', 'FUNDAMENTOS DE ARQUITETURA E URBANISMO', 57),
	(1064, '60401010', 'HISTÓRIA DA ARQUITETURA E URBANISMO', 57),
	(1065, '60401028', 'TEORIA DA ARQUITETURA', 57),
	(1066, '60401036', 'HISTÓRIA DO URBANISMO', 57),
	(1067, '60401044', 'TEORIA DO URBANISMO', 57),
	(1068, '60402008', 'PROJETO DE ARQUITETURA E URBANISMO', 57),
	(1069, '60402016', 'PLANEJAMENTO E PROJETOS DA EDIFICAÇÃO', 57),
	(1070, '60402024', 'PLANEJAMENTO E PROJETO DO ESPAÇO URBANO', 57),
	(1071, '60402032', 'PLANEJAMENTO E PROJETO DO EQUIPAMENTO', 57),
	(1072, '60403004', 'TECNOLOGIA DE ARQUITETURA E URBANISMO', 57),
	(1073, '60403012', 'ADEQUAÇÃO AMBIENTAL', 57),
	(1074, '60404000', 'PAISAGISMO', 57),
	(1075, '60404019', 'DESENVOLVIMENTO HISTÓRICO DO PAISAGISMO', 57),
	(1076, '60404027', 'CONCEITUAÇÃO DE PAISAGISMO E METODOLOGIA DO PAISAGISMO', 57),
	(1077, '60404035', 'ESTUDOS DE ORGANIZAÇÃO DO ESPAÇO EXTERIOR', 57),
	(1078, '60404043', 'PROJETOS DE ESPAÇOS LIVRES URBANOS', 57),
	(1079, '60501006', 'FUNDAMENTOS DO PLANEJAMENTO URBANO E REGIONAL', 59),
	(1080, '60501014', 'TEORIA DO PLANEJAMENTO URBANO E REGIONAL', 59),
	(1081, '60501022', 'TEORIA DA URBANIZAÇÃO', 59),
	(1082, '60501030', 'POLÍTICA URBANA', 59),
	(1083, '60501049', 'HISTÓRIA URBANA', 59),
	(1084, '60502002', 'MÉTODOS E TÉCNICAS DO PLANEJAMENTO URBANO E REGIONAL', 59),
	(1085, '60502010', 'INFORMAÇÃO, CADASTRO E MAPEAMENTO', 59),
	(1086, '60502029', 'TÉCNICA DE PREVISÃO URBANA E REGIONAL', 59),
	(1087, '60502037', 'TÉCNICAS DE ANÁLISE E AVALIAÇÃO URBANA E REGIONAL', 59),
	(1088, '60502045', 'TÉCNICAS DE PLANEJAMENTO E PROJETO URBANOS E REGIONAIS', 59),
	(1089, '60503009', 'SERVIÇOS URBANOS E REGIONAIS', 59),
	(1090, '60503017', 'ADMINISTRAÇÃO MUNICIPAL E URBANA', 59),
	(1091, '60503025', 'ESTUDOS DA HABITAÇÃO', 59),
	(1092, '60503033', 'ASPECTOS SOCIAIS DO PLANEJAMENTO URBANO E REGIONAL', 59),
	(1093, '60503041', 'ASPECTOS ECONÔMICOS DO PLANEJAMENTO URBANO E REGIONAL', 59),
	(1094, '60503050', 'ASPECTOS FÍSICO-AMBIENTAIS DO PLANEJ. URBANO E REGIONAL', 59),
	(1095, '60503068', 'SERVIÇOS COMUNITÁRIOS', 59),
	(1096, '60503076', 'INFRA-ESTRUTURAS URBANAS E REGIONAIS', 59),
	(1097, '60503084', 'TRANSPORTE E TRÁFEGO URBANO E REGIONAL', 59),
	(1098, '60503092', 'LEGISLAÇÃO URBANA E REGIONAL', 59),
	(1099, '60601000', 'DISTRIBUIÇÃO ESPACIAL', 60),
	(1100, '60601019', 'DISTRIBUIÇÃO ESPACIAL GERAL', 60),
	(1101, '60601027', 'DISTRIBUIÇÃO ESPACIAL URBANA', 60),
	(1102, '60601035', 'DISTRIBUIÇÃO ESPACIAL RURAL', 60),
	(1103, '60602007', 'TENDÊNCIA POPULACIONAL', 60),
	(1104, '60602015', 'TENDÊNCIAS PASSADAS', 60),
	(1105, '60602023', 'TAXAS E ESTIMATIVAS CORRENTES', 60),
	(1106, '60602031', 'PROJEÇÕES', 60),
	(1107, '60603003', 'COMPONENTES DA DINÂMICA DEMOGRÁFICA', 60),
	(1108, '60603011', 'FECUNDIDADE', 60),
	(1109, '60603020', 'MORTALIDADE', 60),
	(1110, '60603038', 'MIGRAÇÃO', 60),
	(1111, '60604000', 'NUPCIALIDADE E FAMÍLIA', 60),
	(1112, '60604018', 'CASAMENTO E DIVÓRCIO', 60),
	(1113, '60604026', 'FAMÍLIA E REPRODUÇÃO', 60),
	(1114, '60605006', 'DEMOGRAFIA HISTÓRICA', 60),
	(1115, '60605014', 'DISTRIBUIÇÃO ESPACIAL', 60),
	(1116, '60605022', 'NATALIDADE, MORTALIDADE, MIGRAÇÃO', 60),
	(1117, '60605049', 'MÉTODOS E TÉCNICAS DE DEMOGRAFIA HISTÓRICA', 60),
	(1118, '60606002', 'POLÍTICA PÚBLICA E POPULAÇÃO', 60),
	(1119, '60606010', 'POLÍTICA POPULACIONAL', 60),
	(1120, '60606029', 'POLÍTICAS DE REDISTRIBUIÇÃO DE POPULAÇÃO', 60),
	(1121, '60606037', 'POLÍTICAS DE PLANEJAMENTO FAMILIAR', 60),
	(1122, '60607009', 'FONTES DE DADOS DEMOGRÁFICOS', 60),
	(1123, '60701005', 'TEORIA DA INFORMAÇÃO', 61),
	(1124, '60701013', 'TEORIA GERAL DA INFORMAÇÃO', 61),
	(1125, '60701021', 'PROCESSOS DA COMUNICAÇÃO', 61),
	(1126, '60701030', 'REPRESENTAÇÃO DA INFORMAÇÃO', 61),
	(1127, '60702001', 'BIBLIOTECONOMIA', 61),
	(1128, '60702010', 'TEORIA DA CLASSIFICAÇÃO', 61),
	(1129, '60702028', 'MÉTODOS QUANTITATIVOS, BIBLIOMETRIA', 61),
	(1130, '60702036', 'TÉCNICAS DE RECUPERAÇÃO DE INFORMAÇÃO', 61),
	(1131, '60702044', 'PROCESSOS DE DISSEMINAÇÃO DA INFORMAÇÃO', 61),
	(1132, '60703008', 'ARQUIVOLOGIA', 61),
	(1133, '60703016', 'ORGANIZAÇÃO DE ARQUIVOS', 61),
	(1134, '60901004', 'TEORIA DA COMUNICAÇÃO', 63),
	(1135, '60902000', 'JORNALISMO E EDITORAÇÃO', 63),
	(1136, '60902019', 'TEORIA E ÉTICA DO JORNALISMO', 63),
	(1137, '60902027', 'ORGANIZAÇÃO EDITORIAL DE JORNAIS', 63),
	(1138, '60902035', 'ORGANIZAÇÃO COMERCIAL DE JORNAIS', 63),
	(1139, '60902043', 'JORNALISMO ESPECIALIZADO (COMUNITÁRIO, RURAL, EMP. CIENTIF.)', 63),
	(1140, '60903007', 'RÁDIO E TELEVISÃO', 63),
	(1141, '60903015', 'RADIODIFUSÃO', 63),
	(1142, '60903023', 'VIDEODIFUSÃO', 63),
	(1143, '60904003', 'RELAÇÕES PÚBLICAS E PROPAGANDA', 63),
	(1144, '60905000', 'COMUNICAÇÃO VISUAL', 63),
	(1145, '61201006', 'PROGRAMAÇÃO VISUAL', 63),
	(1146, '61202002', 'DESENHO DE PRODUTO', 63),
	(1147, '61000000', 'SERVIÇO SOCIAL', 64),
	(1148, '61001007', 'FUNDAMENTOS DO SERVIÇO SOCIAL', 64),
	(1149, '61002003', 'SERVIÇO SOCIAL APLICADO', 64),
	(1150, '61002011', 'SERVIÇO SOCIAL DO TRABALHO', 64),
	(1151, '61002020', 'SERVIÇO SOCIAL DA EDUCAÇÃO', 64),
	(1152, '61002038', 'SERVIÇO SOCIAL DO MENOR', 64),
	(1153, '61002046', 'SERVIÇO SOCIAL DA SAÚDE', 64),
	(1154, '61002054', 'SERVIÇO SOCIAL DA HABITAÇÃO', 64),
	(1155, '61100005', 'ECONOMIA DOMÉSTICA', 64),
	(1156, '70101000', 'HISTÓRIA DA FILOSOFIA', 65),
	(1157, '70102007', 'METAFÍSICA', 65),
	(1158, '70103003', 'LÓGICA', 65),
	(1159, '70104000', 'ÉTICA', 65),
	(1160, '70105006', 'EPISTEMOLOGIA', 65),
	(1161, '70106002', 'FILOSOFIA BRASILEIRA', 65),
	(1162, '71001000', 'HISTÓRIA DA TEOLOGIA', 66),
	(1163, '71002006', 'TEOLOGIA MORAL', 66),
	(1164, '71003002', 'TEOLOGIA SISTEMÁTICA', 66),
	(1165, '71004009', 'TEOLOGIA PASTORAL', 66),
	(1166, '70201005', 'FUNDAMENTOS DA SOCIOLOGIA', 67),
	(1167, '70201013', 'TEORIA SOCIOLÓGICA', 67),
	(1168, '70201021', 'HISTÓRIA DA SOCIOLOGIA', 67),
	(1169, '70202001', 'SOCIOLOGIA DO CONHECIMENTO', 67),
	(1170, '70203008', 'SOCIOLOGIA DO DESENVOLVIMENTO', 67),
	(1171, '70204004', 'SOCIOLOGIA URBANA', 67),
	(1172, '70205000', 'SOCIOLOGIA RURAL', 67),
	(1173, '70206007', 'SOCIOLOGIA DA SAÚDE', 67),
	(1174, '70207003', 'OUTRAS SOCIOLOGIAS ESPECÍFICAS', 67),
	(1175, '70301000', 'TEORIA ANTROPOLÓGICA', 68),
	(1176, '70302006', 'ETNOLOGIA INDÍGENA', 68),
	(1177, '70303002', 'ANTROPOLOGIA URBANA', 68),
	(1178, '70304009', 'ANTROPOLOGIA RURAL', 68),
	(1179, '70305005', 'ANTROPOLOGIA DAS POPULAÇÕES AFRO-BRASILEIRAS', 68),
	(1180, '70401004', 'TEORIA E MÉTODO EM ARQUEOLOGIA', 69),
	(1181, '70402000', 'ARQUEOLOGIA PRÉ-HISTÓRICA', 69),
	(1182, '70403007', 'ARQUEOLOGIA HISTÓRICA', 69),
	(1183, '70501009', 'TEORIA E FILOSOFIA DA HISTÓRIA', 70),
	(1184, '70502005', 'HISTÓRIA ANTIGA E MEDIEVAL', 70),
	(1185, '70503001', 'HISTÓRIA MODERNA E CONTEMPORÂNEA', 70),
	(1186, '70504008', 'HISTÓRIA DA AMÉRICA', 70),
	(1187, '70504016', 'HISTÓRIA DOS ESTADOS UNIDOS', 70),
	(1188, '70504024', 'HISTÓRIA LATINO-AMERICANA', 70),
	(1189, '70505004', 'HISTÓRIA DO BRASIL', 70),
	(1190, '70505012', 'HISTÓRIA DO BRASIL COLÔNIA', 70),
	(1191, '70505020', 'HISTÓRIA DO BRASIL IMPÉRIO', 70),
	(1192, '70505039', 'HISTÓRIA DO BRASIL REPÚBLICA', 70),
	(1193, '70505047', 'HISTÓRIA REGIONAL DO BRASIL', 70),
	(1194, '70506000', 'HISTÓRIA DAS CIÊNCIAS', 70),
	(1195, '70601003', 'GEOGRAFIA HUMANA', 71),
	(1196, '70601011', 'GEOGRAFIA DA POPULAÇÃO', 71),
	(1197, '70601020', 'GEOGRAFIA AGRÁRIA', 71),
	(1198, '70601038', 'GEOGRAFIA URBANA', 71),
	(1199, '70601046', 'GEOGRAFIA ECONÔMICA', 71),
	(1200, '70601054', 'GEOGRAFIA POLÍTICA', 71),
	(1201, '70602000', 'GEOGRAFIA REGIONAL', 71),
	(1202, '70602018', 'TEORIA DO DESENVOLVIMENTO REGIONAL', 71),
	(1203, '70602026', 'REGIONALIZAÇÃO', 71),
	(1204, '70602034', 'ANÁLISE REGIONAL', 71),
	(1205, '70701008', 'FUNDAMENTOS E MEDIDAS DA PSICOLOGIA', 72),
	(1206, '70701016', 'HISTÓRIA, TEORIAS E SISTEMAS EM PSICOLOGIA', 72),
	(1207, '70701024', 'METODOLOGIA, INSTRUMENTAÇÃO E EQUIPAMENTO EM PSICOLOGIA', 72),
	(1208, '70701032', 'CONSTRUÇÃO E VALIDADE DE TESTES, ESC. E O. MEDIDAS PSICOLÓG.', 72),
	(1209, '70701040', 'TÉCN. DE PROCES. ESTÁT., MATEMÁTICO E COMPUT. EM PSICOLOGIA', 72),
	(1210, '70702004', 'PSICOLOGIA EXPERIMENTAL', 72),
	(1211, '70702012', 'PROCESSOS PERCEPTUAIS E MOTORES', 72),
	(1212, '70702020', 'PROCESSOS DE APRENDIZAGEM, MEMÓRIA E MOTIVAÇÃO', 72),
	(1213, '70702039', 'PROCESSOS COGNITIVOS E ATENCIONAIS', 72),
	(1214, '70702047', 'ESTADOS SUBJETIVOS E EMOÇÃO', 72),
	(1215, '70703000', 'PSICOLOGIA FISIOLÓGICA', 72),
	(1216, '70703019', 'NEUROLOGIA, ELETROFISIOLOGIA E COMPORTAMENTO', 72),
	(1217, '70703027', 'PROCESSOS PSICO-FISIOLÓGICOS', 72),
	(1218, '70703035', 'ESTIMULAÇÃO ELÉTRICA E COM DROGAS; COMPORTAMENTO', 72),
	(1219, '70703043', 'PSICOBIOLOGIA', 72),
	(1220, '70704007', 'PSICOLOGIA COMPARATIVA', 72),
	(1221, '70704015', 'ESTUDOS NATURALÍSTICOS DO COMPORTAMENTO ANIMAL', 72),
	(1222, '70704023', 'MECANISMOS INSTINTIVOS E PROCESSOS SOCIAIS EM ANIMAIS', 72),
	(1223, '70705003', 'PSICOLOGIA SOCIAL', 72),
	(1224, '70705011', 'RELAÇÕES INTERPESSOAIS', 72),
	(1225, '70705020', 'PROCESSOS GRUPAIS E DE COMUNICAÇÃO', 72),
	(1226, '70705038', 'PAPEIS E ESTRUTURAS SOCIAIS; INDIVÍDUO', 72),
	(1227, '70706000', 'PSICOLOGIA COGNITIVA', 72),
	(1228, '70707006', 'PSICOLOGIA DO DESENVOLVIMENTO HUMANO', 72),
	(1229, '70707014', 'PROCESSOS PERCEPTUAIS E COGNITIVOS; DESENVOLVIMENTO', 72),
	(1230, '70707022', 'DESENVOLVIMENTO SOCIAL E DA PERSONALIDADE', 72),
	(1231, '70708002', 'PSICOLOGIA DO ENSINO E DA APRENDIZAGEM', 72),
	(1232, '70708010', 'PLANEJAMENTO INSTITUCIONAL', 72),
	(1233, '70708029', 'PROGRAMAÇÃO DE CONDIÇÕES DE ENSINO', 72),
	(1234, '70708037', 'TREINAMENTO DE PESSOAL', 72),
	(1235, '70708045', 'APRENDIZAGEM E DESEMPENHO ACADÊMICOS', 72),
	(1236, '70708053', 'ENSINO E APRENDIZAGEM NA SALA DE AULA', 72),
	(1237, '70709009', 'PSICOLOGIA DO TRABALHO E ORGANIZACIONAL', 72),
	(1238, '70709017', 'ANÁLISE INSTITUCIONAL', 72),
	(1239, '70709025', 'RECRUTAMENTO E SELEÇÃO DE PESSOAL', 72),
	(1240, '70709033', 'TREINAMENTO E AVALIAÇÃO', 72),
	(1241, '70709041', 'FATORES HUMANOS NO TRABALHO', 72),
	(1242, '70709050', 'PLANEJAMENTO AMBIENTAL E COMPORTAMENTO HUMANO', 72),
	(1243, '70710007', 'TRATAMENTO E PREVENÇÃO PSICOLÓGICA', 72),
	(1244, '70710015', 'INTERVENÇÃO TERAPÊUTICA', 72),
	(1245, '70710023', 'PROGRAMAS DE ATENDIMENTO COMUNITÁRIO', 72),
	(1246, '70710031', 'TREINAMENTO E REABILITAÇÃO', 72),
	(1247, '70710040', 'DESVIOS DA CONDUTA', 72),
	(1248, '70710058', 'DISTÚRBIOS DA LINGUAGEM', 72),
	(1249, '70710066', 'DISTÚRBIOS PSICOSSOMÁTICOS', 72),
	(1250, '70801002', 'FUNDAMENTOS DA EDUCAÇÃO', 73),
	(1251, '70801010', 'FILOSOFIA DA EDUCAÇÃO', 73),
	(1252, '70801029', 'HISTÓRIA DA EDUCAÇÃO', 73),
	(1253, '70801037', 'SOCIOLOGIA DA EDUCAÇÃO', 73),
	(1254, '70801045', 'ANTROPOLOGIA EDUCACIONAL', 73),
	(1255, '70801053', 'ECONOMIA DA EDUCAÇÃO', 73),
	(1256, '70801061', 'PSICOLOGIA EDUCACIONAL', 73),
	(1257, '70802009', 'ADMINISTRAÇÃO EDUCACIONAL', 73),
	(1258, '70802017', 'ADMINISTRAÇÃO DE SISTEMAS EDUCACIONAIS', 73),
	(1259, '70802025', 'ADMINISTRAÇÃO DE UNIDADES EDUCATIVAS', 73),
	(1260, '70803005', 'PLANEJAMENTO E AVALIAÇÃO EDUCACIONAL', 73),
	(1261, '70803013', 'POLÍTICA EDUCACIONAL', 73),
	(1262, '70803021', 'PLANEJAMENTO EDUCACIONAL', 73),
	(1263, '70803030', 'AVAL. DE SISTEMAS, INST. PLANOS  E PROGRAMAS EDUCACIONAIS', 73),
	(1264, '70804001', 'ENSINO-APRENDIZAGEM', 73),
	(1265, '70804010', 'TEORIAS DA INSTRUÇÃO', 73),
	(1266, '70804028', 'MÉTODOS E TÉCNICAS DE ENSINO', 73),
	(1267, '70804036', 'TECNOLOGIA EDUCACIONAL', 73),
	(1268, '70804044', 'AVALIAÇÃO DA APRENDIZAGEM', 73),
	(1269, '70805008', 'CURRÍCULO', 73),
	(1270, '70805016', 'TEORIA GERAL DE PLANEJAMENTO E DESENV. CURRICULAR', 73),
	(1271, '70805024', 'CURRÍCULOS ESPECÍFICOS PARA NÍVEIS E TIPOS DE EDUCAÇÃO', 73),
	(1272, '70806004', 'ORIENTAÇÃO E ACONSELHAMENTO', 73),
	(1273, '70806012', 'ORIENTAÇÃO EDUCACIONAL', 73),
	(1274, '70806020', 'ORIENTAÇÃO VOCACIONAL', 73),
	(1275, '70807000', 'TÓPICOS ESPECÍFICOS DE EDUCAÇÃO', 73),
	(1276, '70807019', 'EDUCAÇÃO DE ADULTOS', 73),
	(1277, '70807027', 'EDUCAÇÃO PERMANENTE', 73),
	(1278, '70807035', 'EDUCAÇÃO RURAL', 73),
	(1279, '70807043', 'EDUCAÇÃO EM PERIFERIAS URBANAS', 73),
	(1280, '70807051', 'EDUCAÇÃO ESPECIAL', 73),
	(1281, '70807060', 'EDUCAÇÃO PRÉ-ESCOLAR', 73),
	(1282, '70807078', 'ENSINO PROFISSIONALIZANTE', 73),
	(1283, '70901007', 'TEORIA POLÍTICA', 74),
	(1284, '70901015', 'TEORIA POLÍTICA CLÁSSICA', 74),
	(1285, '70901023', 'TEORIA POLÍTICA MEDIEVAL', 74),
	(1286, '70901031', 'TEORIA POLÍTICA MODERNA', 74),
	(1287, '70901040', 'TEORIA POLÍTICA CONTEMPORÂNEA', 74),
	(1288, '70902003', 'ESTADO E GOVERNO', 74),
	(1289, '70902011', 'ESTRUTURA E TRANSFORMAÇÃO DO ESTADO', 74),
	(1290, '70902020', 'SISTEMAS GOVERNAMENTAIS COMPARADOS', 74),
	(1291, '70902038', 'RELAÇÕES INTERGOVERNAMENTAIS', 74),
	(1292, '70902046', 'ESTUDOS DO PODER LOCAL', 74),
	(1293, '70902054', 'INSTITUIÇÕES GOVERNAMENTAIS ESPECÍFICAS', 74),
	(1294, '70903000', 'COMPORTAMENTO POLÍTICO', 74),
	(1295, '70903018', 'ESTUDOS ELEITORAIS E PARTIDOS POLÍTICOS', 74),
	(1296, '70903026', 'ATITUDE E IDEOLOGIAS POLÍTICAS', 74),
	(1297, '70903034', 'CONFLITOS E COALIZÕES POLÍTICAS', 74),
	(1298, '70903042', 'COMPORTAMENTO LEGISLATIVO', 74),
	(1299, '70903050', 'CLASSES SOCIAIS E GRUPOS DE INTERESSE', 74),
	(1300, '70904006', 'POLÍTICAS PÚBLICAS', 74),
	(1301, '70904014', 'ANÁLISE DO PROCESSO DECISÓRIO', 74),
	(1302, '70904022', 'ANÁLISE INSTITUCIONAL', 74),
	(1303, '70904030', 'TÉCNICAS DE ANTECIPAÇÃO', 74),
	(1304, '70905002', 'POLÍTICA INTERNACIONAL', 74),
	(1305, '70905010', 'POLÍTICA EXTERNA DO BRASIL', 74),
	(1306, '70905029', 'ORGANIZAÇÕES INTERNACIONAIS', 74),
	(1307, '70905037', 'INTEGRAÇÃO INTERNACIONAL, CONFLITO, GUERRA E PAZ', 74),
	(1308, '70905045', 'RELAÇÕES INTERNACIONAIS, BILATERAIS E MULTILATERAIS', 74),
	(1309, '80101003', 'TEORIA E ANÁLISE LINGUÍSTICA', 75),
	(1310, '80102000', 'FISIOLOGIA DA LINGUAGEM', 75),
	(1311, '80103006', 'LINGÜÍSTICA HISTÓRICA', 75),
	(1312, '80104002', 'SOCIOLINGUÍSTICA E DIALETOLOGIA', 75),
	(1313, '80105009', 'PSICOLINGUÍSTICA', 75),
	(1314, '80106005', 'LINGUÍSTICA APLICADA', 75),
	(1315, '80201008', 'LÍNGUA PORTUGUESA', 76),
	(1316, '80202004', 'LÍNGUAS ESTRANGEIRAS MODERNAS', 76),
	(1317, '80203000', 'LÍNGUAS CLÁSSICAS', 76),
	(1318, '80204007', 'LÍNGUAS INDÍGENAS', 76),
	(1319, '80205003', 'TEORIA LITERARIA', 76),
	(1320, '80206000', 'LITERATURA BRASILEIRA', 76),
	(1321, '80207006', 'OUTRAS LITERATURAS VERNÁCULAS', 76),
	(1322, '80208002', 'LITERATURAS ESTRANGEIRAS MODERNAS', 76),
	(1323, '80209009', 'LITERATURAS CLÁSSICAS', 76),
	(1324, '80210007', 'LITERATURA COMPARADA', 76),
	(1325, '80301002', 'FUNDAMENTOS E CRÍTICA DAS ARTES', 77),
	(1326, '80301010', 'TEORIA DA ARTE', 77),
	(1327, '80301029', 'HISTÓRIA DA ARTE', 77),
	(1328, '80301037', 'CRÍTICA DA ARTE', 77),
	(1329, '80302009', 'ARTES PLÁSTICAS', 77),
	(1330, '80302017', 'PINTURA', 77),
	(1331, '80302025', 'DESENHO', 77),
	(1332, '80302033', 'GRAVURA', 77),
	(1333, '80302041', 'ESCULTURA', 77),
	(1334, '80302050', 'CERÂMICA', 77),
	(1335, '80302068', 'TECELAGEM', 77),
	(1336, '80303005', 'MÚSICA', 77),
	(1337, '80303013', 'REGÊNCIA', 77),
	(1338, '80303021', 'INSTRUMENTAÇÃO MUSICAL', 77),
	(1339, '80303030', 'COMPOSIÇÃO MUSICAL', 77),
	(1340, '80303048', 'CANTO', 77),
	(1341, '80304001', 'DANÇA', 77),
	(1342, '80304010', 'EXECUÇÃO DA DANÇA', 77),
	(1343, '80304028', 'COREOGRAFIA', 77),
	(1344, '80305008', 'TEATRO', 77),
	(1345, '80305016', 'DRAMATURGIA', 77),
	(1346, '80305024', 'DIREÇÃO TEATRAL', 77),
	(1347, '80305032', 'CENOGRAFIA', 77),
	(1348, '80305040', 'INTERPRETAÇÃO TEATRAL', 77),
	(1349, '80306004', 'ÓPERA', 77),
	(1350, '80307000', 'FOTOGRAFIA', 77),
	(1351, '80308007', 'CINEMA', 77),
	(1352, '80308015', 'ADMINISTRAÇÃO E PRODUÇÃO DE FILMES', 77),
	(1353, '80308023', 'ROTEIRO E DIREÇÃO CINEMATOGRÁFICOS', 77),
	(1354, '80308031', 'TÉCNICAS DE REGISTROS E PROCESSAMENTO DE FILMES', 77),
	(1355, '80308040', 'INTERPRETAÇÃO CINEMATOGRÁFICA', 77),
	(1356, '80309003', 'ARTES DO VÍDEO', 77),
	(1357, '80310001', 'EDUCAÇÃO ARTÍSTICA', 77),
	(1358, '90191000', 'MEIO AMBIENTE E AGRÁRIAS', 78),
	(1359, '90192000', 'SOCIAIS E HUMANIDADES', 78),
	(1360, '90193000', 'ENGENHARIA/TECNOLOGIA/GESTÃO', 78),
	(1361, '90194000', 'SAÚDE E BIOLÓGICAS', 78),
	(1362, '90201000', 'ENSINO DE CIÊNCIAS E MATEMÁTICA', 79);

/*!40103 SET TIME_ZONE=IFNULL(@OLD_TIME_ZONE, 'system') */;
/*!40101 SET SQL_MODE=IFNULL(@OLD_SQL_MODE, '') */;
/*!40014 SET FOREIGN_KEY_CHECKS=IFNULL(@OLD_FOREIGN_KEY_CHECKS, 1) */;
/*!40101 SET CHARACTER_SET_CLIENT=@OLD_CHARACTER_SET_CLIENT */;
/*!40111 SET SQL_NOTES=IFNULL(@OLD_SQL_NOTES, 1) */;
