-- --------------------------------------------------------
-- Servidor:                     127.0.0.1
-- Versão do servidor:           10.10.2-MariaDB - mariadb.org binary distribution
-- OS do Servidor:               Win64
-- HeidiSQL Versão:              12.5.0.6677
-- --------------------------------------------------------

/*!40101 SET @OLD_CHARACTER_SET_CLIENT=@@CHARACTER_SET_CLIENT */;
/*!40101 SET NAMES utf8 */;
/*!50503 SET NAMES utf8mb4 */;
/*!40103 SET @OLD_TIME_ZONE=@@TIME_ZONE */;
/*!40103 SET TIME_ZONE='+00:00' */;
/*!40014 SET @OLD_FOREIGN_KEY_CHECKS=@@FOREIGN_KEY_CHECKS, FOREIGN_KEY_CHECKS=0 */;
/*!40101 SET @OLD_SQL_MODE=@@SQL_MODE, SQL_MODE='NO_AUTO_VALUE_ON_ZERO' */;
/*!40111 SET @OLD_SQL_NOTES=@@SQL_NOTES, SQL_NOTES=0 */;


-- Copiando estrutura do banco de dados para cinemas
DROP DATABASE IF EXISTS `cinemas`;
CREATE DATABASE IF NOT EXISTS `cinemas` /*!40100 DEFAULT CHARACTER SET utf8mb3 COLLATE utf8mb3_general_ci */;
USE `cinemas`;

-- Copiando estrutura para tabela cinemas.atores
DROP TABLE IF EXISTS `atores`;
CREATE TABLE IF NOT EXISTS `atores` (
  `idatores` int(11) NOT NULL AUTO_INCREMENT,
  `nome` varchar(45) NOT NULL,
  `segurosocial` varchar(45) DEFAULT NULL,
  `idade` int(11) DEFAULT NULL,
  `nacionalidade` varchar(45) DEFAULT NULL,
  `sexo` char(1) DEFAULT NULL,
  PRIMARY KEY (`idatores`)
) ENGINE=InnoDB AUTO_INCREMENT=107 DEFAULT CHARSET=utf8mb3 COLLATE=utf8mb3_general_ci;

-- Copiando dados para a tabela cinemas.atores: ~106 rows (aproximadamente)
REPLACE INTO `atores` (`idatores`, `nome`, `segurosocial`, `idade`, `nacionalidade`, `sexo`) VALUES
	(1, 'Brad Pitt', '1223', 40, 'americano', 'm'),
	(2, 'Angelina Jolie', '1224', 51, 'americano', 'f'),
	(3, 'Vera Fischer', '1224', 61, 'brasileiro', 'f'),
	(4, 'Leonardo DiCaprio', '2444', 41, 'americano', 'm'),
	(5, 'Paola Oliveira', '0012', 29, 'brasileiro', 'f'),
	(6, 'Cris Pratt', '8888', 33, 'americano', 'm'),
	(7, 'Tom Hanks', NULL, 66, 'Estados Unidos', 'm'),
	(8, 'Meryl Streep', NULL, 73, 'Estados Unidos', 'f'),
	(9, 'Robert Downey Jr.', NULL, 57, 'Estados Unidos', 'm'),
	(10, 'Angelina Jolie', NULL, 47, 'Estados Unidos', 'f'),
	(11, 'Leonardo DiCaprio', NULL, 48, 'Estados Unidos', 'm'),
	(12, 'Jennifer Lawrence', NULL, 32, 'Estados Unidos', 'f'),
	(13, 'Brad Pitt', NULL, 59, 'Estados Unidos', 'm'),
	(14, 'Julia Roberts', NULL, 55, 'Estados Unidos', 'f'),
	(15, 'Denzel Washington', NULL, 68, 'Estados Unidos', 'm'),
	(16, 'Charlize Theron', NULL, 47, 'África do Sul', 'f'),
	(17, 'Johnny Depp', NULL, 59, 'Estados Unidos', 'm'),
	(18, 'Sandra Bullock', NULL, 58, 'Estados Unidos', 'f'),
	(19, 'Will Smith', NULL, 54, 'Estados Unidos', 'm'),
	(20, 'Nicole Kidman', NULL, 55, 'Austrália', 'f'),
	(21, 'Hugh Jackman', NULL, 54, 'Austrália', 'm'),
	(22, 'Cate Blanchett', NULL, 53, 'Austrália', 'f'),
	(23, 'George Clooney', NULL, 61, 'Estados Unidos', 'm'),
	(24, 'Natalie Portman', NULL, 41, 'Israel / Estados Unidos', 'f'),
	(25, 'Samuel L. Jackson', NULL, 74, 'Estados Unidos', 'm'),
	(26, 'Emma Stone', NULL, 34, 'Estados Unidos', 'f'),
	(27, 'Matt Damon', NULL, 52, 'Estados Unidos', 'm'),
	(28, 'Anne Hathaway', NULL, 40, 'Estados Unidos', 'f'),
	(29, 'Christian Bale', NULL, 49, 'Reino Unido', 'm'),
	(30, 'Scarlett Johansson', NULL, 38, 'Estados Unidos', 'f'),
	(31, 'Ryan Reynolds', NULL, 46, 'Canadá', 'm'),
	(32, 'Halle Berry', NULL, 56, 'Estados Unidos', 'f'),
	(33, 'Mark Ruffalo', NULL, 55, 'Estados Unidos', 'm'),
	(34, 'Penélope Cruz', NULL, 49, 'Espanha', 'f'),
	(35, 'Chris Evans', NULL, 41, 'Estados Unidos', 'm'),
	(36, 'Keira Knightley', NULL, 37, 'Reino Unido', 'f'),
	(37, 'Tom Cruise', NULL, 60, 'Estados Unidos', 'm'),
	(38, 'Kate Winslet', NULL, 47, 'Reino Unido', 'f'),
	(39, 'Jake Gyllenhaal', NULL, 42, 'Estados Unidos', 'm'),
	(40, 'Rachel McAdams', NULL, 34, 'Canadá', 'f'),
	(41, 'Morgan Freeman', NULL, 85, 'Estados Unidos', 'm'),
	(42, 'Jessica Chastain', NULL, 45, 'Estados Unidos', 'f'),
	(43, 'Daniel Craig', NULL, 54, 'Reino Unido', 'm'),
	(44, 'Viola Davis', NULL, 57, 'Estados Unidos', 'f'),
	(45, 'Joaquin Phoenix', NULL, 48, 'Estados Unidos', 'm'),
	(46, 'Jennifer Aniston', NULL, 54, 'Estados Unidos', 'f'),
	(47, 'Colin Firth', NULL, 62, 'Reino Unido', 'm'),
	(48, 'Reese Witherspoon', NULL, 47, 'Estados Unidos', 'f'),
	(49, 'Chris Hemsworth', NULL, 39, 'Austrália', 'm'),
	(50, 'Michelle Pfeiffer', NULL, 64, 'Estados Unidos', 'f'),
	(51, 'Benedict Cumberbatch', NULL, 46, 'Reino Unido', 'm'),
	(52, 'Emma Watson', NULL, 32, 'Reino Unido', 'f'),
	(53, 'Russell Crowe', NULL, 58, 'Nova Zelândia / Austrália', 'm'),
	(54, 'Amy Adams', NULL, 48, 'Estados Unidos', 'f'),
	(55, 'Tom Hardy', NULL, 45, 'Reino Unido', 'm'),
	(56, 'Zoe Saldana', NULL, 44, 'Estados Unidos', 'f'),
	(57, 'Keanu Reeves', NULL, 58, 'Canadá', 'm'),
	(58, 'Salma Hayek', NULL, 56, 'México', 'f'),
	(59, 'Ryan Gosling', NULL, 42, 'Canadá', 'm'),
	(60, 'Lupita Nyong\'o', NULL, 39, 'Quênia', 'f'),
	(61, 'Matthew McConaughey', NULL, 53, 'Estados Unidos', 'm'),
	(62, 'Natalie Dormer', NULL, 40, 'Reino Unido', 'f'),
	(63, 'Michael B. Jordan', NULL, 35, 'Estados Unidos', 'm'),
	(64, 'Marion Cotillard', NULL, 47, 'França', 'f'),
	(65, 'Idris Elba', NULL, 50, 'Reino Unido', 'm'),
	(66, 'Gal Gadot', NULL, 37, 'Israel', 'f'),
	(67, 'Jeremy Renner', NULL, 51, 'Estados Unidos', 'm'),
	(68, 'Uma Thurman', NULL, 52, 'Estados Unidos', 'f'),
	(69, 'Chris Pratt', NULL, 43, 'Estados Unidos', 'm'),
	(70, 'Diane Kruger', NULL, 46, 'Alemanha', 'f'),
	(71, 'Ben Affleck', NULL, 50, 'Estados Unidos', 'm'),
	(72, 'Winona Ryder', NULL, 51, 'Estados Unidos', 'f'),
	(73, 'Ethan Hawke', NULL, 52, 'Estados Unidos', 'm'),
	(74, 'Amanda Seyfried', NULL, 37, 'Estados Unidos', 'f'),
	(75, 'Colin Farrell', NULL, 46, 'Irlanda', 'm'),
	(76, 'Julianne Moore', NULL, 62, 'Estados Unidos', 'f'),
	(77, 'Joseph Gordon-Levitt', NULL, 42, 'Estados Unidos', 'm'),
	(78, 'Charlize Theron', NULL, 47, 'África do Sul', 'f'),
	(79, 'Eddie Redmayne', NULL, 40, 'Reino Unido', 'm'),
	(80, 'Emily Blunt', NULL, 39, 'Reino Unido', 'f'),
	(81, 'Jared Leto', NULL, 51, 'Estados Unidos', 'm'),
	(82, 'Olivia Colman', NULL, 49, 'Reino Unido', 'f'),
	(83, 'Chris Pine', NULL, 42, 'Estados Unidos', 'm'),
	(84, 'Michelle Williams', NULL, 42, 'Estados Unidos', 'f'),
	(85, 'Bradley Cooper', NULL, 48, 'Estados Unidos', 'm'),
	(86, 'Penelope Cruz', NULL, 49, 'Espanha', 'f'),
	(87, 'Zachary Levi', NULL, 42, 'Estados Unidos', 'm'),
	(88, 'Jennifer Lopez', NULL, 53, 'Estados Unidos', 'f'),
	(89, 'Zachary Quinto', NULL, 45, 'Estados Unidos', 'm'),
	(90, 'Brie Larson', NULL, 33, 'Estados Unidos', 'f'),
	(91, 'Daniel Radcliffe', NULL, 33, 'Reino Unido', 'm'),
	(92, 'Kate Hudson', NULL, 43, 'Estados Unidos', 'f'),
	(93, 'Jamie Foxx', NULL, 55, 'Estados Unidos', 'm'),
	(94, 'Anne Hathaway', NULL, 40, 'Estados Unidos', 'f'),
	(95, 'Daniel Day-Lewis', NULL, 65, 'Reino Unido', 'm'),
	(96, 'Rosamund Pike', NULL, 43, 'Reino Unido', 'f'),
	(97, 'Ryan Reynolds', NULL, 46, 'Canadá', 'm'),
	(98, 'Emily Blunt', NULL, 39, 'Reino Unido', 'f'),
	(99, 'Tom Holland', NULL, 26, 'Reino Unido', 'm'),
	(100, 'Alicia Vikander', NULL, 34, 'Suécia', 'f'),
	(101, 'Michael Fassbender', NULL, 45, 'Alemanha / Irlanda', 'm'),
	(102, 'Gwyneth Paltrow', NULL, 50, 'Estados Unidos', 'f'),
	(103, 'Kit Harington', NULL, 35, 'Reino Unido', 'm'),
	(104, 'Emilia Clarke', NULL, 35, 'Reino Unido', 'f'),
	(105, 'Jason Momoa', NULL, 43, 'Estados Unidos', 'm'),
	(106, 'Zendaya', NULL, 25, 'Estados Unidos', 'f');

-- Copiando estrutura para tabela cinemas.categorias
DROP TABLE IF EXISTS `categorias`;
CREATE TABLE IF NOT EXISTS `categorias` (
  `idcategorias` int(11) NOT NULL AUTO_INCREMENT,
  `nome` varchar(45) DEFAULT NULL,
  PRIMARY KEY (`idcategorias`)
) ENGINE=InnoDB AUTO_INCREMENT=11 DEFAULT CHARSET=utf8mb3 COLLATE=utf8mb3_general_ci;

-- Copiando dados para a tabela cinemas.categorias: ~10 rows (aproximadamente)
REPLACE INTO `categorias` (`idcategorias`, `nome`) VALUES
	(1, 'humor'),
	(2, 'terror'),
	(3, 'romance'),
	(4, 'ação'),
	(5, 'suspense'),
	(6, 'aventura'),
	(7, 'fantasia'),
	(8, 'animação'),
	(9, 'comédia'),
	(10, 'musical');

-- Copiando estrutura para tabela cinemas.elenco
DROP TABLE IF EXISTS `elenco`;
CREATE TABLE IF NOT EXISTS `elenco` (
  `idfilmes` int(11) NOT NULL,
  `idatores` int(11) NOT NULL,
  `cache` float DEFAULT NULL,
  `papel` varchar(45) DEFAULT NULL,
  `tipofisico` varchar(45) DEFAULT NULL,
  PRIMARY KEY (`idfilmes`,`idatores`),
  KEY `fk_filmes_has_atores_atores1_idx` (`idatores`),
  KEY `fk_filmes_has_atores_filmes1_idx` (`idfilmes`),
  CONSTRAINT `fk_filmes_has_atores_atores1` FOREIGN KEY (`idatores`) REFERENCES `atores` (`idatores`),
  CONSTRAINT `fk_filmes_has_atores_filmes1` FOREIGN KEY (`idfilmes`) REFERENCES `filmes` (`idfilmes`)
) ENGINE=InnoDB DEFAULT CHARSET=utf8mb3 COLLATE=utf8mb3_general_ci;

-- Copiando dados para a tabela cinemas.elenco: ~753 rows (aproximadamente)
REPLACE INTO `elenco` (`idfilmes`, `idatores`, `cache`, `papel`, `tipofisico`) VALUES
	(1, 1, 209146, NULL, 'Professor sábio'),
	(1, 35, 10251, NULL, 'Robô companheiro'),
	(1, 77, 154269, NULL, 'Detetive habilidoso'),
	(1, 86, 102383, NULL, 'Atriz talentosa'),
	(2, 2, 10922, NULL, 'Vilã manipuladora'),
	(2, 26, 74101, NULL, 'Vilã manipuladora'),
	(2, 67, 29983, NULL, 'Médico compassivo'),
	(3, 25, 93334, NULL, 'Avô amoroso'),
	(3, 31, 52892, NULL, 'Criminoso carismático'),
	(3, 33, 40110, NULL, 'Conselheiro sábio'),
	(3, 92, 86678, NULL, 'Assassina habilidosa'),
	(4, 21, 120524, NULL, 'Jornalista investigativo'),
	(4, 24, 106035, NULL, 'Advogada determinada'),
	(4, 30, 72264, NULL, 'Rebelde com coração de ouro'),
	(4, 51, 148218, NULL, 'Artista excêntrico'),
	(4, 54, 131344, NULL, 'Mãe solteira'),
	(4, 68, 36899, NULL, 'Artista excêntrico'),
	(4, 91, 107318, NULL, 'Jovem prodígio'),
	(5, 5, 32330, NULL, 'Caçadora furtiva'),
	(5, 7, 19188, NULL, 'Criminoso carismático'),
	(5, 20, 138308, NULL, 'Artista excêntrico'),
	(5, 99, 64836, NULL, 'Detento reformado'),
	(6, 3, 47197, NULL, 'Exploradora destemida'),
	(6, 10, 205847, NULL, 'Mãe solteira'),
	(6, 13, 188406, NULL, 'Artista marcial lendário'),
	(6, 47, 188035, NULL, 'Detento reformado'),
	(6, 69, 58527, NULL, 'Líder carismático'),
	(6, 76, 19074, NULL, 'Aventureira destemida'),
	(6, 79, 199484, NULL, 'Detetive particular'),
	(6, 99, 79895, NULL, 'Jovem prodígio'),
	(7, 2, 69416, NULL, 'Robô companheiro'),
	(7, 3, 63943, NULL, 'Assassina habilidosa'),
	(7, 14, 193239, NULL, 'Aventureira destemida'),
	(7, 18, 167573, NULL, 'Assassina habilidosa'),
	(7, 20, 162436, NULL, 'Advogada determinada'),
	(7, 44, 17184, NULL, 'Advogada determinada'),
	(7, 52, 171123, NULL, 'Vilã manipuladora'),
	(7, 95, 110559, NULL, 'Detento reformado'),
	(7, 96, 108027, NULL, 'Rebelde com coração de ouro'),
	(8, 22, 154988, NULL, 'Advogada determinada'),
	(8, 29, 112671, NULL, 'Avô amoroso'),
	(8, 39, 57934, NULL, 'Artista excêntrico'),
	(8, 53, 171541, NULL, 'Mágico ilusionista'),
	(8, 63, 113301, NULL, 'Detento reformado'),
	(8, 66, 99153, NULL, 'Vilã manipuladora'),
	(8, 68, 79774, NULL, 'Vilã manipuladora'),
	(8, 76, 34450, NULL, 'Atriz em ascensão'),
	(8, 79, 13265, NULL, 'Soldado corajoso'),
	(8, 95, 118074, NULL, 'Jovem promissor'),
	(8, 99, 97272, NULL, 'Soldado corajoso'),
	(9, 22, 164590, NULL, 'Rainha poderosa'),
	(9, 30, 114499, NULL, 'Robô companheiro'),
	(9, 85, 182705, NULL, 'Jovem prodígio'),
	(9, 91, 150561, NULL, 'Vigilante mascarado'),
	(10, 4, 86620, NULL, 'Lutador de rua durão'),
	(10, 5, 80671, NULL, 'Caçadora furtiva'),
	(10, 40, 69370, NULL, 'Exploradora destemida'),
	(10, 42, 59237, NULL, 'Artista excêntrico'),
	(10, 56, 171292, NULL, 'Assassina habilidosa'),
	(10, 57, 167399, NULL, 'Líder carismático'),
	(10, 87, 180815, NULL, 'Jovem prodígio'),
	(11, 17, 22320, NULL, 'Conselheiro sábio'),
	(11, 25, 173129, NULL, 'Mágico ilusionista'),
	(11, 61, 151502, NULL, 'Soldado corajoso'),
	(11, 68, 106053, NULL, 'Exploradora destemida'),
	(11, 79, 48655, NULL, 'Lutador de rua durão'),
	(11, 95, 149296, NULL, 'Líder carismático'),
	(11, 97, 133546, NULL, 'Piloto de corrida audacioso'),
	(12, 14, 46644, NULL, 'Atriz em ascensão'),
	(12, 19, 209397, NULL, 'Gênio excêntrico'),
	(12, 32, 132636, NULL, 'Heroína destemida'),
	(12, 41, 82131, NULL, 'Líder carismático'),
	(12, 54, 205718, NULL, 'Robô companheiro'),
	(12, 64, 144024, NULL, 'Heroína destemida'),
	(12, 88, 203279, NULL, 'Heroína destemida'),
	(12, 92, 176139, NULL, 'Vilã manipuladora'),
	(12, 95, 157440, NULL, 'Serial killer psicopata'),
	(13, 13, 65282, NULL, 'Jovem prodígio'),
	(13, 22, 10645, NULL, 'Atriz talentosa'),
	(13, 28, 174241, NULL, 'Advogada determinada'),
	(13, 36, 124192, NULL, 'Artista excêntrico'),
	(13, 63, 155938, NULL, 'Prisioneiro injustiçado'),
	(13, 65, 143459, NULL, 'Serial killer psicopata'),
	(13, 72, 105615, NULL, 'Exploradora destemida'),
	(13, 82, 46161, NULL, 'Personagem enigmático'),
	(13, 87, 20094, NULL, 'Lutador de rua durão'),
	(14, 18, 34407, NULL, 'Exploradora destemida'),
	(14, 56, 206324, NULL, 'Heroína destemida'),
	(14, 59, 188095, NULL, 'Artista excêntrico'),
	(14, 77, 85634, NULL, 'Espião disfarçado'),
	(14, 91, 202488, NULL, 'Mágico ilusionista'),
	(14, 98, 155290, NULL, 'Médica determinada'),
	(15, 64, 173521, NULL, 'Artista excêntrico'),
	(15, 70, 135302, NULL, 'Caçadora furtiva'),
	(15, 73, 124345, NULL, 'Médico compassivo'),
	(15, 83, 57169, NULL, 'Professor sábio'),
	(16, 3, 148411, NULL, 'Atriz talentosa'),
	(16, 21, 44027, NULL, 'Conselheiro sábio'),
	(16, 28, 207056, NULL, 'Caçadora furtiva'),
	(16, 30, 185552, NULL, 'Vilã manipuladora'),
	(16, 42, 121716, NULL, 'Aventureira destemida'),
	(16, 48, 76495, NULL, 'Atriz talentosa'),
	(16, 51, 55732, NULL, 'Artista marcial lendário'),
	(16, 60, 14549, NULL, 'Robô companheiro'),
	(16, 87, 49058, NULL, 'Artista excêntrico'),
	(17, 6, 147068, NULL, 'Policial incorruptível'),
	(17, 33, 177557, NULL, 'Professor sábio'),
	(17, 34, 175333, NULL, 'Heroína destemida'),
	(17, 40, 140633, NULL, 'Advogada determinada'),
	(17, 53, 61096, NULL, 'Vigilante mascarado'),
	(17, 64, 197098, NULL, 'Exploradora destemida'),
	(17, 73, 139002, NULL, 'Artista marcial lendário'),
	(17, 79, 106501, NULL, 'Conselheiro sábio'),
	(17, 93, 20808, NULL, 'Agente secreto astuto'),
	(17, 100, 173567, NULL, 'Vilã manipuladora'),
	(18, 7, 146361, NULL, 'Espião disfarçado'),
	(18, 26, 33120, NULL, 'Robô companheiro'),
	(18, 28, 17958, NULL, 'Atriz talentosa'),
	(18, 39, 153548, NULL, 'Político carismático'),
	(18, 71, 163185, NULL, 'Cientista louco'),
	(18, 80, 105192, NULL, 'Médica determinada'),
	(18, 87, 69378, NULL, 'Rebelde com coração de ouro'),
	(18, 98, 198217, NULL, 'Robô companheiro'),
	(19, 28, 26316, NULL, 'Heroína destemida'),
	(19, 45, 131729, NULL, 'Robô companheiro'),
	(19, 82, 108622, NULL, 'Rebelde com coração de ouro'),
	(20, 27, 49366, NULL, 'Serial killer psicopata'),
	(20, 28, 34748, NULL, 'Atriz em ascensão'),
	(20, 47, 123453, NULL, 'Político carismático'),
	(20, 73, 168998, NULL, 'Artista marcial lendário'),
	(21, 1, 12618, NULL, 'Prisioneiro injustiçado'),
	(21, 3, 194319, NULL, 'Atriz em ascensão'),
	(22, 36, 14759, NULL, 'Vilã manipuladora'),
	(22, 46, 156860, NULL, 'Rainha poderosa'),
	(22, 75, 175682, NULL, 'Piloto de corrida audacioso'),
	(22, 88, 105291, NULL, 'Rainha poderosa'),
	(22, 96, 54131, NULL, 'Aventureira destemida'),
	(23, 1, 24701, NULL, 'Detetive habilidoso'),
	(23, 3, 21484, NULL, 'Atriz talentosa'),
	(23, 25, 88255, NULL, 'Criminoso carismático'),
	(23, 29, 67659, NULL, 'Político carismático'),
	(23, 36, 22130, NULL, 'Rebelde com coração de ouro'),
	(23, 71, 208653, NULL, 'Líder carismático'),
	(23, 95, 65704, NULL, 'Mago poderoso'),
	(23, 100, 35417, NULL, 'Aventureira destemida'),
	(24, 21, 123388, NULL, 'Criminoso carismático'),
	(24, 32, 54020, NULL, 'Mãe solteira'),
	(24, 85, 139515, NULL, 'Jovem promissor'),
	(24, 90, 107216, NULL, 'Vilã manipuladora'),
	(24, 91, 99313, NULL, 'Gênio excêntrico'),
	(25, 10, 194156, NULL, 'Caçadora furtiva'),
	(25, 25, 104142, NULL, 'Piloto destemido'),
	(25, 31, 70755, NULL, 'Gênio excêntrico'),
	(25, 47, 174352, NULL, 'Piloto de corrida audacioso'),
	(25, 58, 115203, NULL, 'Heroína destemida'),
	(25, 75, 209228, NULL, 'Robô companheiro'),
	(25, 87, 133624, NULL, 'Gênio excêntrico'),
	(25, 99, 60114, NULL, 'Criminoso carismático'),
	(26, 20, 150812, NULL, 'Mãe solteira'),
	(26, 23, 133197, NULL, 'Detetive habilidoso'),
	(26, 29, 91261, NULL, 'Agente secreto astuto'),
	(26, 35, 61596, NULL, 'Piloto destemido'),
	(26, 44, 198181, NULL, 'Artista excêntrico'),
	(26, 55, 136155, NULL, 'Detetive habilidoso'),
	(26, 85, 158445, NULL, 'Cientista louco'),
	(27, 1, 72224, NULL, 'Vigilante mascarado'),
	(27, 7, 29894, NULL, 'Gênio excêntrico'),
	(27, 29, 99402, NULL, 'Detento reformado'),
	(27, 53, 162152, NULL, 'Jornalista investigativo'),
	(27, 66, 79919, NULL, 'Atriz em ascensão'),
	(27, 72, 50092, NULL, 'Atriz em ascensão'),
	(27, 80, 198363, NULL, 'Robô companheiro'),
	(27, 87, 156228, NULL, 'Professor sábio'),
	(27, 100, 74123, NULL, 'Vilã manipuladora'),
	(28, 9, 40546, NULL, 'Criminoso carismático'),
	(28, 23, 151554, NULL, 'Conselheiro sábio'),
	(28, 32, 100625, NULL, 'Heroína destemida'),
	(28, 42, 34427, NULL, 'Atriz talentosa'),
	(28, 47, 208194, NULL, 'Médico compassivo'),
	(28, 59, 137075, NULL, 'Político carismático'),
	(28, 61, 127131, NULL, 'Médico compassivo'),
	(28, 68, 79272, NULL, 'Atriz talentosa'),
	(29, 36, 84585, NULL, 'Aventureira destemida'),
	(29, 38, 75574, NULL, 'Rainha poderosa'),
	(29, 45, 27397, NULL, 'Serial killer psicopata'),
	(29, 57, 154403, NULL, 'Mágico ilusionista'),
	(29, 77, 30303, NULL, 'Conselheiro sábio'),
	(29, 86, 181583, NULL, 'Atriz em ascensão'),
	(29, 91, 159661, NULL, 'Piloto de corrida audacioso'),
	(29, 96, 123260, NULL, 'Assassina habilidosa'),
	(29, 99, 102209, NULL, 'Soldado corajoso'),
	(30, 1, 101021, NULL, 'Detetive particular'),
	(30, 16, 10990, NULL, 'Assassina habilidosa'),
	(30, 46, 32593, NULL, 'Mãe solteira'),
	(30, 48, 18706, NULL, 'Heroína destemida'),
	(30, 51, 203872, NULL, 'Espião disfarçado'),
	(30, 65, 119136, NULL, 'Soldado corajoso'),
	(30, 72, 74935, NULL, 'Artista excêntrico'),
	(30, 77, 51320, NULL, 'Policial incorruptível'),
	(31, 5, 88214, NULL, 'Caçadora furtiva'),
	(31, 34, 114721, NULL, 'Rainha poderosa'),
	(31, 45, 45341, NULL, 'Serial killer psicopata'),
	(31, 47, 33543, NULL, 'Médico compassivo'),
	(31, 52, 202512, NULL, 'Vilã manipuladora'),
	(31, 64, 130765, NULL, 'Atriz em ascensão'),
	(31, 89, 189167, NULL, 'Agente secreto astuto'),
	(31, 95, 141299, NULL, 'Robô companheiro'),
	(31, 97, 136997, NULL, 'Vigilante mascarado'),
	(31, 98, 130287, NULL, 'Exploradora destemida'),
	(32, 9, 66690, NULL, 'Artista excêntrico'),
	(32, 46, 49901, NULL, 'Assassina habilidosa'),
	(32, 60, 166822, NULL, 'Vilã manipuladora'),
	(32, 71, 101211, NULL, 'Artista excêntrico'),
	(32, 75, 75877, NULL, 'Agente secreto astuto'),
	(32, 76, 79296, NULL, 'Aventureira destemida'),
	(32, 91, 178620, NULL, 'Soldado corajoso'),
	(32, 100, 134296, NULL, 'Atriz talentosa'),
	(33, 19, 31167, NULL, 'Jornalista investigativo'),
	(33, 41, 93393, NULL, 'Artista excêntrico'),
	(33, 68, 131279, NULL, 'Atriz em ascensão'),
	(33, 76, 85980, NULL, 'Atriz em ascensão'),
	(33, 97, 158827, NULL, 'Conselheiro sábio'),
	(33, 100, 140302, NULL, 'Advogada determinada'),
	(34, 14, 65971, NULL, 'Rainha poderosa'),
	(34, 26, 187306, NULL, 'Rainha poderosa'),
	(34, 29, 177802, NULL, 'Piloto de corrida audacioso'),
	(34, 31, 160561, NULL, 'Avô amoroso'),
	(34, 54, 24097, NULL, 'Assassina habilidosa'),
	(34, 62, 181823, NULL, 'Caçadora furtiva'),
	(34, 76, 88534, NULL, 'Rainha poderosa'),
	(35, 14, 78827, NULL, 'Atriz talentosa'),
	(35, 36, 139840, NULL, 'Robô companheiro'),
	(35, 43, 101431, NULL, 'Detetive habilidoso'),
	(35, 50, 53164, NULL, 'Rainha poderosa'),
	(35, 57, 19250, NULL, 'Agente secreto astuto'),
	(35, 76, 105801, NULL, 'Heroína destemida'),
	(35, 97, 174828, NULL, 'Cientista louco'),
	(36, 24, 23606, NULL, 'Heroína destemida'),
	(36, 26, 15610, NULL, 'Robô companheiro'),
	(36, 52, 52296, NULL, 'Caçadora furtiva'),
	(36, 53, 50450, NULL, 'Gênio excêntrico'),
	(36, 66, 166487, NULL, 'Heroína destemida'),
	(36, 67, 160711, NULL, 'Detetive habilidoso'),
	(36, 77, 102321, NULL, 'Detento reformado'),
	(36, 79, 93713, NULL, 'Conselheiro sábio'),
	(36, 95, 200098, NULL, 'Detetive habilidoso'),
	(37, 18, 70529, NULL, 'Atriz em ascensão'),
	(37, 29, 199890, NULL, 'Agente secreto astuto'),
	(37, 35, 163227, NULL, 'Personagem enigmático'),
	(37, 57, 40570, NULL, 'Soldado corajoso'),
	(37, 89, 43092, NULL, 'Professor sábio'),
	(38, 1, 187289, NULL, 'Líder carismático'),
	(38, 48, 105034, NULL, 'Assassina habilidosa'),
	(38, 49, 90726, NULL, 'Serial killer psicopata'),
	(38, 51, 78616, NULL, 'Cientista louco'),
	(38, 68, 177268, NULL, 'Atriz em ascensão'),
	(38, 81, 99991, NULL, 'Criminoso carismático'),
	(39, 4, 175349, NULL, 'Gênio excêntrico'),
	(39, 20, 80240, NULL, 'Caçadora furtiva'),
	(39, 42, 153906, NULL, 'Assassina habilidosa'),
	(39, 45, 125394, NULL, 'Detetive particular'),
	(39, 50, 94416, NULL, 'Caçadora furtiva'),
	(39, 64, 15312, NULL, 'Personagem enigmático'),
	(40, 22, 75947, NULL, 'Vilã manipuladora'),
	(40, 25, 56579, NULL, 'Mágico ilusionista'),
	(40, 40, 164158, NULL, 'Advogada determinada'),
	(40, 52, 93269, NULL, 'Assassina habilidosa'),
	(40, 55, 75142, NULL, 'Vigilante mascarado'),
	(40, 60, 49325, NULL, 'Mãe solteira'),
	(40, 71, 179717, NULL, 'Músico talentoso'),
	(40, 81, 122748, NULL, 'Policial incorruptível'),
	(41, 14, 135491, NULL, 'Personagem enigmático'),
	(41, 16, 125517, NULL, 'Exploradora destemida'),
	(41, 19, 97696, NULL, 'Rebelde com coração de ouro'),
	(41, 22, 84608, NULL, 'Mãe solteira'),
	(41, 26, 61068, NULL, 'Rainha poderosa'),
	(41, 31, 35436, NULL, 'Prisioneiro injustiçado'),
	(41, 39, 183078, NULL, 'Jovem prodígio'),
	(41, 59, 64675, NULL, 'Médico compassivo'),
	(41, 70, 195197, NULL, 'Caçadora furtiva'),
	(41, 76, 164244, NULL, 'Artista excêntrico'),
	(41, 77, 162227, NULL, 'Músico talentoso'),
	(41, 96, 36787, NULL, 'Atriz talentosa'),
	(41, 97, 36931, NULL, 'Médico compassivo'),
	(42, 14, 149792, NULL, 'Rebelde com coração de ouro'),
	(42, 35, 25565, NULL, 'Lutador de rua durão'),
	(42, 62, 51533, NULL, 'Caçadora furtiva'),
	(42, 64, 47964, NULL, 'Advogada determinada'),
	(43, 18, 126159, NULL, 'Rainha poderosa'),
	(43, 38, 10170, NULL, 'Exploradora destemida'),
	(43, 74, 199287, NULL, 'Heroína destemida'),
	(43, 92, 83945, NULL, 'Advogada determinada'),
	(43, 93, 76435, NULL, 'Artista excêntrico'),
	(43, 99, 45312, NULL, 'Personagem enigmático'),
	(43, 100, 34659, NULL, 'Artista excêntrico'),
	(44, 12, 172079, NULL, 'Heroína destemida'),
	(44, 46, 167446, NULL, 'Aventureira destemida'),
	(44, 56, 114609, NULL, 'Rainha poderosa'),
	(44, 62, 82526, NULL, 'Rainha poderosa'),
	(44, 65, 54879, NULL, 'Cientista louco'),
	(44, 74, 202230, NULL, 'Exploradora destemida'),
	(45, 7, 15281, NULL, 'Vigilante mascarado'),
	(45, 18, 148948, NULL, 'Aventureira destemida'),
	(45, 22, 129366, NULL, 'Advogada determinada'),
	(45, 62, 84258, NULL, 'Advogada determinada'),
	(45, 66, 60615, NULL, 'Rebelde com coração de ouro'),
	(45, 72, 22442, NULL, 'Exploradora destemida'),
	(45, 75, 205525, NULL, 'Avô amoroso'),
	(45, 94, 92503, NULL, 'Advogada determinada'),
	(46, 5, 39915, NULL, 'Advogada determinada'),
	(46, 18, 156569, NULL, 'Personagem enigmático'),
	(46, 29, 98785, NULL, 'Mago poderoso'),
	(46, 62, 94571, NULL, 'Rebelde com coração de ouro'),
	(46, 96, 97456, NULL, 'Médica determinada'),
	(47, 4, 53045, NULL, 'Policial incorruptível'),
	(47, 8, 31664, NULL, 'Atriz em ascensão'),
	(47, 20, 156188, NULL, 'Robô companheiro'),
	(47, 21, 144581, NULL, 'Rebelde com coração de ouro'),
	(47, 24, 136972, NULL, 'Atriz em ascensão'),
	(47, 42, 19704, NULL, 'Atriz em ascensão'),
	(47, 45, 207010, NULL, 'Lutador de rua durão'),
	(47, 55, 150856, NULL, 'Piloto destemido'),
	(47, 80, 195560, NULL, 'Assassina habilidosa'),
	(47, 83, 177466, NULL, 'Médico compassivo'),
	(47, 91, 136960, NULL, 'Detetive particular'),
	(48, 4, 56491, NULL, 'Rebelde com coração de ouro'),
	(48, 6, 54012, NULL, 'Líder carismático'),
	(48, 13, 207211, NULL, 'Soldado corajoso'),
	(48, 24, 140102, NULL, 'Personagem enigmático'),
	(48, 26, 133259, NULL, 'Advogada determinada'),
	(48, 27, 130790, NULL, 'Rebelde com coração de ouro'),
	(48, 36, 72532, NULL, 'Robô companheiro'),
	(48, 56, 148002, NULL, 'Rainha poderosa'),
	(48, 64, 108466, NULL, 'Heroína destemida'),
	(48, 68, 76836, NULL, 'Vilã manipuladora'),
	(48, 73, 51595, NULL, 'Robô companheiro'),
	(48, 84, 182213, NULL, 'Vilã manipuladora'),
	(49, 24, 149924, NULL, 'Mãe solteira'),
	(49, 34, 88118, NULL, 'Médica determinada'),
	(49, 58, 151960, NULL, 'Aventureira destemida'),
	(49, 67, 92645, NULL, 'Rebelde com coração de ouro'),
	(49, 71, 68704, NULL, 'Conselheiro sábio'),
	(49, 73, 65678, NULL, 'Detento reformado'),
	(50, 20, 195555, NULL, 'Mãe solteira'),
	(50, 51, 202228, NULL, 'Mágico ilusionista'),
	(50, 73, 68270, NULL, 'Jovem promissor'),
	(50, 76, 52631, NULL, 'Robô companheiro'),
	(50, 98, 117570, NULL, 'Rainha poderosa'),
	(51, 2, 108986, NULL, 'Atriz em ascensão'),
	(51, 11, 48502, NULL, 'Detento reformado'),
	(51, 13, 39168, NULL, 'Serial killer psicopata'),
	(51, 29, 150829, NULL, 'Prisioneiro injustiçado'),
	(51, 30, 137881, NULL, 'Artista excêntrico'),
	(51, 32, 130798, NULL, 'Personagem enigmático'),
	(51, 38, 92512, NULL, 'Mãe solteira'),
	(51, 53, 199331, NULL, 'Serial killer psicopata'),
	(51, 69, 105581, NULL, 'Conselheiro sábio'),
	(51, 89, 184166, NULL, 'Piloto de corrida audacioso'),
	(52, 13, 50683, NULL, 'Vigilante mascarado'),
	(52, 21, 202487, NULL, 'Detetive habilidoso'),
	(52, 34, 124756, NULL, 'Heroína destemida'),
	(52, 49, 31499, NULL, 'Cientista louco'),
	(52, 69, 114995, NULL, 'Mago poderoso'),
	(52, 83, 27178, NULL, 'Conselheiro sábio'),
	(53, 6, 98352, NULL, 'Detetive habilidoso'),
	(53, 35, 126348, NULL, 'Personagem enigmático'),
	(53, 41, 88262, NULL, 'Músico talentoso'),
	(53, 52, 29665, NULL, 'Rainha poderosa'),
	(53, 62, 170540, NULL, 'Mãe solteira'),
	(53, 99, 138286, NULL, 'Soldado corajoso'),
	(54, 3, 125599, NULL, 'Assassina habilidosa'),
	(54, 10, 90810, NULL, 'Rebelde com coração de ouro'),
	(54, 56, 12005, NULL, 'Artista excêntrico'),
	(54, 58, 198811, NULL, 'Robô companheiro'),
	(54, 70, 122416, NULL, 'Atriz em ascensão'),
	(54, 71, 125284, NULL, 'Artista excêntrico'),
	(54, 81, 66113, NULL, 'Serial killer psicopata'),
	(54, 86, 28006, NULL, 'Aventureira destemida'),
	(54, 92, 197558, NULL, 'Exploradora destemida'),
	(54, 96, 172885, NULL, 'Rebelde com coração de ouro'),
	(55, 8, 113852, NULL, 'Médica determinada'),
	(55, 27, 190731, NULL, 'Mago poderoso'),
	(55, 34, 154407, NULL, 'Caçadora furtiva'),
	(55, 45, 93156, NULL, 'Mágico ilusionista'),
	(55, 63, 174942, NULL, 'Gênio excêntrico'),
	(55, 77, 97539, NULL, 'Policial incorruptível'),
	(55, 84, 61118, NULL, 'Heroína destemida'),
	(55, 100, 159745, NULL, 'Rainha poderosa'),
	(56, 4, 149296, NULL, 'Cientista louco'),
	(56, 15, 77129, NULL, 'Piloto de corrida audacioso'),
	(56, 16, 74459, NULL, 'Rainha poderosa'),
	(56, 56, 27133, NULL, 'Advogada determinada'),
	(56, 61, 202741, NULL, 'Jovem prodígio'),
	(56, 69, 156164, NULL, 'Prisioneiro injustiçado'),
	(56, 78, 98555, NULL, 'Exploradora destemida'),
	(57, 91, 37917, NULL, 'Detento reformado'),
	(57, 96, 197504, NULL, 'Aventureira destemida'),
	(57, 99, 182489, NULL, 'Piloto de corrida audacioso'),
	(58, 1, 182677, NULL, 'Avô amoroso'),
	(58, 12, 118718, NULL, 'Personagem enigmático'),
	(58, 35, 177571, NULL, 'Lutador de rua durão'),
	(58, 39, 148849, NULL, 'Avô amoroso'),
	(58, 48, 94248, NULL, 'Vilã manipuladora'),
	(58, 49, 97175, NULL, 'Robô companheiro'),
	(58, 57, 40376, NULL, 'Líder carismático'),
	(58, 85, 77219, NULL, 'Artista marcial lendário'),
	(58, 97, 205133, NULL, 'Policial incorruptível'),
	(58, 99, 198678, NULL, 'Robô companheiro'),
	(59, 39, 158063, NULL, 'Jornalista investigativo'),
	(59, 40, 156992, NULL, 'Personagem enigmático'),
	(59, 43, 145530, NULL, 'Piloto de corrida audacioso'),
	(59, 67, 199860, NULL, 'Artista excêntrico'),
	(59, 79, 119270, NULL, 'Artista excêntrico'),
	(59, 80, 123687, NULL, 'Aventureira destemida'),
	(60, 1, 197756, NULL, 'Avô amoroso'),
	(60, 33, 10459, NULL, 'Jovem prodígio'),
	(60, 35, 198388, NULL, 'Gênio excêntrico'),
	(60, 46, 136529, NULL, 'Aventureira destemida'),
	(60, 63, 24002, NULL, 'Personagem enigmático'),
	(60, 75, 158555, NULL, 'Soldado corajoso'),
	(60, 87, 86449, NULL, 'Rebelde com coração de ouro'),
	(60, 94, 44964, NULL, 'Vilã manipuladora'),
	(61, 10, 162153, NULL, 'Atriz em ascensão'),
	(61, 21, 88183, NULL, 'Detetive particular'),
	(61, 27, 54104, NULL, 'Robô companheiro'),
	(61, 34, 14022, NULL, 'Rainha poderosa'),
	(61, 58, 67886, NULL, 'Exploradora destemida'),
	(61, 78, 151478, NULL, 'Artista excêntrico'),
	(61, 88, 90901, NULL, 'Exploradora destemida'),
	(62, 52, 116474, NULL, 'Rainha poderosa'),
	(62, 58, 81308, NULL, 'Exploradora destemida'),
	(62, 76, 172857, NULL, 'Robô companheiro'),
	(62, 99, 40928, NULL, 'Músico talentoso'),
	(62, 100, 32004, NULL, 'Atriz talentosa'),
	(63, 1, 28691, NULL, 'Detetive particular'),
	(63, 2, 24693, NULL, 'Médica determinada'),
	(63, 3, 16529, NULL, 'Aventureira destemida'),
	(63, 6, 196297, NULL, 'Piloto destemido'),
	(63, 27, 71985, NULL, 'Detetive habilidoso'),
	(63, 52, 122784, NULL, 'Heroína destemida'),
	(63, 71, 12701, NULL, 'Piloto de corrida audacioso'),
	(63, 85, 124582, NULL, 'Robô companheiro'),
	(63, 99, 42794, NULL, 'Vigilante mascarado'),
	(64, 8, 202629, NULL, 'Mãe solteira'),
	(64, 15, 156665, NULL, 'Mago poderoso'),
	(64, 25, 95816, NULL, 'Personagem enigmático'),
	(64, 32, 58237, NULL, 'Artista excêntrico'),
	(64, 45, 176014, NULL, 'Jovem prodígio'),
	(64, 47, 165814, NULL, 'Gênio excêntrico'),
	(64, 65, 63351, NULL, 'Prisioneiro injustiçado'),
	(64, 82, 157005, NULL, 'Atriz talentosa'),
	(64, 91, 98062, NULL, 'Detetive particular'),
	(64, 96, 70155, NULL, 'Caçadora furtiva'),
	(64, 97, 68464, NULL, 'Soldado corajoso'),
	(65, 1, 56414, NULL, 'Vigilante mascarado'),
	(65, 3, 43085, NULL, 'Atriz talentosa'),
	(65, 6, 21002, NULL, 'Professor sábio'),
	(65, 9, 197400, NULL, 'Agente secreto astuto'),
	(65, 19, 147351, NULL, 'Conselheiro sábio'),
	(65, 24, 114248, NULL, 'Médica determinada'),
	(65, 48, 174992, NULL, 'Artista excêntrico'),
	(65, 52, 146162, NULL, 'Vilã manipuladora'),
	(65, 58, 112976, NULL, 'Assassina habilidosa'),
	(65, 63, 83039, NULL, 'Detetive habilidoso'),
	(65, 67, 56550, NULL, 'Agente secreto astuto'),
	(65, 73, 15887, NULL, 'Criminoso carismático'),
	(65, 74, 14807, NULL, 'Rainha poderosa'),
	(65, 77, 191647, NULL, 'Espião disfarçado'),
	(66, 13, 189141, NULL, 'Soldado corajoso'),
	(66, 23, 132948, NULL, 'Espião disfarçado'),
	(66, 42, 15881, NULL, 'Advogada determinada'),
	(66, 52, 154825, NULL, 'Robô companheiro'),
	(66, 60, 107368, NULL, 'Advogada determinada'),
	(66, 74, 23323, NULL, 'Advogada determinada'),
	(66, 100, 61789, NULL, 'Médica determinada'),
	(67, 6, 43295, NULL, 'Líder carismático'),
	(67, 23, 139680, NULL, 'Líder carismático'),
	(67, 51, 170111, NULL, 'Médico compassivo'),
	(67, 78, 208773, NULL, 'Vilã manipuladora'),
	(67, 85, 175149, NULL, 'Cientista louco'),
	(68, 11, 16928, NULL, 'Professor sábio'),
	(68, 31, 99358, NULL, 'Jovem promissor'),
	(68, 38, 58756, NULL, 'Atriz talentosa'),
	(68, 46, 18375, NULL, 'Aventureira destemida'),
	(68, 62, 120468, NULL, 'Atriz talentosa'),
	(68, 78, 22389, NULL, 'Atriz em ascensão'),
	(69, 8, 45433, NULL, 'Robô companheiro'),
	(69, 10, 36282, NULL, 'Exploradora destemida'),
	(69, 20, 179739, NULL, 'Robô companheiro'),
	(69, 33, 94384, NULL, 'Espião disfarçado'),
	(69, 37, 72771, NULL, 'Rebelde com coração de ouro'),
	(69, 40, 63193, NULL, 'Vilã manipuladora'),
	(69, 50, 193465, NULL, 'Personagem enigmático'),
	(69, 53, 182563, NULL, 'Cientista louco'),
	(69, 58, 149815, NULL, 'Personagem enigmático'),
	(69, 76, 41852, NULL, 'Aventureira destemida'),
	(69, 84, 196294, NULL, 'Mãe solteira'),
	(69, 85, 182709, NULL, 'Mago poderoso'),
	(69, 92, 151271, NULL, 'Mãe solteira'),
	(70, 10, 51375, NULL, 'Rebelde com coração de ouro'),
	(70, 75, 52703, NULL, 'Detetive particular'),
	(71, 1, 111450, NULL, 'Policial incorruptível'),
	(71, 8, 72974, NULL, 'Robô companheiro'),
	(71, 22, 182419, NULL, 'Aventureira destemida'),
	(71, 42, 68642, NULL, 'Personagem enigmático'),
	(71, 63, 136839, NULL, 'Conselheiro sábio'),
	(71, 78, 49956, NULL, 'Assassina habilidosa'),
	(71, 91, 172713, NULL, 'Artista excêntrico'),
	(71, 92, 169048, NULL, 'Caçadora furtiva'),
	(71, 100, 119309, NULL, 'Advogada determinada'),
	(72, 15, 35905, NULL, 'Agente secreto astuto'),
	(72, 16, 29497, NULL, 'Vilã manipuladora'),
	(72, 17, 23440, NULL, 'Jovem prodígio'),
	(72, 74, 84326, NULL, 'Heroína destemida'),
	(72, 83, 26432, NULL, 'Vigilante mascarado'),
	(72, 94, 164238, NULL, 'Médica determinada'),
	(72, 98, 137215, NULL, 'Personagem enigmático'),
	(73, 1, 134082, NULL, 'Político carismático'),
	(73, 16, 40563, NULL, 'Mãe solteira'),
	(73, 30, 159229, NULL, 'Caçadora furtiva'),
	(73, 42, 84658, NULL, 'Robô companheiro'),
	(73, 64, 159581, NULL, 'Vilã manipuladora'),
	(73, 81, 50155, NULL, 'Vigilante mascarado'),
	(73, 99, 142347, NULL, 'Jovem prodígio'),
	(74, 18, 40442, NULL, 'Atriz em ascensão'),
	(74, 33, 151682, NULL, 'Policial incorruptível'),
	(74, 40, 107313, NULL, 'Mãe solteira'),
	(74, 47, 61559, NULL, 'Detento reformado'),
	(74, 61, 182279, NULL, 'Detetive habilidoso'),
	(74, 62, 172825, NULL, 'Heroína destemida'),
	(74, 74, 105370, NULL, 'Exploradora destemida'),
	(75, 15, 65124, NULL, 'Agente secreto astuto'),
	(75, 17, 59105, NULL, 'Mago poderoso'),
	(75, 25, 206989, NULL, 'Criminoso carismático'),
	(75, 44, 99829, NULL, 'Aventureira destemida'),
	(75, 48, 68015, NULL, 'Caçadora furtiva'),
	(75, 92, 10837, NULL, 'Aventureira destemida'),
	(75, 100, 153909, NULL, 'Aventureira destemida'),
	(76, 7, 130762, NULL, 'Rebelde com coração de ouro'),
	(76, 14, 86152, NULL, 'Caçadora furtiva'),
	(76, 17, 61579, NULL, 'Detento reformado'),
	(76, 22, 32352, NULL, 'Heroína destemida'),
	(76, 53, 47297, NULL, 'Professor sábio'),
	(76, 61, 201913, NULL, 'Conselheiro sábio'),
	(76, 80, 84981, NULL, 'Médica determinada'),
	(76, 90, 32280, NULL, 'Advogada determinada'),
	(76, 92, 14913, NULL, 'Aventureira destemida'),
	(76, 97, 180581, NULL, 'Avô amoroso'),
	(76, 99, 170528, NULL, 'Detetive particular'),
	(77, 5, 150835, NULL, 'Rebelde com coração de ouro'),
	(77, 12, 108270, NULL, 'Rebelde com coração de ouro'),
	(77, 24, 28790, NULL, 'Exploradora destemida'),
	(77, 28, 10849, NULL, 'Advogada determinada'),
	(77, 29, 199555, NULL, 'Detetive habilidoso'),
	(77, 62, 209265, NULL, 'Heroína destemida'),
	(77, 75, 125895, NULL, 'Mágico ilusionista'),
	(77, 100, 183440, NULL, 'Vilã manipuladora'),
	(78, 13, 111774, NULL, 'Espião disfarçado'),
	(78, 43, 125053, NULL, 'Detetive habilidoso'),
	(78, 67, 181687, NULL, 'Soldado corajoso'),
	(78, 70, 165645, NULL, 'Médica determinada'),
	(78, 75, 135648, NULL, 'Policial incorruptível'),
	(78, 93, 28446, NULL, 'Prisioneiro injustiçado'),
	(79, 23, 58841, NULL, 'Político carismático'),
	(79, 30, 25634, NULL, 'Artista excêntrico'),
	(79, 31, 16091, NULL, 'Personagem enigmático'),
	(79, 46, 116931, NULL, 'Rainha poderosa'),
	(79, 56, 64994, NULL, 'Rebelde com coração de ouro'),
	(79, 57, 54724, NULL, 'Médico compassivo'),
	(79, 61, 33366, NULL, 'Político carismático'),
	(79, 93, 44374, NULL, 'Jovem prodígio'),
	(79, 98, 209703, NULL, 'Robô companheiro'),
	(80, 8, 156097, NULL, 'Assassina habilidosa'),
	(80, 14, 123942, NULL, 'Heroína destemida'),
	(80, 69, 192358, NULL, 'Líder carismático'),
	(80, 97, 19788, NULL, 'Mágico ilusionista'),
	(81, 7, 171649, NULL, 'Líder carismático'),
	(81, 8, 167337, NULL, 'Aventureira destemida'),
	(81, 21, 98143, NULL, 'Piloto destemido'),
	(81, 26, 58384, NULL, 'Caçadora furtiva'),
	(81, 28, 51396, NULL, 'Mãe solteira'),
	(81, 30, 41144, NULL, 'Caçadora furtiva'),
	(81, 34, 14606, NULL, 'Atriz talentosa'),
	(81, 40, 175342, NULL, 'Robô companheiro'),
	(81, 52, 105250, NULL, 'Artista excêntrico'),
	(81, 58, 75402, NULL, 'Rebelde com coração de ouro'),
	(81, 68, 12131, NULL, 'Caçadora furtiva'),
	(81, 73, 180959, NULL, 'Detetive habilidoso'),
	(81, 97, 40831, NULL, 'Conselheiro sábio'),
	(82, 19, 114749, NULL, 'Líder carismático'),
	(82, 30, 51150, NULL, 'Atriz em ascensão'),
	(82, 56, 94755, NULL, 'Heroína destemida'),
	(82, 59, 74191, NULL, 'Líder carismático'),
	(82, 66, 34132, NULL, 'Heroína destemida'),
	(82, 92, 71079, NULL, 'Artista excêntrico'),
	(83, 12, 162055, NULL, 'Vilã manipuladora'),
	(83, 13, 159074, NULL, 'Músico talentoso'),
	(83, 15, 141447, NULL, 'Jovem prodígio'),
	(83, 21, 109885, NULL, 'Policial incorruptível'),
	(83, 35, 24995, NULL, 'Rebelde com coração de ouro'),
	(83, 74, 193290, NULL, 'Mãe solteira'),
	(84, 16, 148796, NULL, 'Assassina habilidosa'),
	(84, 20, 128084, NULL, 'Assassina habilidosa'),
	(84, 56, 114852, NULL, 'Mãe solteira'),
	(84, 57, 113143, NULL, 'Criminoso carismático'),
	(84, 76, 187845, NULL, 'Mãe solteira'),
	(84, 78, 177601, NULL, 'Heroína destemida'),
	(84, 89, 115236, NULL, 'Lutador de rua durão'),
	(84, 99, 54812, NULL, 'Rebelde com coração de ouro'),
	(85, 3, 45320, NULL, 'Rebelde com coração de ouro'),
	(85, 8, 11356, NULL, 'Caçadora furtiva'),
	(85, 25, 110518, NULL, 'Agente secreto astuto'),
	(85, 38, 33297, NULL, 'Mãe solteira'),
	(85, 61, 91719, NULL, 'Avô amoroso'),
	(85, 89, 124009, NULL, 'Político carismático'),
	(85, 95, 87713, NULL, 'Vigilante mascarado'),
	(85, 96, 78929, NULL, 'Atriz em ascensão'),
	(85, 97, 72346, NULL, 'Detento reformado'),
	(86, 5, 40182, NULL, 'Heroína destemida'),
	(86, 28, 94789, NULL, 'Caçadora furtiva'),
	(86, 32, 81015, NULL, 'Rainha poderosa'),
	(86, 41, 23883, NULL, 'Jovem promissor'),
	(86, 46, 192726, NULL, 'Heroína destemida'),
	(86, 62, 94601, NULL, 'Vilã manipuladora'),
	(86, 67, 63300, NULL, 'Lutador de rua durão'),
	(86, 76, 11294, NULL, 'Mãe solteira'),
	(86, 78, 200708, NULL, 'Assassina habilidosa'),
	(86, 80, 194929, NULL, 'Assassina habilidosa'),
	(86, 100, 72094, NULL, 'Robô companheiro'),
	(87, 5, 45237, NULL, 'Atriz talentosa'),
	(87, 8, 27626, NULL, 'Vilã manipuladora'),
	(87, 25, 124170, NULL, 'Piloto de corrida audacioso'),
	(87, 30, 97645, NULL, 'Caçadora furtiva'),
	(87, 39, 45162, NULL, 'Serial killer psicopata'),
	(87, 42, 25710, NULL, 'Personagem enigmático'),
	(87, 53, 161535, NULL, 'Personagem enigmático'),
	(87, 64, 95063, NULL, 'Mãe solteira'),
	(87, 65, 87732, NULL, 'Lutador de rua durão'),
	(88, 3, 69953, NULL, 'Caçadora furtiva'),
	(88, 19, 171696, NULL, 'Prisioneiro injustiçado'),
	(88, 21, 165332, NULL, 'Detetive habilidoso'),
	(88, 32, 93455, NULL, 'Rainha poderosa'),
	(88, 33, 92879, NULL, 'Médico compassivo'),
	(88, 36, 73374, NULL, 'Atriz em ascensão'),
	(88, 42, 43261, NULL, 'Aventureira destemida'),
	(88, 64, 99354, NULL, 'Artista excêntrico'),
	(88, 65, 95528, NULL, 'Jovem prodígio'),
	(88, 80, 207837, NULL, 'Rebelde com coração de ouro'),
	(88, 93, 131215, NULL, 'Personagem enigmático'),
	(89, 2, 88183, NULL, 'Exploradora destemida'),
	(89, 15, 200722, NULL, 'Avô amoroso'),
	(89, 50, 200421, NULL, 'Caçadora furtiva'),
	(89, 52, 190113, NULL, 'Artista excêntrico'),
	(89, 56, 166737, NULL, 'Mãe solteira'),
	(89, 59, 146739, NULL, 'Piloto destemido'),
	(89, 78, 34507, NULL, 'Caçadora furtiva'),
	(89, 86, 179362, NULL, 'Personagem enigmático'),
	(89, 96, 123086, NULL, 'Robô companheiro'),
	(90, 5, 73152, NULL, 'Assassina habilidosa'),
	(90, 16, 12989, NULL, 'Caçadora furtiva'),
	(90, 32, 113037, NULL, 'Robô companheiro'),
	(90, 66, 107194, NULL, 'Advogada determinada'),
	(90, 70, 93782, NULL, 'Mãe solteira'),
	(90, 85, 194674, NULL, 'Rebelde com coração de ouro'),
	(90, 87, 182875, NULL, 'Professor sábio'),
	(90, 98, 123052, NULL, 'Médica determinada'),
	(91, 28, 146476, NULL, 'Mãe solteira'),
	(91, 29, 142312, NULL, 'Criminoso carismático'),
	(91, 45, 53348, NULL, 'Vigilante mascarado'),
	(91, 46, 36455, NULL, 'Caçadora furtiva'),
	(91, 47, 32774, NULL, 'Jovem promissor'),
	(91, 48, 33056, NULL, 'Rebelde com coração de ouro'),
	(91, 62, 143714, NULL, 'Rebelde com coração de ouro'),
	(91, 87, 195391, NULL, 'Músico talentoso'),
	(91, 99, 121208, NULL, 'Jovem promissor'),
	(92, 14, 39496, NULL, 'Médica determinada'),
	(92, 15, 33828, NULL, 'Jovem prodígio'),
	(92, 20, 13269, NULL, 'Vilã manipuladora'),
	(92, 26, 170424, NULL, 'Advogada determinada'),
	(92, 45, 60455, NULL, 'Artista excêntrico'),
	(92, 46, 51268, NULL, 'Rainha poderosa'),
	(92, 59, 176504, NULL, 'Político carismático'),
	(92, 70, 110829, NULL, 'Aventureira destemida'),
	(92, 87, 208814, NULL, 'Jovem prodígio'),
	(92, 89, 198236, NULL, 'Jovem prodígio'),
	(92, 100, 128131, NULL, 'Robô companheiro'),
	(93, 10, 81812, NULL, 'Robô companheiro'),
	(93, 16, 46562, NULL, 'Médica determinada'),
	(93, 20, 12977, NULL, 'Mãe solteira'),
	(93, 30, 160758, NULL, 'Rainha poderosa'),
	(93, 34, 127784, NULL, 'Atriz talentosa'),
	(93, 44, 75209, NULL, 'Caçadora furtiva'),
	(93, 68, 131672, NULL, 'Assassina habilidosa'),
	(93, 75, 86121, NULL, 'Detetive particular'),
	(93, 76, 82425, NULL, 'Heroína destemida'),
	(93, 86, 25573, NULL, 'Assassina habilidosa'),
	(93, 99, 144892, NULL, 'Conselheiro sábio'),
	(94, 2, 135964, NULL, 'Rebelde com coração de ouro'),
	(94, 39, 120664, NULL, 'Personagem enigmático'),
	(94, 54, 25706, NULL, 'Vilã manipuladora'),
	(94, 60, 190103, NULL, 'Heroína destemida'),
	(94, 71, 123381, NULL, 'Prisioneiro injustiçado'),
	(94, 86, 34052, NULL, 'Aventureira destemida'),
	(94, 88, 23494, NULL, 'Vilã manipuladora'),
	(94, 96, 175624, NULL, 'Caçadora furtiva'),
	(95, 9, 106011, NULL, 'Robô companheiro'),
	(95, 11, 87670, NULL, 'Jornalista investigativo'),
	(95, 13, 77274, NULL, 'Mágico ilusionista'),
	(95, 34, 152334, NULL, 'Aventureira destemida'),
	(95, 50, 56604, NULL, 'Robô companheiro'),
	(95, 62, 184323, NULL, 'Médica determinada'),
	(95, 70, 142738, NULL, 'Rebelde com coração de ouro'),
	(95, 78, 96482, NULL, 'Atriz em ascensão'),
	(95, 81, 70825, NULL, 'Vigilante mascarado'),
	(95, 86, 37799, NULL, 'Médica determinada'),
	(95, 95, 186788, NULL, 'Detetive habilidoso'),
	(95, 96, 183391, NULL, 'Assassina habilidosa'),
	(96, 11, 105969, NULL, 'Médico compassivo'),
	(96, 20, 42972, NULL, 'Vilã manipuladora'),
	(96, 25, 16060, NULL, 'Médico compassivo'),
	(96, 26, 208783, NULL, 'Advogada determinada'),
	(96, 27, 200909, NULL, 'Rebelde com coração de ouro'),
	(96, 38, 140819, NULL, 'Mãe solteira'),
	(96, 57, 33017, NULL, 'Agente secreto astuto'),
	(96, 70, 147124, NULL, 'Artista excêntrico'),
	(96, 98, 175162, NULL, 'Rainha poderosa'),
	(96, 100, 171821, NULL, 'Atriz talentosa'),
	(97, 14, 91574, NULL, 'Vilã manipuladora'),
	(97, 28, 12025, NULL, 'Heroína destemida'),
	(97, 31, 187759, NULL, 'Jovem prodígio'),
	(97, 45, 107048, NULL, 'Conselheiro sábio'),
	(97, 52, 72638, NULL, 'Aventureira destemida'),
	(97, 73, 137886, NULL, 'Criminoso carismático'),
	(97, 74, 130809, NULL, 'Mãe solteira'),
	(97, 78, 113900, NULL, 'Caçadora furtiva'),
	(97, 87, 59821, NULL, 'Espião disfarçado'),
	(97, 91, 36678, NULL, 'Personagem enigmático'),
	(98, 11, 119012, NULL, 'Gênio excêntrico'),
	(98, 22, 56658, NULL, 'Exploradora destemida'),
	(98, 37, 167303, NULL, 'Agente secreto astuto'),
	(98, 63, 13603, NULL, 'Espião disfarçado'),
	(98, 64, 208324, NULL, 'Caçadora furtiva'),
	(98, 95, 16906, NULL, 'Jovem prodígio'),
	(99, 40, 156062, NULL, 'Rebelde com coração de ouro'),
	(99, 43, 134000, NULL, 'Jornalista investigativo'),
	(99, 69, 185457, NULL, 'Professor sábio'),
	(99, 86, 86700, NULL, 'Artista excêntrico'),
	(99, 98, 12659, NULL, 'Robô companheiro'),
	(100, 12, 137517, NULL, 'Rainha poderosa'),
	(100, 22, 76370, NULL, 'Mãe solteira'),
	(100, 60, 45614, NULL, 'Caçadora furtiva'),
	(100, 79, 134429, NULL, 'Artista excêntrico'),
	(100, 93, 50694, NULL, 'Policial incorruptível');

-- Copiando estrutura para tabela cinemas.estudios
DROP TABLE IF EXISTS `estudios`;
CREATE TABLE IF NOT EXISTS `estudios` (
  `idestudios` int(11) NOT NULL AUTO_INCREMENT,
  `nome` varchar(200) NOT NULL,
  `dono` varchar(100) NOT NULL,
  `datafundacao` date DEFAULT NULL,
  PRIMARY KEY (`idestudios`)
) ENGINE=InnoDB AUTO_INCREMENT=41 DEFAULT CHARSET=utf8mb3 COLLATE=utf8mb3_general_ci;

-- Copiando dados para a tabela cinemas.estudios: ~16 rows (aproximadamente)
REPLACE INTO `estudios` (`idestudios`, `nome`, `dono`, `datafundacao`) VALUES
	(1, 'MGM', 'Poppe', '1900-01-12'),
	(2, 'FOX', 'Paul', '1920-04-12'),
	(3, 'WARNER', 'David', '1910-01-12'),
	(4, 'DISNEY', 'Waltz', '1908-01-31'),
	(17, 'Warner Bros.', 'Albert Warner, Harry Warner, Sam Warner', '1923-04-04'),
	(18, 'Universal Pictures', 'Carl Laemmle', '1912-04-30'),
	(19, 'Paramount Pictures', 'Adolph Zukor', '1912-05-08'),
	(20, 'Walt Disney Studios', 'Walt Disney, Roy O. Disney', '1923-10-16'),
	(21, '20th Century Studios', 'William Fox', '1935-05-31'),
	(22, 'Columbia Pictures', 'Harry Cohn, Jack Cohn, Joe Brandt', '1924-01-10'),
	(23, 'MGM Studios', 'Marcus Loew', '1924-04-17'),
	(24, 'DreamWorks Pictures', 'Steven Spielberg, Jeffrey Katzenberg, David Geffen', '1994-10-12'),
	(25, 'New Line Cinema', 'Robert Shaye', '1967-03-22'),
	(26, 'Miramax Films', 'Harvey Weinstein, Bob Weinstein', '1979-01-01'),
	(27, 'Lionsgate Films', 'Frank Giustra', '1997-07-10'),
	(28, 'Studio Ghibli', 'Hayao Miyazaki, Isao Takahata, Toshio Suzuki', '1985-06-15');

-- Copiando estrutura para tabela cinemas.faturamentos
DROP TABLE IF EXISTS `faturamentos`;
CREATE TABLE IF NOT EXISTS `faturamentos` (
  `idfaturamentos` int(11) NOT NULL AUTO_INCREMENT,
  `ano` int(10) unsigned DEFAULT NULL,
  `valor` float DEFAULT NULL,
  `idestudios` int(11) NOT NULL,
  PRIMARY KEY (`idfaturamentos`,`idestudios`),
  KEY `fk_faturamentos_estudios1_idx` (`idestudios`),
  CONSTRAINT `fk_faturamentos_estudios1` FOREIGN KEY (`idestudios`) REFERENCES `estudios` (`idestudios`)
) ENGINE=InnoDB AUTO_INCREMENT=55 DEFAULT CHARSET=utf8mb3 COLLATE=utf8mb3_general_ci;

-- Copiando dados para a tabela cinemas.faturamentos: ~54 rows (aproximadamente)
REPLACE INTO `faturamentos` (`idfaturamentos`, `ano`, `valor`, `idestudios`) VALUES
	(1, 2000, 100000, 1),
	(2, 2001, 200000, 1),
	(3, 2002, 300000, 1),
	(4, 2003, 400000, 1),
	(5, 2000, 100000, 2),
	(6, 2001, 200000, 2),
	(7, 2002, 500000, 2),
	(8, 2003, 800000, 2),
	(9, 2000, 900000, 3),
	(10, 2001, 100000, 3),
	(11, 2002, 700000, 3),
	(12, 2003, 200000, 3),
	(13, 2010, 282194, 21),
	(14, 2011, 1947110, 19),
	(15, 2012, 1555370, 25),
	(16, 2013, 1128060, 26),
	(17, 2014, 534794, 24),
	(18, 2015, 1108550, 25),
	(19, 2016, 1349290, 17),
	(20, 2017, 759643, 17),
	(21, 2018, 1389590, 22),
	(22, 2019, 665375, 23),
	(23, 2020, 1235840, 21),
	(24, 2021, 592667, 20),
	(25, 2022, 1238080, 17),
	(26, 2023, 1289550, 23),
	(27, 2010, 458663, 26),
	(28, 2011, 208674, 26),
	(29, 2012, 936853, 22),
	(30, 2013, 1022140, 22),
	(31, 2014, 2088920, 23),
	(32, 2015, 1590330, 26),
	(33, 2016, 515883, 25),
	(34, 2017, 588851, 20),
	(35, 2018, 1645230, 18),
	(36, 2019, 1059700, 22),
	(37, 2020, 427226, 24),
	(38, 2021, 1680000, 23),
	(39, 2022, 1174950, 26),
	(40, 2023, 304057, 24),
	(41, 2010, 302541, 19),
	(42, 2011, 111764, 23),
	(43, 2012, 500663, 17),
	(44, 2013, 1606720, 25),
	(45, 2014, 1121780, 18),
	(46, 2015, 1953300, 17),
	(47, 2016, 116606, 20),
	(48, 2017, 1735850, 26),
	(49, 2018, 1031780, 18),
	(50, 2019, 1081190, 24),
	(51, 2020, 356648, 18),
	(52, 2021, 145573, 19),
	(53, 2022, 656050, 19),
	(54, 2023, 254797, 22);

-- Copiando estrutura para tabela cinemas.filmes
DROP TABLE IF EXISTS `filmes`;
CREATE TABLE IF NOT EXISTS `filmes` (
  `idfilmes` int(11) NOT NULL AUTO_INCREMENT,
  `nome` varchar(255) DEFAULT NULL,
  `tempoproducao` int(10) unsigned DEFAULT NULL,
  `ano` int(10) unsigned DEFAULT NULL,
  `copyrigth` varchar(45) DEFAULT NULL,
  `custo` float DEFAULT NULL,
  `idestudios` int(11) DEFAULT 1,
  `idcategorias` int(11) DEFAULT 1,
  PRIMARY KEY (`idfilmes`),
  KEY `FK_filmes_categorias` (`idcategorias`),
  KEY `FK_filmes_estudios` (`idestudios`),
  CONSTRAINT `FK_filmes_categorias` FOREIGN KEY (`idcategorias`) REFERENCES `categorias` (`idcategorias`) ON DELETE NO ACTION ON UPDATE NO ACTION,
  CONSTRAINT `FK_filmes_estudios` FOREIGN KEY (`idestudios`) REFERENCES `estudios` (`idestudios`) ON DELETE NO ACTION ON UPDATE NO ACTION
) ENGINE=InnoDB AUTO_INCREMENT=106 DEFAULT CHARSET=utf8mb3 COLLATE=utf8mb3_general_ci;

-- Copiando dados para a tabela cinemas.filmes: ~105 rows (aproximadamente)
REPLACE INTO `filmes` (`idfilmes`, `nome`, `tempoproducao`, `ano`, `copyrigth`, `custo`, `idestudios`, `idcategorias`) VALUES
	(1, 'Avatar', 2, 2009, '23308', 237000000, 24, 6),
	(2, 'Titanic', 12, 1997, '11899', 200000000, 25, 3),
	(3, 'Star Wars: Episódio VII - O Despertar da Força', 6, 2015, '15574', 245000000, 17, 6),
	(4, 'Vingadores: Ultimato', 5, 2019, '14171', 356000000, 23, 7),
	(5, 'Vingadores: Guerra Infinita', 6, 2018, '14135', 316000000, 20, 6),
	(6, 'O Rei Leão', 4, 2019, '18161', 260000000, 23, 8),
	(7, 'Jurassic World', 2, 2015, '20403', 150000000, 19, 4),
	(8, 'Os Vingadores', 8, 2012, '19529', 220000000, 20, 4),
	(9, 'Velozes e Furiosos 7', 8, 2015, '26440', 190000000, 17, 4),
	(10, 'Frozen: Uma Aventura Congelante', 5, 2013, '27611', 150000000, 17, 8),
	(11, 'Harry Potter e as Relíquias da Morte - Parte 2', 12, 2011, '12737', 125000000, 26, 6),
	(12, 'A Bela e a Fera', 8, 2017, '24850', 160000000, 25, 3),
	(13, 'Os Incríveis 2', 5, 2018, '22041', 200000000, 21, 8),
	(14, 'Velozes e Furiosos 8', 10, 2017, '25654', 250000000, 22, 4),
	(15, 'Homem de Ferro 3', 11, 2013, '16149', 200000000, 20, 6),
	(16, 'Minions', 2, 2015, '11782', 74000000, 18, 8),
	(17, 'Capitão América: Guerra Civil', 12, 2016, '18465', 250000000, 22, 4),
	(18, 'Aquaman', 7, 2018, '10980', 160000000, 20, 7),
	(19, 'O Senhor dos Anéis: O Retorno do Rei', 9, 2003, '25506', 94000000, 19, 4),
	(20, 'Homem-Aranha: Sem Volta para Casa', 11, 2021, '12591', 200000000, 26, 7),
	(21, 'Pantera Negra', 2, 2018, '12436', 200000000, 26, 4),
	(22, 'Harry Potter e a Pedra Filosofal', 3, 2001, '14410', 125000000, 18, 6),
	(23, 'Alice no País das Maravilhas', 6, 2010, '24739', 200000000, 23, 10),
	(24, 'Zootopia: Essa Cidade é o Bicho', 11, 2016, '16468', 150000000, 17, 8),
	(25, 'Batman: O Cavaleiro das Trevas Ressurge', 10, 2012, '16122', 250000000, 19, 4),
	(26, 'Meu Malvado Favorito 3', 4, 2017, '21206', 80000000, 18, 8),
	(27, 'Procurando Dory', 3, 2016, '11667', 200000000, 18, 8),
	(28, 'Mogli: O Menino Lobo', 3, 2016, '20717', 175000000, 18, 6),
	(29, 'Piratas do Caribe: O Baú da Morte', 4, 2006, '22583', 225000000, 20, 4),
	(30, 'Toy Story 4', 12, 2019, '22767', 200000000, 17, 8),
	(31, 'Rogue One: Uma História Star Wars', 1, 2016, '18083', 200000000, 21, 4),
	(32, 'Aladdin', 3, 2019, '12118', 183000000, 18, 6),
	(33, 'Piratas do Caribe: Navegando em Águas Misteriosas', 1, 2011, '14341', 378500000, 22, 4),
	(34, 'Batman: O Cavaleiro das Trevas', 5, 2008, '25351', 185000000, 26, 4),
	(35, 'Jurassic World: Reino Ameaçado', 11, 2018, '19731', 170000000, 21, 7),
	(36, 'Procurando Nemo', 2, 2003, '12604', 94000000, 18, 4),
	(37, 'Star Wars: Episódio VIII - Os Últimos Jedi', 12, 2017, '11826', 200000000, 20, 7),
	(38, 'Harry Potter e a Ordem da Fênix', 7, 2007, '11320', 150000000, 19, 5),
	(39, 'Star Wars: Episódio IX - A Ascensão Skywalker', 10, 2019, '11124', 275000000, 19, 6),
	(40, 'Shrek 2', 4, 2004, '11659', 150000000, 20, 9),
	(41, 'Homem-Aranha: Longe de Casa', 1, 2019, '14922', 160000000, 20, 6),
	(42, 'Moana: Um Mar de Aventuras', 5, 2016, '11634', 150000000, 21, 8),
	(43, 'A Saga Crepúsculo: Amanhecer - Parte 2', 9, 2012, '21404', 120000000, 21, 3),
	(44, 'Transformers: O Lado Oculto da Lua', 4, 2011, '26118', 195000000, 24, 4),
	(45, 'Jumanji: Bem-Vindo à Selva', 5, 2017, '20379', 90000000, 21, 1),
	(46, 'Deadpool 2', 2, 2018, '13542', 110000000, 26, 4),
	(47, 'Homem-Aranha', 5, 2002, '14574', 139000000, 23, 6),
	(48, 'Os Croods: Uma Nova Era', 7, 2020, '22245', 65000000, 18, 1),
	(49, 'O Rei Leão', 8, 1994, '21501', 45000000, 24, 3),
	(50, 'Harry Potter e o Enigma do Príncipe', 7, 2009, '12773', 250000000, 18, 3),
	(51, 'Guardiões da Galáxia Vol. 2', 11, 2017, '25364', 200000000, 24, 4),
	(52, 'Os Incríveis', 9, 2004, '24498', 92000000, 19, 4),
	(53, 'O Hobbit: Uma Jornada Inesperada', 12, 2012, '18401', 200000000, 18, 5),
	(54, 'Zootopia: Essa Cidade é o Bicho', 8, 2016, '26512', 150000000, 25, 8),
	(55, 'Capitã Marvel', 5, 2019, '13358', 160000000, 25, 9),
	(56, 'Shrek Terceiro', 2, 2007, '13255', 160000000, 21, 8),
	(57, 'Frozen II', 3, 2019, '16201', 150000000, 17, 8),
	(58, 'It: A Coisa', 8, 2017, '13241', 35000000, 25, 2),
	(59, 'Os Vingadores: Era de Ultron', 10, 2015, '25601', 280000000, 26, 7),
	(60, 'O Hobbit: A Batalha dos Cinco Exércitos', 10, 2014, '24284', 250000000, 21, 4),
	(61, 'Coco', 8, 2017, '16616', 175000000, 17, 5),
	(62, 'Harry Potter e o Cálice de Fogo', 12, 2005, '18229', 150000000, 18, 6),
	(63, 'O Rei Leão', 10, 2019, '13296', 260000000, 22, 8),
	(64, 'Capitão América: O Primeiro Vingador', 3, 2011, '19794', 140000000, 21, 4),
	(65, 'Toy Story 3', 8, 2010, '13083', 200000000, 23, 8),
	(66, 'Homem de Ferro', 4, 2008, '14032', 186000000, 23, 4),
	(67, 'Monstros S.A.', 10, 2001, '20913', 115000000, 21, 1),
	(68, 'Homem-Aranha 2', 12, 2004, '16470', 200000000, 21, 6),
	(69, 'Piratas do Caribe: A Maldição do Pérola Negra', 8, 2003, '27610', 140000000, 25, 4),
	(70, 'A Era do Gelo 3', 2, 2009, '24643', 90000000, 26, 8),
	(71, 'Harry Potter e o Prisioneiro de Azkaban', 11, 2004, '12382', 130000000, 20, 6),
	(72, 'O Hobbit: A Desolação de Smaug', 11, 2013, '13984', 225000000, 22, 7),
	(73, 'Star Wars: Episódio VII - O Despertar da Força', 9, 2015, '22774', 245000000, 24, 4),
	(74, 'Harry Potter e as Relíquias da Morte - Parte 1', 11, 2010, '25917', 125000000, 19, 7),
	(75, 'Jogos Vorazes: Em Chamas', 4, 2013, '15265', 130000000, 24, 6),
	(76, 'Kung Fu Panda 2', 10, 2011, '24575', 150000000, 17, 9),
	(77, 'Homem-Aranha: De Volta ao Lar', 3, 2017, '13078', 175000000, 18, 6),
	(78, 'Toy Story 2', 7, 1999, '17666', 90000000, 20, 8),
	(79, 'Up: Altas Aventuras', 2, 2009, '21099', 175000000, 22, 8),
	(80, 'O Hobbit: A Batalha dos Cinco Exércitos', 11, 2014, '24496', 250000000, 25, 5),
	(81, 'Harry Potter e a Ordem da Fênix', 3, 2007, '13184', 150000000, 19, 4),
	(82, 'Capitão América: Guerra Civil', 6, 2016, '18432', 250000000, 25, 4),
	(83, 'Shrek Terceiro', 7, 2007, '24609', 160000000, 21, 9),
	(84, 'Frozen II', 3, 2019, '21749', 150000000, 25, 10),
	(85, 'It: A Coisa', 8, 2017, '24918', 35000000, 23, 2),
	(86, 'Os Vingadores: Era de Ultron', 7, 2015, '13343', 280000000, 26, 1),
	(87, 'Coco', 8, 2017, '17962', 175000000, 25, 3),
	(88, 'Harry Potter e o Cálice de Fogo', 9, 2005, '21780', 150000000, 21, 1),
	(89, 'O Rei Leão', 6, 2019, '27017', 260000000, 21, 4),
	(90, 'Capitão América: O Primeiro Vingador', 5, 2011, '23744', 140000000, 18, 7),
	(91, 'Toy Story 3', 3, 2010, '27668', 200000000, 19, 3),
	(92, 'Homem de Ferro', 3, 2008, '21109', 186000000, 23, 2),
	(93, 'Monstros S.A.', 4, 2001, '12544', 115000000, 22, 2),
	(94, 'Homem-Aranha 2', 10, 2004, '25391', 200000000, 24, 4),
	(95, 'Piratas do Caribe: A Maldição do Pérola Negra', 4, 2003, '25324', 140000000, 20, 5),
	(96, 'A Era do Gelo 3', 10, 2009, '22447', 90000000, 22, 1),
	(97, 'Harry Potter e o Prisioneiro de Azkaban', 5, 2004, '26264', 130000000, 21, 8),
	(98, 'O Hobbit: A Desolação de Smaug', 3, 2013, '17981', 225000000, 22, 9),
	(99, 'Star Wars: Episódio VII - O Despertar da Força', 1, 2015, '19112', 245000000, 23, 9),
	(100, 'Harry Potter e as Relíquias da Morte - Parte 1', 6, 2010, '13618', 125000000, 23, 9),
	(101, 'Jogos Vorazes: Em Chamas', 5, 2013, '18755', 130000000, 18, 5),
	(102, 'Kung Fu Panda 2', 7, 2011, '24920', 150000000, 26, 7),
	(103, 'Homem-Aranha: De Volta ao Lar', 8, 2017, '22337', 175000000, 17, 2),
	(104, 'Toy Story 2', 5, 1999, '26925', 90000000, 24, 6),
	(105, 'Up: Altas Aventuras', 3, 2009, '21614', 175000000, 19, 3);

-- Copiando estrutura para tabela cinemas.telefones
DROP TABLE IF EXISTS `telefones`;
CREATE TABLE IF NOT EXISTS `telefones` (
  `idtelefones` int(11) NOT NULL AUTO_INCREMENT,
  `numero` varchar(45) DEFAULT NULL,
  `idestudios` int(11) NOT NULL,
  PRIMARY KEY (`idtelefones`,`idestudios`),
  KEY `fk_telefones_estudios_idx` (`idestudios`),
  CONSTRAINT `fk_telefones_estudios` FOREIGN KEY (`idestudios`) REFERENCES `estudios` (`idestudios`)
) ENGINE=InnoDB AUTO_INCREMENT=9 DEFAULT CHARSET=utf8mb3 COLLATE=utf8mb3_general_ci;

-- Copiando dados para a tabela cinemas.telefones: ~8 rows (aproximadamente)
REPLACE INTO `telefones` (`idtelefones`, `numero`, `idestudios`) VALUES
	(1, '9999', 1),
	(2, '88888', 1),
	(3, '9999888', 1),
	(4, '11119999', 1),
	(5, '22229999', 2),
	(6, '9999', 2),
	(7, '666', 3),
	(8, '777', 4);

-- Copiando estrutura para tabela cinemas.tipos_papeis
DROP TABLE IF EXISTS `tipos_papeis`;
CREATE TABLE IF NOT EXISTS `tipos_papeis` (
  `idtipos_papeis` int(11) NOT NULL AUTO_INCREMENT,
  `descricao` varchar(45) DEFAULT NULL,
  `idatores` int(11) NOT NULL,
  PRIMARY KEY (`idtipos_papeis`,`idatores`),
  KEY `fk_tipos_papeis_atores1_idx` (`idatores`),
  CONSTRAINT `fk_tipos_papeis_atores1` FOREIGN KEY (`idatores`) REFERENCES `atores` (`idatores`)
) ENGINE=InnoDB AUTO_INCREMENT=1005 DEFAULT CHARSET=utf8mb3 COLLATE=utf8mb3_general_ci;

-- Copiando dados para a tabela cinemas.tipos_papeis: ~1.004 rows (aproximadamente)
REPLACE INTO `tipos_papeis` (`idtipos_papeis`, `descricao`, `idatores`) VALUES
	(1, 'Advogada determinada', 5),
	(2, 'Vilã manipuladora', 5),
	(3, 'Vilã manipuladora', 5),
	(4, 'Exploradora destemida', 5),
	(5, 'Líder carismático', 65),
	(6, 'Avô amoroso', 97),
	(7, 'Médico compassivo', 93),
	(8, 'Mágico ilusionista', 71),
	(9, 'Soldado corajoso', 75),
	(10, 'Agente secreto astuto', 63),
	(11, 'Médico compassivo', 89),
	(12, 'Rebelde com coração de ouro', 56),
	(13, 'Vilã manipuladora', 12),
	(14, 'Policial incorruptível', 91),
	(15, 'Médica determinada', 18),
	(16, 'Robô companheiro', 18),
	(17, 'Detento reformado', 33),
	(18, 'Assassina habilidosa', 12),
	(19, 'Aventureira destemida', 60),
	(20, 'Jovem promissor', 63),
	(21, 'Lutador de rua durão', 35),
	(22, 'Heroína destemida', 88),
	(23, 'Agente secreto astuto', 31),
	(24, 'Artista excêntrico', 91),
	(25, 'Jovem prodígio', 63),
	(26, 'Jovem prodígio', 39),
	(27, 'Gênio excêntrico', 7),
	(28, 'Professor sábio', 19),
	(29, 'Advogada determinada', 72),
	(30, 'Vilã manipuladora', 3),
	(31, 'Atriz talentosa', 98),
	(32, 'Serial killer psicopata', 83),
	(33, 'Caçadora furtiva', 18),
	(34, 'Lutador de rua durão', 41),
	(35, 'Exploradora destemida', 52),
	(36, 'Conselheiro sábio', 37),
	(37, 'Rainha poderosa', 26),
	(38, 'Piloto destemido', 19),
	(39, 'Vilã manipuladora', 16),
	(40, 'Atriz em ascensão', 22),
	(41, 'Espião disfarçado', 61),
	(42, 'Exploradora destemida', 40),
	(43, 'Caçadora furtiva', 18),
	(44, 'Artista excêntrico', 69),
	(45, 'Rainha poderosa', 90),
	(46, 'Músico talentoso', 41),
	(47, 'Exploradora destemida', 34),
	(48, 'Professor sábio', 47),
	(49, 'Caçadora furtiva', 34),
	(50, 'Prisioneiro injustiçado', 27),
	(51, 'Atriz em ascensão', 32),
	(52, 'Detento reformado', 79),
	(53, 'Vilã manipuladora', 100),
	(54, 'Cientista louco', 63),
	(55, 'Avô amoroso', 13),
	(56, 'Piloto de corrida audacioso', 77),
	(57, 'Advogada determinada', 46),
	(58, 'Detetive particular', 97),
	(59, 'Cientista louco', 45),
	(60, 'Vilã manipuladora', 34),
	(61, 'Personagem enigmático', 36),
	(62, 'Assassina habilidosa', 76),
	(63, 'Agente secreto astuto', 73),
	(64, 'Aventureira destemida', 34),
	(65, 'Advogada determinada', 52),
	(66, 'Agente secreto astuto', 57),
	(67, 'Atriz talentosa', 30),
	(68, 'Médica determinada', 78),
	(69, 'Rainha poderosa', 98),
	(70, 'Robô companheiro', 56),
	(71, 'Médica determinada', 84),
	(72, 'Criminoso carismático', 53),
	(73, 'Exploradora destemida', 12),
	(74, 'Médico compassivo', 1),
	(75, 'Detetive habilidoso', 67),
	(76, 'Soldado corajoso', 31),
	(77, 'Conselheiro sábio', 55),
	(78, 'Piloto destemido', 79),
	(79, 'Personagem enigmático', 32),
	(80, 'Artista excêntrico', 20),
	(81, 'Piloto destemido', 4),
	(82, 'Espião disfarçado', 61),
	(83, 'Artista excêntrico', 90),
	(84, 'Gênio excêntrico', 69),
	(85, 'Exploradora destemida', 72),
	(86, 'Atriz em ascensão', 52),
	(87, 'Mágico ilusionista', 43),
	(88, 'Gênio excêntrico', 61),
	(89, 'Detetive habilidoso', 73),
	(90, 'Criminoso carismático', 81),
	(91, 'Atriz talentosa', 86),
	(92, 'Espião disfarçado', 85),
	(93, 'Músico talentoso', 69),
	(94, 'Rebelde com coração de ouro', 87),
	(95, 'Detento reformado', 27),
	(96, 'Exploradora destemida', 76),
	(97, 'Personagem enigmático', 99),
	(98, 'Jornalista investigativo', 67),
	(99, 'Heroína destemida', 38),
	(100, 'Piloto destemido', 87),
	(101, 'Rainha poderosa', 22),
	(102, 'Vilã manipuladora', 46),
	(103, 'Agente secreto astuto', 67),
	(104, 'Rebelde com coração de ouro', 93),
	(105, 'Criminoso carismático', 67),
	(106, 'Artista marcial lendário', 53),
	(107, 'Personagem enigmático', 62),
	(108, 'Rebelde com coração de ouro', 53),
	(109, 'Médica determinada', 78),
	(110, 'Detento reformado', 29),
	(111, 'Músico talentoso', 11),
	(112, 'Aventureira destemida', 70),
	(113, 'Avô amoroso', 15),
	(114, 'Atriz talentosa', 64),
	(115, 'Piloto destemido', 73),
	(116, 'Advogada determinada', 74),
	(117, 'Rebelde com coração de ouro', 49),
	(118, 'Artista excêntrico', 24),
	(119, 'Exploradora destemida', 74),
	(120, 'Personagem enigmático', 95),
	(121, 'Gênio excêntrico', 51),
	(122, 'Vilã manipuladora', 72),
	(123, 'Mágico ilusionista', 6),
	(124, 'Aventureira destemida', 14),
	(125, 'Gênio excêntrico', 51),
	(126, 'Vilã manipuladora', 14),
	(127, 'Heroína destemida', 14),
	(128, 'Heroína destemida', 28),
	(129, 'Aventureira destemida', 96),
	(130, 'Caçadora furtiva', 98),
	(131, 'Atriz em ascensão', 3),
	(132, 'Rebelde com coração de ouro', 18),
	(133, 'Aventureira destemida', 80),
	(134, 'Agente secreto astuto', 45),
	(135, 'Aventureira destemida', 86),
	(136, 'Personagem enigmático', 92),
	(137, 'Conselheiro sábio', 4),
	(138, 'Criminoso carismático', 45),
	(139, 'Mago poderoso', 9),
	(140, 'Lutador de rua durão', 11),
	(141, 'Atriz em ascensão', 26),
	(142, 'Detento reformado', 97),
	(143, 'Atriz em ascensão', 5),
	(144, 'Caçadora furtiva', 34),
	(145, 'Conselheiro sábio', 55),
	(146, 'Piloto destemido', 73),
	(147, 'Mago poderoso', 1),
	(148, 'Rainha poderosa', 82),
	(149, 'Conselheiro sábio', 9),
	(150, 'Político carismático', 99),
	(151, 'Aventureira destemida', 68),
	(152, 'Político carismático', 39),
	(153, 'Personagem enigmático', 94),
	(154, 'Advogada determinada', 52),
	(155, 'Aventureira destemida', 78),
	(156, 'Robô companheiro', 32),
	(157, 'Piloto destemido', 25),
	(158, 'Policial incorruptível', 29),
	(159, 'Aventureira destemida', 68),
	(160, 'Médico compassivo', 53),
	(161, 'Piloto destemido', 61),
	(162, 'Jornalista investigativo', 47),
	(163, 'Piloto de corrida audacioso', 49),
	(164, 'Rebelde com coração de ouro', 3),
	(165, 'Aventureira destemida', 68),
	(166, 'Político carismático', 29),
	(167, 'Atriz em ascensão', 42),
	(168, 'Detento reformado', 21),
	(169, 'Professor sábio', 79),
	(170, 'Rebelde com coração de ouro', 30),
	(171, 'Personagem enigmático', 14),
	(172, 'Espião disfarçado', 81),
	(173, 'Rainha poderosa', 62),
	(174, 'Piloto destemido', 65),
	(175, 'Personagem enigmático', 38),
	(176, 'Atriz talentosa', 94),
	(177, 'Rainha poderosa', 56),
	(178, 'Espião disfarçado', 97),
	(179, 'Mágico ilusionista', 17),
	(180, 'Personagem enigmático', 94),
	(181, 'Líder carismático', 17),
	(182, 'Mãe solteira', 5),
	(183, 'Artista excêntrico', 71),
	(184, 'Atriz em ascensão', 42),
	(185, 'Médico compassivo', 95),
	(186, 'Soldado corajoso', 47),
	(187, 'Prisioneiro injustiçado', 53),
	(188, 'Atriz em ascensão', 20),
	(189, 'Atriz em ascensão', 42),
	(190, 'Caçadora furtiva', 48),
	(191, 'Médica determinada', 14),
	(192, 'Vilã manipuladora', 28),
	(193, 'Detetive habilidoso', 95),
	(194, 'Vilã manipuladora', 92),
	(195, 'Mãe solteira', 72),
	(196, 'Policial incorruptível', 85),
	(197, 'Líder carismático', 7),
	(198, 'Músico talentoso', 79),
	(199, 'Lutador de rua durão', 75),
	(200, 'Detetive particular', 37),
	(201, 'Rainha poderosa', 60),
	(202, 'Detento reformado', 89),
	(203, 'Atriz em ascensão', 62),
	(204, 'Advogada determinada', 44),
	(205, 'Gênio excêntrico', 35),
	(206, 'Criminoso carismático', 43),
	(207, 'Artista excêntrico', 10),
	(208, 'Jovem prodígio', 21),
	(209, 'Jovem prodígio', 75),
	(210, 'Rainha poderosa', 12),
	(211, 'Caçadora furtiva', 34),
	(212, 'Prisioneiro injustiçado', 33),
	(213, 'Rainha poderosa', 64),
	(214, 'Advogada determinada', 20),
	(215, 'Rebelde com coração de ouro', 8),
	(216, 'Professor sábio', 79),
	(217, 'Robô companheiro', 72),
	(218, 'Atriz em ascensão', 22),
	(219, 'Médica determinada', 94),
	(220, 'Rebelde com coração de ouro', 5),
	(221, 'Detetive habilidoso', 41),
	(222, 'Robô companheiro', 89),
	(223, 'Espião disfarçado', 21),
	(224, 'Heroína destemida', 40),
	(225, 'Gênio excêntrico', 35),
	(226, 'Médico compassivo', 53),
	(227, 'Caçadora furtiva', 62),
	(228, 'Atriz em ascensão', 50),
	(229, 'Caçadora furtiva', 62),
	(230, 'Heroína destemida', 60),
	(231, 'Jornalista investigativo', 15),
	(232, 'Vilã manipuladora', 92),
	(233, 'Mãe solteira', 16),
	(234, 'Detetive habilidoso', 4),
	(235, 'Músico talentoso', 71),
	(236, 'Médico compassivo', 43),
	(237, 'Piloto de corrida audacioso', 1),
	(238, 'Professor sábio', 75),
	(239, 'Atriz talentosa', 72),
	(240, 'Jovem promissor', 35),
	(241, 'Gênio excêntrico', 57),
	(242, 'Vilã manipuladora', 80),
	(243, 'Advogada determinada', 28),
	(244, 'Mãe solteira', 100),
	(245, 'Rebelde com coração de ouro', 16),
	(246, 'Rainha poderosa', 80),
	(247, 'Piloto destemido', 49),
	(248, 'Professor sábio', 7),
	(249, 'Caçadora furtiva', 88),
	(250, 'Policial incorruptível', 19),
	(251, 'Rainha poderosa', 30),
	(252, 'Jornalista investigativo', 93),
	(253, 'Músico talentoso', 75),
	(254, 'Artista excêntrico', 96),
	(255, 'Mágico ilusionista', 55),
	(256, 'Professor sábio', 85),
	(257, 'Mago poderoso', 59),
	(258, 'Líder carismático', 41),
	(259, 'Rainha poderosa', 28),
	(260, 'Artista excêntrico', 16),
	(261, 'Rebelde com coração de ouro', 93),
	(262, 'Jovem prodígio', 19),
	(263, 'Advogada determinada', 14),
	(264, 'Artista excêntrico', 14),
	(265, 'Detetive particular', 27),
	(266, 'Político carismático', 93),
	(267, 'Mago poderoso', 83),
	(268, 'Piloto de corrida audacioso', 35),
	(269, 'Detetive habilidoso', 27),
	(270, 'Rebelde com coração de ouro', 29),
	(271, 'Detetive habilidoso', 63),
	(272, 'Caçadora furtiva', 26),
	(273, 'Cientista louco', 41),
	(274, 'Artista excêntrico', 27),
	(275, 'Conselheiro sábio', 13),
	(276, 'Personagem enigmático', 84),
	(277, 'Artista excêntrico', 81),
	(278, 'Rainha poderosa', 50),
	(279, 'Detetive particular', 6),
	(280, 'Vigilante mascarado', 79),
	(281, 'Policial incorruptível', 75),
	(282, 'Detetive habilidoso', 41),
	(283, 'Agente secreto astuto', 79),
	(284, 'Heroína destemida', 72),
	(285, 'Vilã manipuladora', 22),
	(286, 'Mago poderoso', 91),
	(287, 'Médica determinada', 92),
	(288, 'Atriz em ascensão', 86),
	(289, 'Vilã manipuladora', 52),
	(290, 'Personagem enigmático', 2),
	(291, 'Caçadora furtiva', 54),
	(292, 'Artista marcial lendário', 63),
	(293, 'Soldado corajoso', 55),
	(294, 'Detetive habilidoso', 83),
	(295, 'Piloto de corrida audacioso', 49),
	(296, 'Aventureira destemida', 98),
	(297, 'Serial killer psicopata', 39),
	(298, 'Rebelde com coração de ouro', 3),
	(299, 'Robô companheiro', 96),
	(300, 'Mágico ilusionista', 73),
	(301, 'Aventureira destemida', 74),
	(302, 'Médico compassivo', 49),
	(303, 'Médica determinada', 26),
	(304, 'Personagem enigmático', 81),
	(305, 'Vilã manipuladora', 28),
	(306, 'Personagem enigmático', 97),
	(307, 'Rainha poderosa', 98),
	(308, 'Assassina habilidosa', 100),
	(309, 'Serial killer psicopata', 6),
	(310, 'Detento reformado', 29),
	(311, 'Criminoso carismático', 27),
	(312, 'Artista excêntrico', 47),
	(313, 'Aventureira destemida', 52),
	(314, 'Heroína destemida', 18),
	(315, 'Rainha poderosa', 36),
	(316, 'Mago poderoso', 27),
	(317, 'Prisioneiro injustiçado', 23),
	(318, 'Artista excêntrico', 34),
	(319, 'Mágico ilusionista', 1),
	(320, 'Vilã manipuladora', 2),
	(321, 'Médico compassivo', 9),
	(322, 'Mago poderoso', 35),
	(323, 'Espião disfarçado', 51),
	(324, 'Artista excêntrico', 46),
	(325, 'Caçadora furtiva', 80),
	(326, 'Exploradora destemida', 58),
	(327, 'Rebelde com coração de ouro', 53),
	(328, 'Lutador de rua durão', 89),
	(329, 'Artista excêntrico', 85),
	(330, 'Caçadora furtiva', 60),
	(331, 'Detetive particular', 41),
	(332, 'Detetive particular', 27),
	(333, 'Médica determinada', 10),
	(334, 'Advogada determinada', 70),
	(335, 'Atriz em ascensão', 18),
	(336, 'Músico talentoso', 79),
	(337, 'Jovem promissor', 41),
	(338, 'Robô companheiro', 70),
	(339, 'Mãe solteira', 24),
	(340, 'Atriz em ascensão', 10),
	(341, 'Heroína destemida', 76),
	(342, 'Rainha poderosa', 52),
	(343, 'Jovem promissor', 31),
	(344, 'Vigilante mascarado', 99),
	(345, 'Líder carismático', 99),
	(346, 'Aventureira destemida', 100),
	(347, 'Heroína destemida', 2),
	(348, 'Lutador de rua durão', 9),
	(349, 'Robô companheiro', 38),
	(350, 'Prisioneiro injustiçado', 61),
	(351, 'Jornalista investigativo', 93),
	(352, 'Líder carismático', 81),
	(353, 'Robô companheiro', 26),
	(354, 'Vilã manipuladora', 84),
	(355, 'Exploradora destemida', 44),
	(356, 'Policial incorruptível', 65),
	(357, 'Artista marcial lendário', 93),
	(358, 'Jovem prodígio', 69),
	(359, 'Jovem prodígio', 65),
	(360, 'Professor sábio', 17),
	(361, 'Avô amoroso', 89),
	(362, 'Heroína destemida', 96),
	(363, 'Artista marcial lendário', 13),
	(364, 'Atriz em ascensão', 74),
	(365, 'Heroína destemida', 32),
	(366, 'Gênio excêntrico', 37),
	(367, 'Assassina habilidosa', 88),
	(368, 'Mago poderoso', 27),
	(369, 'Robô companheiro', 72),
	(370, 'Advogada determinada', 78),
	(371, 'Exploradora destemida', 74),
	(372, 'Jovem prodígio', 37),
	(373, 'Professor sábio', 63),
	(374, 'Personagem enigmático', 1),
	(375, 'Personagem enigmático', 17),
	(376, 'Advogada determinada', 80),
	(377, 'Vilã manipuladora', 50),
	(378, 'Artista marcial lendário', 7),
	(379, 'Atriz talentosa', 88),
	(380, 'Artista marcial lendário', 17),
	(381, 'Personagem enigmático', 21),
	(382, 'Artista excêntrico', 54),
	(383, 'Músico talentoso', 4),
	(384, 'Heroína destemida', 60),
	(385, 'Mágico ilusionista', 87),
	(386, 'Soldado corajoso', 55),
	(387, 'Assassina habilidosa', 12),
	(388, 'Heroína destemida', 94),
	(389, 'Médica determinada', 36),
	(390, 'Personagem enigmático', 96),
	(391, 'Político carismático', 73),
	(392, 'Médica determinada', 76),
	(393, 'Avô amoroso', 59),
	(394, 'Jovem promissor', 65),
	(395, 'Atriz talentosa', 50),
	(396, 'Mágico ilusionista', 55),
	(397, 'Robô companheiro', 22),
	(398, 'Detento reformado', 47),
	(399, 'Médico compassivo', 67),
	(400, 'Jovem prodígio', 95),
	(401, 'Atriz talentosa', 72),
	(402, 'Personagem enigmático', 74),
	(403, 'Serial killer psicopata', 55),
	(404, 'Mãe solteira', 54),
	(405, 'Conselheiro sábio', 1),
	(406, 'Prisioneiro injustiçado', 45),
	(407, 'Médica determinada', 22),
	(408, 'Robô companheiro', 74),
	(409, 'Mãe solteira', 5),
	(410, 'Jovem promissor', 1),
	(411, 'Vilã manipuladora', 92),
	(412, 'Exploradora destemida', 54),
	(413, 'Criminoso carismático', 93),
	(414, 'Vilã manipuladora', 2),
	(415, 'Espião disfarçado', 31),
	(416, 'Prisioneiro injustiçado', 49),
	(417, 'Médico compassivo', 51),
	(418, 'Mãe solteira', 8),
	(419, 'Atriz talentosa', 86),
	(420, 'Mago poderoso', 7),
	(421, 'Vigilante mascarado', 77),
	(422, 'Soldado corajoso', 61),
	(423, 'Jornalista investigativo', 73),
	(424, 'Rainha poderosa', 84),
	(425, 'Rebelde com coração de ouro', 100),
	(426, 'Artista excêntrico', 48),
	(427, 'Atriz talentosa', 40),
	(428, 'Serial killer psicopata', 55),
	(429, 'Aventureira destemida', 56),
	(430, 'Político carismático', 13),
	(431, 'Artista excêntrico', 95),
	(432, 'Mãe solteira', 38),
	(433, 'Robô companheiro', 5),
	(434, 'Vilã manipuladora', 10),
	(435, 'Conselheiro sábio', 35),
	(436, 'Atriz talentosa', 42),
	(437, 'Vilã manipuladora', 5),
	(438, 'Jovem prodígio', 1),
	(439, 'Caçadora furtiva', 86),
	(440, 'Líder carismático', 29),
	(441, 'Cientista louco', 85),
	(442, 'Artista excêntrico', 38),
	(443, 'Soldado corajoso', 33),
	(444, 'Caçadora furtiva', 50),
	(445, 'Rainha poderosa', 52),
	(446, 'Artista excêntrico', 10),
	(447, 'Caçadora furtiva', 94),
	(448, 'Atriz talentosa', 40),
	(449, 'Caçadora furtiva', 16),
	(450, 'Rainha poderosa', 58),
	(451, 'Advogada determinada', 42),
	(452, 'Professor sábio', 37),
	(453, 'Artista excêntrico', 56),
	(454, 'Avô amoroso', 71),
	(455, 'Médica determinada', 86),
	(456, 'Advogada determinada', 18),
	(457, 'Aventureira destemida', 30),
	(458, 'Espião disfarçado', 97),
	(459, 'Agente secreto astuto', 93),
	(460, 'Aventureira destemida', 76),
	(461, 'Detetive particular', 97),
	(462, 'Médica determinada', 58),
	(463, 'Heroína destemida', 100),
	(464, 'Serial killer psicopata', 25),
	(465, 'Artista excêntrico', 24),
	(466, 'Robô companheiro', 44),
	(467, 'Rebelde com coração de ouro', 46),
	(468, 'Mãe solteira', 98),
	(469, 'Aventureira destemida', 52),
	(470, 'Piloto de corrida audacioso', 65),
	(471, 'Serial killer psicopata', 67),
	(472, 'Espião disfarçado', 41),
	(473, 'Jovem promissor', 4),
	(474, 'Advogada determinada', 96),
	(475, 'Agente secreto astuto', 67),
	(476, 'Agente secreto astuto', 47),
	(477, 'Artista excêntrico', 35),
	(478, 'Atriz em ascensão', 32),
	(479, 'Mãe solteira', 54),
	(480, 'Detetive particular', 73),
	(481, 'Atriz talentosa', 2),
	(482, 'Robô companheiro', 92),
	(483, 'Jornalista investigativo', 55),
	(484, 'Personagem enigmático', 97),
	(485, 'Gênio excêntrico', 19),
	(486, 'Rebelde com coração de ouro', 3),
	(487, 'Atriz talentosa', 60),
	(488, 'Aventureira destemida', 90),
	(489, 'Médica determinada', 68),
	(490, 'Atriz talentosa', 72),
	(491, 'Advogada determinada', 54),
	(492, 'Rebelde com coração de ouro', 52),
	(493, 'Rebelde com coração de ouro', 100),
	(494, 'Personagem enigmático', 42),
	(495, 'Jornalista investigativo', 11),
	(496, 'Atriz em ascensão', 26),
	(497, 'Advogada determinada', 98),
	(498, 'Robô companheiro', 10),
	(499, 'Policial incorruptível', 55),
	(500, 'Policial incorruptível', 47),
	(501, 'Rainha poderosa', 66),
	(502, 'Assassina habilidosa', 92),
	(503, 'Robô companheiro', 59),
	(504, 'Piloto destemido', 21),
	(505, 'Vilã manipuladora', 26),
	(506, 'Vilã manipuladora', 66),
	(507, 'Detetive particular', 53),
	(508, 'Detetive particular', 67),
	(509, 'Exploradora destemida', 76),
	(510, 'Mago poderoso', 79),
	(511, 'Advogada determinada', 64),
	(512, 'Médica determinada', 84),
	(513, 'Policial incorruptível', 29),
	(514, 'Advogada determinada', 92),
	(515, 'Professor sábio', 73),
	(516, 'Jovem promissor', 89),
	(517, 'Piloto de corrida audacioso', 23),
	(518, 'Médico compassivo', 47),
	(519, 'Exploradora destemida', 68),
	(520, 'Piloto destemido', 97),
	(521, 'Robô companheiro', 79),
	(522, 'Jovem prodígio', 4),
	(523, 'Artista excêntrico', 82),
	(524, 'Vigilante mascarado', 99),
	(525, 'Advogada determinada', 50),
	(526, 'Cientista louco', 51),
	(527, 'Detetive habilidoso', 6),
	(528, 'Piloto destemido', 75),
	(529, 'Professor sábio', 57),
	(530, 'Robô companheiro', 58),
	(531, 'Personagem enigmático', 21),
	(532, 'Heroína destemida', 30),
	(533, 'Rebelde com coração de ouro', 86),
	(534, 'Vilã manipuladora', 40),
	(535, 'Médico compassivo', 39),
	(536, 'Heroína destemida', 78),
	(537, 'Atriz em ascensão', 72),
	(538, 'Rainha poderosa', 24),
	(539, 'Médica determinada', 3),
	(540, 'Jovem prodígio', 41),
	(541, 'Artista excêntrico', 98),
	(542, 'Detento reformado', 67),
	(543, 'Vilã manipuladora', 40),
	(544, 'Jovem promissor', 97),
	(545, 'Rainha poderosa', 66),
	(546, 'Exploradora destemida', 38),
	(547, 'Artista excêntrico', 92),
	(548, 'Advogada determinada', 44),
	(549, 'Artista marcial lendário', 43),
	(550, 'Rebelde com coração de ouro', 84),
	(551, 'Atriz talentosa', 88),
	(552, 'Prisioneiro injustiçado', 91),
	(553, 'Personagem enigmático', 89),
	(554, 'Exploradora destemida', 70),
	(555, 'Artista marcial lendário', 83),
	(556, 'Assassina habilidosa', 3),
	(557, 'Heroína destemida', 68),
	(558, 'Rebelde com coração de ouro', 30),
	(559, 'Mago poderoso', 47),
	(560, 'Espião disfarçado', 41),
	(561, 'Gênio excêntrico', 67),
	(562, 'Médica determinada', 10),
	(563, 'Robô companheiro', 49),
	(564, 'Aventureira destemida', 16),
	(565, 'Artista marcial lendário', 31),
	(566, 'Criminoso carismático', 6),
	(567, 'Robô companheiro', 37),
	(568, 'Artista excêntrico', 68),
	(569, 'Assassina habilidosa', 26),
	(570, 'Gênio excêntrico', 25),
	(571, 'Heroína destemida', 46),
	(572, 'Atriz em ascensão', 56),
	(573, 'Rainha poderosa', 40),
	(574, 'Artista excêntrico', 34),
	(575, 'Advogada determinada', 48),
	(576, 'Serial killer psicopata', 37),
	(577, 'Rebelde com coração de ouro', 41),
	(578, 'Conselheiro sábio', 93),
	(579, 'Político carismático', 43),
	(580, 'Médica determinada', 34),
	(581, 'Atriz talentosa', 40),
	(582, 'Piloto de corrida audacioso', 99),
	(583, 'Rainha poderosa', 76),
	(584, 'Espião disfarçado', 81),
	(585, 'Gênio excêntrico', 77),
	(586, 'Advogada determinada', 42),
	(587, 'Advogada determinada', 78),
	(588, 'Avô amoroso', 63),
	(589, 'Detetive habilidoso', 81),
	(590, 'Criminoso carismático', 17),
	(591, 'Médico compassivo', 39),
	(592, 'Lutador de rua durão', 45),
	(593, 'Músico talentoso', 7),
	(594, 'Líder carismático', 1),
	(595, 'Rainha poderosa', 82),
	(596, 'Espião disfarçado', 6),
	(597, 'Atriz em ascensão', 86),
	(598, 'Detetive particular', 11),
	(599, 'Robô companheiro', 95),
	(600, 'Soldado corajoso', 41),
	(601, 'Músico talentoso', 19),
	(602, 'Assassina habilidosa', 70),
	(603, 'Mãe solteira', 96),
	(604, 'Rebelde com coração de ouro', 70),
	(605, 'Atriz em ascensão', 58),
	(606, 'Médica determinada', 82),
	(607, 'Detento reformado', 33),
	(608, 'Rainha poderosa', 22),
	(609, 'Soldado corajoso', 9),
	(610, 'Caçadora furtiva', 76),
	(611, 'Aventureira destemida', 56),
	(612, 'Médico compassivo', 49),
	(613, 'Robô companheiro', 78),
	(614, 'Aventureira destemida', 42),
	(615, 'Rebelde com coração de ouro', 74),
	(616, 'Artista excêntrico', 44),
	(617, 'Atriz em ascensão', 96),
	(618, 'Avô amoroso', 49),
	(619, 'Serial killer psicopata', 57),
	(620, 'Rebelde com coração de ouro', 36),
	(621, 'Artista marcial lendário', 9),
	(622, 'Músico talentoso', 37),
	(623, 'Mágico ilusionista', 55),
	(624, 'Rainha poderosa', 66),
	(625, 'Mágico ilusionista', 63),
	(626, 'Líder carismático', 17),
	(627, 'Aventureira destemida', 96),
	(628, 'Caçadora furtiva', 30),
	(629, 'Vilã manipuladora', 62),
	(630, 'Mágico ilusionista', 17),
	(631, 'Heroína destemida', 98),
	(632, 'Serial killer psicopata', 41),
	(633, 'Policial incorruptível', 11),
	(634, 'Assassina habilidosa', 30),
	(635, 'Professor sábio', 17),
	(636, 'Jovem promissor', 95),
	(637, 'Aventureira destemida', 22),
	(638, 'Robô companheiro', 24),
	(639, 'Rebelde com coração de ouro', 54),
	(640, 'Avô amoroso', 99),
	(641, 'Agente secreto astuto', 31),
	(642, 'Piloto de corrida audacioso', 59),
	(643, 'Personagem enigmático', 1),
	(644, 'Policial incorruptível', 25),
	(645, 'Prisioneiro injustiçado', 25),
	(646, 'Vigilante mascarado', 49),
	(647, 'Robô companheiro', 68),
	(648, 'Rebelde com coração de ouro', 95),
	(649, 'Mãe solteira', 70),
	(650, 'Caçadora furtiva', 64),
	(651, 'Rebelde com coração de ouro', 9),
	(652, 'Heroína destemida', 52),
	(653, 'Rebelde com coração de ouro', 32),
	(654, 'Atriz talentosa', 3),
	(655, 'Conselheiro sábio', 19),
	(656, 'Líder carismático', 87),
	(657, 'Gênio excêntrico', 75),
	(658, 'Advogada determinada', 14),
	(659, 'Músico talentoso', 45),
	(660, 'Rainha poderosa', 84),
	(661, 'Rebelde com coração de ouro', 84),
	(662, 'Mãe solteira', 68),
	(663, 'Artista excêntrico', 88),
	(664, 'Professor sábio', 35),
	(665, 'Assassina habilidosa', 12),
	(666, 'Personagem enigmático', 52),
	(667, 'Robô companheiro', 23),
	(668, 'Professor sábio', 61),
	(669, 'Vilã manipuladora', 36),
	(670, 'Personagem enigmático', 93),
	(671, 'Conselheiro sábio', 59),
	(672, 'Prisioneiro injustiçado', 17),
	(673, 'Assassina habilidosa', 5),
	(674, 'Lutador de rua durão', 75),
	(675, 'Cientista louco', 57),
	(676, 'Prisioneiro injustiçado', 63),
	(677, 'Vigilante mascarado', 41),
	(678, 'Mago poderoso', 15),
	(679, 'Mãe solteira', 54),
	(680, 'Advogada determinada', 22),
	(681, 'Mágico ilusionista', 47),
	(682, 'Músico talentoso', 71),
	(683, 'Artista excêntrico', 14),
	(684, 'Robô companheiro', 56),
	(685, 'Artista marcial lendário', 39),
	(686, 'Aventureira destemida', 24),
	(687, 'Aventureira destemida', 3),
	(688, 'Policial incorruptível', 43),
	(689, 'Conselheiro sábio', 7),
	(690, 'Heroína destemida', 3),
	(691, 'Caçadora furtiva', 96),
	(692, 'Piloto destemido', 69),
	(693, 'Gênio excêntrico', 55),
	(694, 'Rainha poderosa', 68),
	(695, 'Médica determinada', 74),
	(696, 'Rebelde com coração de ouro', 67),
	(697, 'Atriz talentosa', 12),
	(698, 'Caçadora furtiva', 58),
	(699, 'Gênio excêntrico', 53),
	(700, 'Atriz talentosa', 92),
	(701, 'Serial killer psicopata', 1),
	(702, 'Artista marcial lendário', 27),
	(703, 'Jovem promissor', 31),
	(704, 'Atriz em ascensão', 72),
	(705, 'Piloto destemido', 69),
	(706, 'Vilã manipuladora', 28),
	(707, 'Artista excêntrico', 31),
	(708, 'Lutador de rua durão', 73),
	(709, 'Conselheiro sábio', 71),
	(710, 'Detetive particular', 33),
	(711, 'Rebelde com coração de ouro', 54),
	(712, 'Artista excêntrico', 69),
	(713, 'Assassina habilidosa', 82),
	(714, 'Advogada determinada', 3),
	(715, 'Personagem enigmático', 71),
	(716, 'Assassina habilidosa', 42),
	(717, 'Soldado corajoso', 99),
	(718, 'Atriz talentosa', 68),
	(719, 'Atriz em ascensão', 40),
	(720, 'Rebelde com coração de ouro', 98),
	(721, 'Artista excêntrico', 69),
	(722, 'Detetive particular', 49),
	(723, 'Aventureira destemida', 40),
	(724, 'Piloto de corrida audacioso', 53),
	(725, 'Advogada determinada', 44),
	(726, 'Heroína destemida', 58),
	(727, 'Exploradora destemida', 60),
	(728, 'Detento reformado', 25),
	(729, 'Mago poderoso', 43),
	(730, 'Robô companheiro', 40),
	(731, 'Atriz talentosa', 72),
	(732, 'Avô amoroso', 39),
	(733, 'Robô companheiro', 78),
	(734, 'Cientista louco', 75),
	(735, 'Gênio excêntrico', 37),
	(736, 'Assassina habilidosa', 60),
	(737, 'Artista excêntrico', 90),
	(738, 'Mãe solteira', 68),
	(739, 'Mãe solteira', 68),
	(740, 'Médico compassivo', 39),
	(741, 'Serial killer psicopata', 89),
	(742, 'Piloto de corrida audacioso', 27),
	(743, 'Atriz em ascensão', 68),
	(744, 'Detento reformado', 59),
	(745, 'Aventureira destemida', 90),
	(746, 'Heroína destemida', 72),
	(747, 'Robô companheiro', 92),
	(748, 'Aventureira destemida', 42),
	(749, 'Avô amoroso', 33),
	(750, 'Jovem promissor', 37),
	(751, 'Avô amoroso', 89),
	(752, 'Atriz em ascensão', 30),
	(753, 'Personagem enigmático', 84),
	(754, 'Aventureira destemida', 28),
	(755, 'Artista marcial lendário', 89),
	(756, 'Gênio excêntrico', 59),
	(757, 'Robô companheiro', 30),
	(758, 'Rebelde com coração de ouro', 71),
	(759, 'Atriz talentosa', 66),
	(760, 'Advogada determinada', 16),
	(761, 'Artista marcial lendário', 83),
	(762, 'Médico compassivo', 67),
	(763, 'Artista excêntrico', 83),
	(764, 'Advogada determinada', 14),
	(765, 'Prisioneiro injustiçado', 21),
	(766, 'Político carismático', 61),
	(767, 'Artista excêntrico', 41),
	(768, 'Jornalista investigativo', 23),
	(769, 'Vigilante mascarado', 91),
	(770, 'Músico talentoso', 87),
	(771, 'Caçadora furtiva', 60),
	(772, 'Serial killer psicopata', 37),
	(773, 'Heroína destemida', 5),
	(774, 'Personagem enigmático', 15),
	(775, 'Aventureira destemida', 60),
	(776, 'Político carismático', 55),
	(777, 'Gênio excêntrico', 95),
	(778, 'Assassina habilidosa', 10),
	(779, 'Espião disfarçado', 65),
	(780, 'Atriz talentosa', 92),
	(781, 'Médica determinada', 68),
	(782, 'Vilã manipuladora', 60),
	(783, 'Atriz em ascensão', 96),
	(784, 'Vilã manipuladora', 100),
	(785, 'Aventureira destemida', 12),
	(786, 'Rebelde com coração de ouro', 58),
	(787, 'Atriz em ascensão', 52),
	(788, 'Avô amoroso', 89),
	(789, 'Líder carismático', 87),
	(790, 'Robô companheiro', 68),
	(791, 'Assassina habilidosa', 78),
	(792, 'Atriz talentosa', 86),
	(793, 'Soldado corajoso', 97),
	(794, 'Aventureira destemida', 26),
	(795, 'Jornalista investigativo', 37),
	(796, 'Rebelde com coração de ouro', 5),
	(797, 'Político carismático', 17),
	(798, 'Jornalista investigativo', 67),
	(799, 'Advogada determinada', 86),
	(800, 'Líder carismático', 27),
	(801, 'Advogada determinada', 78),
	(802, 'Jovem prodígio', 7),
	(803, 'Policial incorruptível', 1),
	(804, 'Advogada determinada', 82),
	(805, 'Piloto de corrida audacioso', 6),
	(806, 'Personagem enigmático', 86),
	(807, 'Caçadora furtiva', 10),
	(808, 'Soldado corajoso', 93),
	(809, 'Médico compassivo', 33),
	(810, 'Aventureira destemida', 84),
	(811, 'Vilã manipuladora', 22),
	(812, 'Vilã manipuladora', 58),
	(813, 'Serial killer psicopata', 23),
	(814, 'Caçadora furtiva', 40),
	(815, 'Atriz em ascensão', 30),
	(816, 'Detento reformado', 31),
	(817, 'Robô companheiro', 64),
	(818, 'Aventureira destemida', 24),
	(819, 'Mágico ilusionista', 31),
	(820, 'Aventureira destemida', 82),
	(821, 'Policial incorruptível', 15),
	(822, 'Jovem promissor', 29),
	(823, 'Artista excêntrico', 100),
	(824, 'Mago poderoso', 13),
	(825, 'Policial incorruptível', 65),
	(826, 'Robô companheiro', 87),
	(827, 'Artista excêntrico', 37),
	(828, 'Médico compassivo', 25),
	(829, 'Gênio excêntrico', 13),
	(830, 'Policial incorruptível', 87),
	(831, 'Político carismático', 99),
	(832, 'Mago poderoso', 31),
	(833, 'Líder carismático', 59),
	(834, 'Heroína destemida', 2),
	(835, 'Mago poderoso', 31),
	(836, 'Artista marcial lendário', 49),
	(837, 'Lutador de rua durão', 51),
	(838, 'Gênio excêntrico', 9),
	(839, 'Político carismático', 91),
	(840, 'Mãe solteira', 28),
	(841, 'Personagem enigmático', 68),
	(842, 'Músico talentoso', 55),
	(843, 'Mago poderoso', 69),
	(844, 'Detetive habilidoso', 79),
	(845, 'Artista excêntrico', 90),
	(846, 'Artista excêntrico', 13),
	(847, 'Artista excêntrico', 91),
	(848, 'Mãe solteira', 18),
	(849, 'Atriz talentosa', 18),
	(850, 'Robô companheiro', 34),
	(851, 'Personagem enigmático', 16),
	(852, 'Rainha poderosa', 78),
	(853, 'Rebelde com coração de ouro', 41),
	(854, 'Exploradora destemida', 72),
	(855, 'Conselheiro sábio', 35),
	(856, 'Mágico ilusionista', 59),
	(857, 'Caçadora furtiva', 90),
	(858, 'Lutador de rua durão', 71),
	(859, 'Mãe solteira', 84),
	(860, 'Jovem prodígio', 7),
	(861, 'Rebelde com coração de ouro', 82),
	(862, 'Assassina habilidosa', 90),
	(863, 'Robô companheiro', 2),
	(864, 'Vilã manipuladora', 38),
	(865, 'Jovem promissor', 85),
	(866, 'Soldado corajoso', 9),
	(867, 'Vilã manipuladora', 92),
	(868, 'Exploradora destemida', 32),
	(869, 'Assassina habilidosa', 84),
	(870, 'Serial killer psicopata', 21),
	(871, 'Rainha poderosa', 56),
	(872, 'Vilã manipuladora', 14),
	(873, 'Atriz talentosa', 3),
	(874, 'Médica determinada', 70),
	(875, 'Rainha poderosa', 42),
	(876, 'Cientista louco', 1),
	(877, 'Advogada determinada', 78),
	(878, 'Exploradora destemida', 88),
	(879, 'Artista excêntrico', 5),
	(880, 'Heroína destemida', 60),
	(881, 'Artista excêntrico', 83),
	(882, 'Vilã manipuladora', 34),
	(883, 'Professor sábio', 21),
	(884, 'Músico talentoso', 1),
	(885, 'Personagem enigmático', 44),
	(886, 'Personagem enigmático', 15),
	(887, 'Personagem enigmático', 44),
	(888, 'Assassina habilidosa', 74),
	(889, 'Médica determinada', 36),
	(890, 'Assassina habilidosa', 60),
	(891, 'Mago poderoso', 89),
	(892, 'Jovem prodígio', 67),
	(893, 'Mãe solteira', 66),
	(894, 'Personagem enigmático', 27),
	(895, 'Heroína destemida', 36),
	(896, 'Jovem prodígio', 1),
	(897, 'Jovem promissor', 97),
	(898, 'Político carismático', 79),
	(899, 'Caçadora furtiva', 3),
	(900, 'Detetive particular', 77),
	(901, 'Lutador de rua durão', 75),
	(902, 'Assassina habilidosa', 44),
	(903, 'Personagem enigmático', 94),
	(904, 'Robô companheiro', 38),
	(905, 'Líder carismático', 7),
	(906, 'Lutador de rua durão', 19),
	(907, 'Assassina habilidosa', 74),
	(908, 'Detento reformado', 15),
	(909, 'Artista marcial lendário', 51),
	(910, 'Personagem enigmático', 9),
	(911, 'Piloto de corrida audacioso', 91),
	(912, 'Mágico ilusionista', 27),
	(913, 'Exploradora destemida', 64),
	(914, 'Rebelde com coração de ouro', 36),
	(915, 'Rebelde com coração de ouro', 88),
	(916, 'Avô amoroso', 33),
	(917, 'Líder carismático', 99),
	(918, 'Assassina habilidosa', 96),
	(919, 'Artista excêntrico', 82),
	(920, 'Jornalista investigativo', 23),
	(921, 'Rebelde com coração de ouro', 68),
	(922, 'Atriz em ascensão', 72),
	(923, 'Heroína destemida', 54),
	(924, 'Advogada determinada', 54),
	(925, 'Serial killer psicopata', 6),
	(926, 'Policial incorruptível', 67),
	(927, 'Robô companheiro', 17),
	(928, 'Detetive habilidoso', 85),
	(929, 'Exploradora destemida', 72),
	(930, 'Robô companheiro', 4),
	(931, 'Detetive particular', 6),
	(932, 'Exploradora destemida', 16),
	(933, 'Piloto destemido', 63),
	(934, 'Artista excêntrico', 68),
	(935, 'Gênio excêntrico', 47),
	(936, 'Mago poderoso', 33),
	(937, 'Mago poderoso', 21),
	(938, 'Político carismático', 6),
	(939, 'Atriz em ascensão', 66),
	(940, 'Professor sábio', 11),
	(941, 'Rebelde com coração de ouro', 55),
	(942, 'Detetive habilidoso', 45),
	(943, 'Músico talentoso', 57),
	(944, 'Líder carismático', 49),
	(945, 'Aventureira destemida', 76),
	(946, 'Aventureira destemida', 30),
	(947, 'Atriz em ascensão', 24),
	(948, 'Lutador de rua durão', 27),
	(949, 'Médica determinada', 64),
	(950, 'Rainha poderosa', 38),
	(951, 'Político carismático', 99),
	(952, 'Heroína destemida', 78),
	(953, 'Detetive habilidoso', 93),
	(954, 'Piloto destemido', 29),
	(955, 'Robô companheiro', 66),
	(956, 'Detento reformado', 45),
	(957, 'Caçadora furtiva', 24),
	(958, 'Detento reformado', 87),
	(959, 'Mãe solteira', 62),
	(960, 'Personagem enigmático', 48),
	(961, 'Rebelde com coração de ouro', 54),
	(962, 'Robô companheiro', 27),
	(963, 'Lutador de rua durão', 71),
	(964, 'Gênio excêntrico', 75),
	(965, 'Mago poderoso', 63),
	(966, 'Vilã manipuladora', 86),
	(967, 'Mágico ilusionista', 43),
	(968, 'Médica determinada', 56),
	(969, 'Vilã manipuladora', 52),
	(970, 'Prisioneiro injustiçado', 89),
	(971, 'Piloto destemido', 91),
	(972, 'Vilã manipuladora', 88),
	(973, 'Jovem prodígio', 67),
	(974, 'Conselheiro sábio', 69),
	(975, 'Médica determinada', 44),
	(976, 'Espião disfarçado', 13),
	(977, 'Robô companheiro', 31),
	(978, 'Rebelde com coração de ouro', 16),
	(979, 'Músico talentoso', 87),
	(980, 'Atriz em ascensão', 84),
	(981, 'Mágico ilusionista', 61),
	(982, 'Vilã manipuladora', 52),
	(983, 'Robô companheiro', 75),
	(984, 'Espião disfarçado', 19),
	(985, 'Artista excêntrico', 72),
	(986, 'Gênio excêntrico', 99),
	(987, 'Soldado corajoso', 81),
	(988, 'Médica determinada', 8),
	(989, 'Conselheiro sábio', 95),
	(990, 'Mago poderoso', 49),
	(991, 'Caçadora furtiva', 60),
	(992, 'Conselheiro sábio', 55),
	(993, 'Personagem enigmático', 93),
	(994, 'Robô companheiro', 100),
	(995, 'Vilã manipuladora', 20),
	(996, 'Cientista louco', 99),
	(997, 'Mago poderoso', 35),
	(998, 'Heroína destemida', 78),
	(999, 'Atriz talentosa', 84),
	(1000, 'Robô companheiro', 86),
	(1001, 'Jovem promissor', 75),
	(1002, 'Conselheiro sábio', 19),
	(1003, 'Cientista louco', 67),
	(1004, 'Serial killer psicopata', 81);

/*!40103 SET TIME_ZONE=IFNULL(@OLD_TIME_ZONE, 'system') */;
/*!40101 SET SQL_MODE=IFNULL(@OLD_SQL_MODE, '') */;
/*!40014 SET FOREIGN_KEY_CHECKS=IFNULL(@OLD_FOREIGN_KEY_CHECKS, 1) */;
/*!40101 SET CHARACTER_SET_CLIENT=@OLD_CHARACTER_SET_CLIENT */;
/*!40111 SET SQL_NOTES=IFNULL(@OLD_SQL_NOTES, 1) */;
