-- --------------------------------------------------------
-- Servidor:                     127.0.0.1
-- Versão do servidor:           10.5.9-MariaDB - mariadb.org binary distribution
-- OS do Servidor:               Win64
-- HeidiSQL Versão:              11.3.0.6317
-- --------------------------------------------------------

/*!40101 SET @OLD_CHARACTER_SET_CLIENT=@@CHARACTER_SET_CLIENT */;
/*!40101 SET NAMES utf8 */;
/*!50503 SET NAMES utf8mb4 */;
/*!40014 SET @OLD_FOREIGN_KEY_CHECKS=@@FOREIGN_KEY_CHECKS, FOREIGN_KEY_CHECKS=0 */;
/*!40101 SET @OLD_SQL_MODE=@@SQL_MODE, SQL_MODE='NO_AUTO_VALUE_ON_ZERO' */;
/*!40111 SET @OLD_SQL_NOTES=@@SQL_NOTES, SQL_NOTES=0 */;


-- Copiando estrutura do banco de dados para controlevoos
CREATE DATABASE IF NOT EXISTS `controlevoos` /*!40100 DEFAULT CHARACTER SET utf8 */;
USE `controlevoos`;

-- Copiando estrutura para tabela controlevoos.aeroportos
CREATE TABLE IF NOT EXISTS `aeroportos` (
  `idaeroportos` int(11) NOT NULL AUTO_INCREMENT,
  `sigla` varchar(3) NOT NULL,
  `aeroporto` varchar(255) NOT NULL,
  `cidade` varchar(200) NOT NULL,
  `uf` char(2) NOT NULL,
  PRIMARY KEY (`idaeroportos`)
) ENGINE=InnoDB AUTO_INCREMENT=53 DEFAULT CHARSET=utf8;

-- Copiando dados para a tabela controlevoos.aeroportos: ~52 rows (aproximadamente)
/*!40000 ALTER TABLE `aeroportos` DISABLE KEYS */;
REPLACE INTO `aeroportos` (`idaeroportos`, `sigla`, `aeroporto`, `cidade`, `uf`) VALUES
	(1, 'BSB', 'Aeroporto Internacional de Brasília / Presidente Jucelino Kubitschek', 'Brasília', 'DF'),
	(2, 'CGH', 'Aeroporto Internacional de São Paulo / Congonhas', 'Congonhas', 'SP'),
	(3, 'GIG', 'Aeroporto Internacional do Rio de Janeiro / Galeão-Antônio Carlos Jobim', 'Galeão', 'RJ'),
	(4, 'SSA', 'Aeroporto Internacional de Salvador / Deputado Luis Eduardo Magalhães', 'Salvador', 'BA'),
	(5, 'FLN', 'Aeroporto Internacional de Florianópolis / Hercílio Luz', 'Florianópolis', 'SC'),
	(6, 'POA', 'Aeroporto Internacional de Porto Alegre / Salgado Filho', 'Porto Alegre', 'RS'),
	(7, 'VCP', 'Aeroporto Internacional de Viracopos / Campinas', 'Campinas', 'SP'),
	(8, 'REC', 'Aeroporto Internacional do Recife/ Guararapes – Gilberto Freyre', 'Recife', 'PE'),
	(9, 'CWB', 'Aeroporto Internacional de Curitiba / Afonso Pena', 'Curitiba', 'PR'),
	(10, 'BEL', 'Aeroporto Internacional de Belém / Val de Cans', 'Belém', 'PA'),
	(11, 'VIX', 'Aeroporto de Vitória – Eurico de Aguiar Salles', 'Vitória', 'ES'),
	(12, 'SDU', 'Aerorporto Santos Dumont', 'Santos Dumont', 'RJ'),
	(13, 'CGB', 'Aeroporto Internacional de Cuiabá / Marechal Rondon', 'Cuiabá', 'MT'),
	(14, 'CGR', 'Aeroporto Internacional de Campo Grande', 'Campo Grande', 'MS'),
	(15, 'FOR', 'Aeroporto Internacional de Fortaleza / Pinto Martins', 'Fortaleza', 'CE'),
	(16, 'MCP', 'Aeroporto Internacional de Macapá', 'Macapá', 'AP'),
	(17, 'MGF', 'Aeroporto Regional de Maringá / Silvio Name Junior', 'Maringá', 'PR'),
	(18, 'GYN', 'Aeroporto de Goiânia / Santa Genoveva', 'Goiânia', 'GO'),
	(19, 'NVT', 'Aeroporto Internacional de Navegantes / Ministro Victor Konder', 'Navegantes', 'SC'),
	(20, 'MAO', 'Aeroporto Internacional de Manaus / Eduardo Gomes', 'Manaus', 'AM'),
	(21, 'NAT', 'Aeroporto Internacional de Natal / Augusto Severo', 'Natal', 'RN'),
	(22, 'BPS', 'Aeroporto Internacional de Porto Seguro', 'Porto Seguro', 'BA'),
	(23, 'MCZ', 'Aeroporto de Maceió / Zumbi dos Palmares', 'Maceió', 'AL'),
	(24, 'PMW', 'Aeroporto de Palmas/Brigadeiro Lysias Rodrigues', 'Palmas', 'TO'),
	(25, 'SLZ', 'Aeroporto Internacional de São Luís / Marechal Cunha Machado', 'São Luis', 'MA'),
	(26, 'GRU', 'Aeroporto Internacional de São Paulo/Guarulhos-Governador André Franco Motoro', 'Guarulhos', 'SP'),
	(27, 'LDB', 'Aeroporto de Londrina / Governador José Richa', 'Londrina', 'PR'),
	(28, 'PVH', 'Aeroporto Internacional de Porto Velho / Governador Jorge Teixeira de Oliveira', 'Porto Velho', 'RO'),
	(29, 'RBR', 'Aeroporto Internacional de Rio Branco / Plácido de Castro', 'Rio Branco', 'AC'),
	(30, 'JOI', 'Aeroporto de Joinville / Lauro Carneiro de Loyola', 'Joinville', 'SC'),
	(31, 'UDI', 'Aeroporto de Uberlândia / Ten. Cel. Av. César Bombonato', 'Uberlândia', 'MG'),
	(32, 'CXJ', 'Aeroporto Regional de Caxias do Sul / Hugo Cantergiani', 'Caxias do Sul', 'RS'),
	(33, 'IGU', 'Aeroporto Internacional de Foz do Iguaçu', 'Foz do Iguaçu', 'PR'),
	(34, 'THE', 'Aeroporto de Teresina – Senador Petrônio Portella', 'Teresina', 'PI'),
	(35, 'AJU', 'Aeroporto Internacional de Aracaju / Santa Maria', 'Aracaju', 'SE'),
	(36, 'JPA', 'Aeroporto Internacional de João Pessoa / Presidente Castro Pinto', 'João Pessoa', 'PB'),
	(37, 'PNZ', 'Aeroporto de Petrolina / Senador Nilo Coelho', 'Petrolina', 'PE'),
	(38, 'CNF', 'Aeroporto Internacional de Minas Gerais / Confins – Tancredo Neves', 'Confins', 'MG'),
	(39, 'BVB', 'Aeroporto Internacional de Boa Vista / Atlas Brasil Cantanhede', 'Boa Vista', 'RR'),
	(40, 'CPV', 'Aeroporto de Campina Grande / Presidente João Suassuna', 'Campina Grande', 'PB'),
	(41, 'STM', 'Aeroporto de Santarém / Maestro Wilson Fonseca', 'Santarém', 'PA'),
	(42, 'IOS', 'Aeroporto de Ilhéus/Bahia-Jorge Amado', 'Ilhéus', 'BA'),
	(43, 'JDO', 'Aeroporto de Juazeiro do Norte – Orlando Bezerra', 'Juazeiro do Norte', 'CE'),
	(44, 'IMP', 'Aeroporto de Imperatriz – Prefeito Renato Moreira', 'Imperatriz', 'MA'),
	(45, 'XAP', 'Aeroporto de Chapecó – Serafin Enoss Bertaso', 'Chapecó', 'SC'),
	(46, 'MAB', 'Aeroporto de Marabá', 'Marabá', 'PA'),
	(47, 'CZS', 'Aeroporto Internacional de Cruzeiro do Sul', 'Cruzeiro do Sul', 'AC'),
	(48, 'PPB', 'Aeroporto Estadual de Presidente Prudente', 'Presidente Prudente', 'SP'),
	(49, 'CFB', 'Aeroporto Internacional de Cabo Frio', 'Cabo Frio', 'RJ'),
	(50, 'FEN', 'Aeroporto de Fernando de Noronha', 'Fernando de Noronha', 'PE'),
	(51, 'JTC', 'Aeroporto Estadual de Bauru/Arealva', 'Bauru', 'SP'),
	(52, 'MOC', 'Aeroporto de Montes Claros/Mário Ribeiro', 'Montes Claros', 'MG');
/*!40000 ALTER TABLE `aeroportos` ENABLE KEYS */;

-- Copiando estrutura para tabela controlevoos.avioes
CREATE TABLE IF NOT EXISTS `avioes` (
  `idavioes` int(11) NOT NULL AUTO_INCREMENT,
  `Codaviao` varchar(8) NOT NULL,
  `capacidade` int(11) DEFAULT NULL,
  `idempresas` int(11) NOT NULL,
  `idtipos_avioes` int(11) NOT NULL,
  PRIMARY KEY (`idavioes`,`idempresas`,`idtipos_avioes`),
  KEY `fk_avioes_empresas1_idx` (`idempresas`),
  KEY `fk_avioes_tipos_avioes1_idx` (`idtipos_avioes`),
  CONSTRAINT `fk_avioes_empresas1` FOREIGN KEY (`idempresas`) REFERENCES `empresas` (`idempresas`) ON DELETE NO ACTION ON UPDATE NO ACTION,
  CONSTRAINT `fk_avioes_tipos_avioes1` FOREIGN KEY (`idtipos_avioes`) REFERENCES `tipos_avioes` (`idtipos_avioes`) ON DELETE NO ACTION ON UPDATE NO ACTION
) ENGINE=InnoDB AUTO_INCREMENT=100 DEFAULT CHARSET=latin1;

-- Copiando dados para a tabela controlevoos.avioes: ~99 rows (aproximadamente)
/*!40000 ALTER TABLE `avioes` DISABLE KEYS */;
REPLACE INTO `avioes` (`idavioes`, `Codaviao`, `capacidade`, `idempresas`, `idtipos_avioes`) VALUES
	(1, 'PP-1124', 100, 4, 1),
	(2, 'PR-7561', 140, 7, 6),
	(3, 'PS-7513', 200, 3, 4),
	(4, 'PT-6182', 250, 6, 6),
	(5, 'PU-8223', 300, 7, 3),
	(6, 'PP-2474', 50, 8, 1),
	(7, 'PR-8750', 100, 8, 4),
	(8, 'PS-2475', 140, 6, 1),
	(9, 'PT-6043', 200, 4, 5),
	(10, 'PU-7563', 250, 8, 1),
	(11, 'PP-2471', 300, 8, 7),
	(12, 'PR-1975', 50, 7, 4),
	(13, 'PS-7016', 100, 8, 4),
	(14, 'PT-4443', 140, 4, 6),
	(15, 'PU-4017', 200, 6, 3),
	(16, 'PP-1497', 250, 3, 2),
	(17, 'PR-4084', 300, 5, 6),
	(18, 'PS-9784', 50, 3, 6),
	(19, 'PT-9378', 100, 4, 6),
	(20, 'PU-6118', 140, 5, 5),
	(21, 'PP-2160', 200, 8, 4),
	(22, 'PR-5856', 250, 8, 3),
	(23, 'PS-3040', 300, 6, 1),
	(24, 'PT-2818', 50, 7, 1),
	(25, 'PU-8652', 100, 4, 3),
	(26, 'PP-8206', 140, 4, 3),
	(27, 'PR-4183', 200, 5, 4),
	(28, 'PS-4187', 250, 8, 2),
	(29, 'PT-2544', 300, 7, 7),
	(30, 'PU-2993', 50, 8, 1),
	(31, 'PP-5360', 100, 7, 1),
	(32, 'PR-7599', 140, 5, 2),
	(33, 'PS-1535', 200, 6, 6),
	(34, 'PT-6413', 250, 5, 2),
	(35, 'PU-4715', 300, 7, 2),
	(36, 'PP-8772', 50, 5, 6),
	(37, 'PR-8087', 100, 3, 7),
	(38, 'PS-1564', 140, 3, 6),
	(39, 'PT-3811', 200, 5, 1),
	(40, 'PU-1200', 250, 5, 7),
	(41, 'PP-5830', 300, 5, 5),
	(42, 'PR-8888', 50, 4, 2),
	(43, 'PS-2711', 100, 3, 6),
	(44, 'PT-7204', 140, 3, 5),
	(45, 'PU-2668', 200, 4, 2),
	(46, 'PP-2094', 250, 6, 6),
	(47, 'PR-9744', 300, 3, 3),
	(48, 'PS-1891', 50, 7, 7),
	(49, 'PT-1253', 100, 4, 1),
	(50, 'PU-9145', 140, 7, 6),
	(51, 'PP-7705', 200, 6, 4),
	(52, 'PR-8647', 250, 4, 5),
	(53, 'PP-6174', 300, 4, 7),
	(54, 'PR-7082', 50, 6, 6),
	(55, 'PS-1331', 100, 5, 5),
	(56, 'PT-9613', 140, 7, 4),
	(57, 'PU-6027', 200, 8, 5),
	(58, 'PP-3546', 250, 4, 7),
	(59, 'PR-8965', 300, 4, 7),
	(60, 'PS-7328', 50, 6, 4),
	(61, 'PT-3456', 100, 8, 1),
	(62, 'PU-3469', 140, 3, 7),
	(63, 'PP-3157', 200, 4, 7),
	(64, 'PR-7820', 250, 8, 5),
	(65, 'PS-3016', 300, 6, 5),
	(66, 'PT-9178', 50, 6, 6),
	(67, 'PU-4236', 100, 3, 7),
	(68, 'PP-5395', 140, 3, 3),
	(69, 'PR-3616', 200, 8, 5),
	(70, 'PS-5677', 250, 3, 6),
	(71, 'PT-1373', 300, 3, 5),
	(72, 'PU-4647', 50, 3, 7),
	(73, 'PP-9514', 100, 3, 7),
	(74, 'PR-7386', 140, 4, 5),
	(75, 'PS-2474', 200, 4, 6),
	(76, 'PT-1225', 250, 8, 5),
	(77, 'PU-8217', 300, 7, 7),
	(78, 'PP-5154', 50, 8, 3),
	(79, 'PR-6644', 100, 6, 1),
	(80, 'PS-5146', 140, 4, 3),
	(81, 'PT-6246', 200, 3, 3),
	(82, 'PU-7364', 250, 8, 3),
	(83, 'PP-4308', 300, 4, 3),
	(84, 'PR-6284', 50, 3, 5),
	(85, 'PS-4128', 100, 3, 4),
	(86, 'PT-6819', 140, 4, 7),
	(87, 'PU-9016', 200, 6, 3),
	(88, 'PP-1632', 250, 4, 6),
	(89, 'PR-8831', 300, 6, 7),
	(90, 'PS-9944', 50, 8, 6),
	(91, 'PT-2241', 100, 5, 3),
	(92, 'PU-4200', 140, 8, 1),
	(93, 'PP-5221', 200, 3, 1),
	(94, 'PR-3071', 250, 5, 1),
	(95, 'PS-6358', 300, 7, 5),
	(96, 'PT-6875', 50, 7, 6),
	(97, 'PU-3896', 100, 5, 4),
	(98, 'PP-9628', 140, 3, 7),
	(99, 'PR-5957', 200, 5, 1);
/*!40000 ALTER TABLE `avioes` ENABLE KEYS */;

-- Copiando estrutura para tabela controlevoos.empresas
CREATE TABLE IF NOT EXISTS `empresas` (
  `idempresas` int(11) NOT NULL AUTO_INCREMENT,
  `nome` varchar(200) DEFAULT NULL,
  `codigo` varchar(45) NOT NULL,
  `site` varchar(255) DEFAULT NULL,
  `telefone` varchar(20) DEFAULT NULL,
  `anofundacao` int(11) DEFAULT NULL,
  PRIMARY KEY (`idempresas`)
) ENGINE=InnoDB AUTO_INCREMENT=11 DEFAULT CHARSET=latin1;

-- Copiando dados para a tabela controlevoos.empresas: ~8 rows (aproximadamente)
/*!40000 ALTER TABLE `empresas` DISABLE KEYS */;
REPLACE INTO `empresas` (`idempresas`, `nome`, `codigo`, `site`, `telefone`, `anofundacao`) VALUES
	(3, 'Azul', 'AZU', 'www.voeazul.com.br', NULL, NULL),
	(4, 'Gol', 'GLO', 'www.voegol.com.br', NULL, NULL),
	(5, 'Map', 'PAM', 'voemap.com.br ', NULL, NULL),
	(6, 'LATAM AIRLINES', 'TAM', 'www.latam.com', NULL, NULL),
	(7, 'American Air Lines', 'AAL', 'www.aa.com.br', NULL, NULL),
	(8, 'Copa Airlines', 'CMP', 'www.copaair.com', NULL, NULL),
	(9, 'Total', 'TTL', '', NULL, NULL),
	(10, 'TAP', 'TAP', 'www.total.com.br', NULL, NULL);
/*!40000 ALTER TABLE `empresas` ENABLE KEYS */;

-- Copiando estrutura para tabela controlevoos.passageiros
CREATE TABLE IF NOT EXISTS `passageiros` (
  `idpassageiros` int(11) unsigned NOT NULL AUTO_INCREMENT,
  `idviagens` int(11) unsigned NOT NULL,
  `idpessoas` int(11) unsigned NOT NULL,
  `poltrona` varchar(6) DEFAULT NULL,
  PRIMARY KEY (`idpassageiros`)
) ENGINE=InnoDB AUTO_INCREMENT=2437 DEFAULT CHARSET=utf8;

-- Copiando dados para a tabela controlevoos.passageiros: ~2.436 rows (aproximadamente)
/*!40000 ALTER TABLE `passageiros` DISABLE KEYS */;
REPLACE INTO `passageiros` (`idpassageiros`, `idviagens`, `idpessoas`, `poltrona`) VALUES
	(1, 76, 127, 'A3'),
	(2, 160, 172, 'B2'),
	(3, 20, 6, 'C1'),
	(4, 42, 33, 'D3'),
	(5, 161, 99, 'E1'),
	(6, 168, 44, 'F3'),
	(7, 17, 122, 'A3'),
	(8, 141, 130, 'B3'),
	(9, 167, 160, 'C1'),
	(10, 162, 142, 'D3'),
	(11, 55, 70, 'E3'),
	(12, 33, 101, 'F2'),
	(13, 24, 22, 'A2'),
	(14, 160, 107, 'B2'),
	(15, 120, 37, 'C3'),
	(16, 166, 62, 'D1'),
	(17, 80, 119, 'E1'),
	(18, 136, 150, 'F1'),
	(19, 102, 70, 'A1'),
	(20, 36, 31, 'B3'),
	(21, 149, 106, 'C2'),
	(22, 158, 106, 'D3'),
	(23, 103, 110, 'E1'),
	(24, 108, 175, 'F2'),
	(25, 154, 154, 'A1'),
	(26, 49, 42, 'B1'),
	(27, 12, 107, 'C2'),
	(28, 93, 41, 'D1'),
	(29, 23, 70, 'E1'),
	(30, 14, 159, 'F3'),
	(31, 125, 81, 'A3'),
	(32, 148, 138, 'B1'),
	(33, 122, 139, 'C1'),
	(34, 174, 79, 'D1'),
	(35, 122, 3, 'E2'),
	(36, 127, 5, 'F2'),
	(37, 146, 100, 'A1'),
	(38, 64, 101, 'B3'),
	(39, 41, 119, 'C2'),
	(40, 143, 109, 'D3'),
	(41, 141, 8, 'E1'),
	(42, 84, 126, 'F2'),
	(43, 79, 101, 'A1'),
	(44, 123, 11, 'B3'),
	(45, 22, 16, 'C3'),
	(46, 138, 9, 'D2'),
	(47, 79, 20, 'E2'),
	(48, 44, 117, 'F1'),
	(49, 173, 12, 'A1'),
	(50, 119, 132, 'B3'),
	(51, 47, 42, 'C1'),
	(52, 90, 87, 'D1'),
	(53, 107, 23, 'E1'),
	(54, 119, 51, 'F2'),
	(55, 170, 114, 'A3'),
	(56, 106, 157, 'B3'),
	(57, 50, 171, 'C2'),
	(58, 61, 131, 'D3'),
	(59, 65, 72, 'E1'),
	(60, 38, 27, 'F2'),
	(61, 138, 101, 'A2'),
	(62, 71, 14, 'B3'),
	(63, 89, 76, 'C2'),
	(64, 64, 127, 'D2'),
	(65, 78, 10, 'E3'),
	(66, 123, 28, 'F2'),
	(67, 136, 138, 'A1'),
	(68, 114, 3, 'B1'),
	(69, 23, 40, 'C1'),
	(70, 176, 141, 'D1'),
	(71, 116, 36, 'E2'),
	(72, 173, 145, 'F3'),
	(73, 113, 81, 'A3'),
	(74, 88, 174, 'B3'),
	(75, 142, 114, 'C2'),
	(76, 12, 128, 'D1'),
	(77, 114, 150, 'E2'),
	(78, 136, 35, 'F2'),
	(79, 93, 112, 'A3'),
	(80, 47, 73, 'B3'),
	(81, 121, 140, 'C2'),
	(82, 68, 60, 'D3'),
	(83, 57, 88, 'E2'),
	(84, 172, 6, 'F3'),
	(85, 167, 8, 'A1'),
	(86, 67, 137, 'B3'),
	(87, 91, 45, 'C1'),
	(88, 191, 155, 'D3'),
	(89, 84, 100, 'E1'),
	(90, 164, 112, 'F1'),
	(91, 165, 2, 'A1'),
	(92, 33, 67, 'B1'),
	(93, 192, 126, 'C2'),
	(94, 133, 106, 'D2'),
	(95, 138, 81, 'E1'),
	(96, 152, 4, 'F3'),
	(97, 124, 105, 'A3'),
	(98, 34, 51, 'B1'),
	(99, 156, 97, 'C3'),
	(100, 58, 69, 'D3'),
	(101, 194, 132, 'E3'),
	(102, 61, 68, 'F3'),
	(103, 3, 93, 'A1'),
	(104, 121, 136, 'B1'),
	(105, 83, 162, 'C2'),
	(106, 52, 88, 'D2'),
	(107, 127, 129, 'E3'),
	(108, 93, 119, 'F1'),
	(109, 4, 165, 'A1'),
	(110, 128, 75, 'B2'),
	(111, 119, 143, 'C3'),
	(112, 71, 11, 'D3'),
	(113, 157, 123, 'E2'),
	(114, 55, 7, 'F1'),
	(115, 77, 33, 'A1'),
	(116, 76, 130, 'B1'),
	(117, 193, 100, 'C2'),
	(118, 183, 128, 'D3'),
	(119, 35, 86, 'E2'),
	(120, 109, 20, 'F2'),
	(121, 117, 59, 'A3'),
	(122, 192, 51, 'B2'),
	(123, 14, 131, 'C2'),
	(124, 124, 140, 'D1'),
	(125, 5, 175, 'E3'),
	(126, 70, 84, 'F2'),
	(127, 103, 153, 'A1'),
	(128, 77, 147, 'B2'),
	(129, 147, 107, 'C1'),
	(130, 20, 34, 'D1'),
	(131, 62, 68, 'E2'),
	(132, 43, 143, 'F3'),
	(133, 33, 101, 'A1'),
	(134, 181, 30, 'B1'),
	(135, 71, 138, 'C1'),
	(136, 124, 32, 'D3'),
	(137, 123, 123, 'E1'),
	(138, 46, 45, 'F3'),
	(139, 115, 45, 'A2'),
	(140, 7, 113, 'B1'),
	(141, 122, 138, 'C1'),
	(142, 113, 139, 'D3'),
	(143, 64, 115, 'E3'),
	(144, 103, 121, 'F3'),
	(145, 129, 143, 'A1'),
	(146, 185, 160, 'B1'),
	(147, 49, 58, 'C2'),
	(148, 20, 31, 'D1'),
	(149, 167, 57, 'E1'),
	(150, 33, 160, 'F1'),
	(151, 98, 163, 'A2'),
	(152, 64, 32, 'B3'),
	(153, 182, 27, 'C1'),
	(154, 106, 43, 'D3'),
	(155, 95, 42, 'E2'),
	(156, 83, 139, 'F3'),
	(157, 104, 101, 'A1'),
	(158, 113, 47, 'B2'),
	(159, 159, 119, 'C3'),
	(160, 102, 64, 'D3'),
	(161, 53, 60, 'E3'),
	(162, 94, 49, 'F1'),
	(163, 105, 68, 'A2'),
	(164, 76, 17, 'B2'),
	(165, 132, 118, 'C1'),
	(166, 63, 15, 'D2'),
	(167, 122, 50, 'E2'),
	(168, 57, 100, 'F1'),
	(169, 192, 16, 'A3'),
	(170, 72, 64, 'B1'),
	(171, 190, 73, 'C3'),
	(172, 1, 173, 'D3'),
	(173, 84, 158, 'E1'),
	(174, 44, 25, 'F2'),
	(175, 44, 149, 'A1'),
	(176, 78, 48, 'B1'),
	(177, 54, 112, 'C1'),
	(178, 85, 24, 'D3'),
	(179, 139, 115, 'E2'),
	(180, 167, 103, 'F3'),
	(181, 68, 18, 'A3'),
	(182, 158, 23, 'B2'),
	(183, 92, 22, 'C2'),
	(184, 46, 52, 'D2'),
	(185, 182, 145, 'E1'),
	(186, 127, 138, 'F3'),
	(187, 101, 34, 'A1'),
	(188, 110, 14, 'B1'),
	(189, 81, 108, 'C1'),
	(190, 35, 33, 'D3'),
	(191, 142, 133, 'E1'),
	(192, 81, 120, 'F3'),
	(193, 84, 29, 'A3'),
	(194, 161, 4, 'B3'),
	(195, 32, 71, 'C3'),
	(196, 69, 117, 'D3'),
	(197, 44, 58, 'E2'),
	(198, 40, 90, 'F1'),
	(199, 174, 145, 'A1'),
	(200, 9, 139, 'B1'),
	(201, 108, 145, 'C1'),
	(202, 80, 89, 'D1'),
	(203, 132, 38, 'E1'),
	(204, 192, 87, 'F2'),
	(205, 121, 63, 'A1'),
	(206, 3, 129, 'B1'),
	(207, 160, 3, 'C3'),
	(208, 32, 86, 'D2'),
	(209, 68, 39, 'E2'),
	(210, 124, 145, 'F2'),
	(211, 188, 153, 'A2'),
	(212, 183, 127, 'B3'),
	(213, 36, 144, 'C3'),
	(214, 65, 27, 'D3'),
	(215, 18, 39, 'E1'),
	(216, 64, 64, 'F2'),
	(217, 23, 59, 'A2'),
	(218, 100, 37, 'B2'),
	(219, 18, 67, 'C3'),
	(220, 189, 103, 'D3'),
	(221, 159, 94, 'E3'),
	(222, 179, 116, 'F1'),
	(223, 137, 101, 'A1'),
	(224, 187, 50, 'B1'),
	(225, 183, 52, 'C1'),
	(226, 134, 9, 'D1'),
	(227, 169, 99, 'E2'),
	(228, 84, 106, 'F3'),
	(229, 98, 8, 'A1'),
	(230, 168, 26, 'B3'),
	(231, 117, 168, 'C3'),
	(232, 2, 62, 'D1'),
	(233, 152, 69, 'E3'),
	(234, 5, 114, 'F2'),
	(235, 193, 142, 'A1'),
	(236, 122, 70, 'B2'),
	(237, 12, 95, 'C2'),
	(238, 125, 123, 'D1'),
	(239, 57, 73, 'E1'),
	(240, 25, 162, 'F2'),
	(241, 151, 94, 'A3'),
	(242, 56, 9, 'B3'),
	(243, 73, 95, 'C1'),
	(244, 86, 26, 'D1'),
	(245, 23, 19, 'E3'),
	(246, 179, 60, 'F3'),
	(247, 186, 168, 'A3'),
	(248, 130, 55, 'B2'),
	(249, 184, 116, 'C3'),
	(250, 176, 29, 'D3'),
	(251, 104, 131, 'E1'),
	(252, 47, 112, 'F1'),
	(253, 68, 106, 'A1'),
	(254, 195, 44, 'B2'),
	(255, 123, 139, 'C2'),
	(256, 75, 46, 'D3'),
	(257, 11, 175, 'E1'),
	(258, 85, 123, 'F3'),
	(259, 88, 22, 'A3'),
	(260, 176, 9, 'B1'),
	(261, 71, 152, 'C3'),
	(262, 88, 107, 'D2'),
	(263, 163, 173, 'E2'),
	(264, 49, 145, 'F1'),
	(265, 78, 99, 'A2'),
	(266, 141, 160, 'B2'),
	(267, 135, 52, 'C3'),
	(268, 178, 114, 'D2'),
	(269, 85, 23, 'E1'),
	(270, 33, 9, 'F3'),
	(271, 101, 120, 'A2'),
	(272, 112, 15, 'B1'),
	(273, 182, 149, 'C1'),
	(274, 111, 46, 'D2'),
	(275, 71, 170, 'E3'),
	(276, 171, 8, 'F2'),
	(277, 191, 158, 'A2'),
	(278, 159, 31, 'B1'),
	(279, 7, 150, 'C2'),
	(280, 96, 141, 'D3'),
	(281, 59, 125, 'E2'),
	(282, 94, 149, 'F1'),
	(283, 60, 171, 'A2'),
	(284, 36, 168, 'B1'),
	(285, 57, 14, 'C3'),
	(286, 15, 56, 'D1'),
	(287, 75, 94, 'E2'),
	(288, 194, 131, 'F3'),
	(289, 170, 111, 'A2'),
	(290, 114, 45, 'B2'),
	(291, 50, 101, 'C1'),
	(292, 18, 73, 'D1'),
	(293, 81, 175, 'E3'),
	(294, 122, 35, 'F1'),
	(295, 187, 51, 'A1'),
	(296, 180, 90, 'B3'),
	(297, 81, 70, 'C1'),
	(298, 100, 58, 'D1'),
	(299, 4, 9, 'E3'),
	(300, 50, 79, 'F2'),
	(301, 82, 57, 'A1'),
	(302, 59, 51, 'B1'),
	(303, 111, 102, 'C3'),
	(304, 110, 60, 'D2'),
	(305, 14, 59, 'E3'),
	(306, 52, 32, 'F2'),
	(307, 131, 44, 'A1'),
	(308, 91, 4, 'B1'),
	(309, 169, 102, 'C1'),
	(310, 23, 86, 'D3'),
	(311, 163, 107, 'E3'),
	(312, 78, 148, 'F2'),
	(313, 68, 56, 'A1'),
	(314, 113, 45, 'B3'),
	(315, 53, 29, 'C2'),
	(316, 168, 79, 'D1'),
	(317, 129, 36, 'E1'),
	(318, 27, 123, 'F1'),
	(319, 25, 88, 'A1'),
	(320, 127, 45, 'B2'),
	(321, 191, 132, 'C3'),
	(322, 152, 64, 'D3'),
	(323, 109, 74, 'E3'),
	(324, 91, 162, 'F2'),
	(325, 26, 147, 'A3'),
	(326, 137, 34, 'B1'),
	(327, 135, 138, 'C1'),
	(328, 195, 63, 'D1'),
	(329, 166, 104, 'E3'),
	(330, 162, 165, 'F1'),
	(331, 76, 16, 'A2'),
	(332, 106, 120, 'B1'),
	(333, 143, 120, 'C3'),
	(334, 189, 24, 'D2'),
	(335, 142, 31, 'E2'),
	(336, 142, 162, 'F3'),
	(337, 79, 63, 'A3'),
	(338, 163, 25, 'B3'),
	(339, 90, 27, 'C1'),
	(340, 188, 61, 'D3'),
	(341, 179, 69, 'E2'),
	(342, 140, 69, 'F2'),
	(343, 179, 174, 'A2'),
	(344, 37, 169, 'B3'),
	(345, 77, 17, 'C1'),
	(346, 36, 19, 'D1'),
	(347, 152, 95, 'E2'),
	(348, 187, 58, 'F3'),
	(349, 187, 22, 'A1'),
	(350, 131, 30, 'B3'),
	(351, 47, 107, 'C2'),
	(352, 1, 1, 'D1'),
	(353, 112, 24, 'E1'),
	(354, 7, 81, 'F2'),
	(355, 161, 147, 'A2'),
	(356, 33, 128, 'B2'),
	(357, 45, 38, 'C3'),
	(358, 59, 99, 'D1'),
	(359, 6, 160, 'E2'),
	(360, 158, 174, 'F3'),
	(361, 193, 73, 'A1'),
	(362, 155, 87, 'B1'),
	(363, 153, 89, 'C1'),
	(364, 68, 56, 'D2'),
	(365, 136, 110, 'E2'),
	(366, 26, 139, 'F1'),
	(367, 40, 75, 'A1'),
	(368, 13, 156, 'B3'),
	(369, 23, 174, 'C1'),
	(370, 181, 88, 'D1'),
	(371, 78, 32, 'E3'),
	(372, 59, 121, 'F2'),
	(373, 16, 27, 'A2'),
	(374, 88, 129, 'B1'),
	(375, 124, 159, 'C2'),
	(376, 95, 33, 'D3'),
	(377, 147, 149, 'E2'),
	(378, 115, 175, 'F1'),
	(379, 130, 22, 'A1'),
	(380, 86, 93, 'B2'),
	(381, 164, 132, 'C2'),
	(382, 23, 118, 'D1'),
	(383, 1, 123, 'E2'),
	(384, 113, 146, 'F2'),
	(385, 78, 134, 'A2'),
	(386, 42, 39, 'B2'),
	(387, 111, 60, 'C2'),
	(388, 104, 30, 'D2'),
	(389, 52, 122, 'E2'),
	(390, 90, 160, 'F2'),
	(391, 117, 129, 'A1'),
	(392, 170, 42, 'B1'),
	(393, 144, 81, 'C2'),
	(394, 118, 66, 'D2'),
	(395, 195, 21, 'E1'),
	(396, 63, 73, 'F1'),
	(397, 53, 1, 'A2'),
	(398, 127, 146, 'B1'),
	(399, 158, 169, 'C1'),
	(400, 138, 23, 'D2'),
	(401, 156, 150, 'E3'),
	(402, 59, 92, 'F3'),
	(403, 22, 112, 'A3'),
	(404, 77, 125, 'B1'),
	(405, 46, 9, 'C3'),
	(406, 79, 14, 'D1'),
	(407, 19, 50, 'E3'),
	(408, 67, 5, 'F1'),
	(409, 180, 38, 'A1'),
	(410, 26, 69, 'B3'),
	(411, 29, 143, 'C2'),
	(412, 26, 76, 'D3'),
	(413, 51, 17, 'E3'),
	(414, 179, 78, 'F2'),
	(415, 193, 93, 'A3'),
	(416, 70, 26, 'B3'),
	(417, 168, 76, 'C1'),
	(418, 121, 75, 'D3'),
	(419, 51, 101, 'E2'),
	(420, 5, 162, 'F2'),
	(421, 168, 53, 'A1'),
	(422, 89, 34, 'B3'),
	(423, 61, 150, 'C2'),
	(424, 177, 162, 'D2'),
	(425, 150, 175, 'E1'),
	(426, 151, 2, 'F2'),
	(427, 124, 26, 'A2'),
	(428, 98, 53, 'B3'),
	(429, 49, 23, 'C3'),
	(430, 144, 7, 'D2'),
	(431, 136, 5, 'E2'),
	(432, 131, 124, 'F2'),
	(433, 118, 106, 'A2'),
	(434, 91, 13, 'B2'),
	(435, 167, 118, 'C2'),
	(436, 84, 170, 'D2'),
	(437, 111, 110, 'E2'),
	(438, 138, 51, 'F3'),
	(439, 64, 164, 'A1'),
	(440, 63, 120, 'B1'),
	(441, 91, 44, 'C3'),
	(442, 90, 92, 'D3'),
	(443, 174, 150, 'E1'),
	(444, 38, 141, 'F2'),
	(445, 89, 170, 'A2'),
	(446, 76, 71, 'B2'),
	(447, 86, 125, 'C1'),
	(448, 124, 131, 'D1'),
	(449, 126, 154, 'E3'),
	(450, 86, 130, 'F2'),
	(451, 11, 155, 'A1'),
	(452, 119, 70, 'B2'),
	(453, 170, 140, 'C1'),
	(454, 85, 72, 'D1'),
	(455, 158, 36, 'E2'),
	(456, 30, 64, 'F1'),
	(457, 45, 117, 'A1'),
	(458, 183, 7, 'B1'),
	(459, 106, 112, 'C2'),
	(460, 35, 59, 'D3'),
	(461, 123, 88, 'E3'),
	(462, 35, 91, 'F2'),
	(463, 112, 23, 'A3'),
	(464, 187, 42, 'B2'),
	(465, 143, 12, 'C3'),
	(466, 132, 173, 'D1'),
	(467, 28, 35, 'E2'),
	(468, 43, 20, 'F1'),
	(469, 172, 68, 'A3'),
	(470, 125, 68, 'B2'),
	(471, 157, 102, 'C1'),
	(472, 63, 120, 'D3'),
	(473, 185, 52, 'E1'),
	(474, 149, 67, 'F3'),
	(475, 100, 31, 'A2'),
	(476, 107, 132, 'B1'),
	(477, 163, 170, 'C1'),
	(478, 51, 87, 'D2'),
	(479, 105, 155, 'E2'),
	(480, 82, 168, 'F3'),
	(481, 18, 78, 'A2'),
	(482, 193, 2, 'B2'),
	(483, 185, 135, 'C3'),
	(484, 81, 70, 'D1'),
	(485, 2, 67, 'E2'),
	(486, 147, 79, 'F2'),
	(487, 169, 87, 'A2'),
	(488, 46, 96, 'B3'),
	(489, 135, 108, 'C1'),
	(490, 59, 51, 'D1'),
	(491, 126, 60, 'E2'),
	(492, 142, 133, 'F1'),
	(493, 108, 164, 'A1'),
	(494, 154, 106, 'B1'),
	(495, 145, 146, 'C3'),
	(496, 171, 59, 'D1'),
	(497, 147, 84, 'E1'),
	(498, 33, 67, 'F3'),
	(499, 15, 145, 'A3'),
	(500, 76, 96, 'B3'),
	(501, 13, 37, 'C2'),
	(502, 74, 108, 'D1'),
	(503, 12, 31, 'E1'),
	(504, 4, 64, 'F1'),
	(505, 54, 146, 'A3'),
	(506, 138, 92, 'B2'),
	(507, 57, 107, 'C3'),
	(508, 134, 152, 'D2'),
	(509, 78, 47, 'E1'),
	(510, 3, 48, 'F3'),
	(511, 61, 90, 'A1'),
	(512, 152, 50, 'B3'),
	(513, 176, 80, 'C1'),
	(514, 166, 78, 'D1'),
	(515, 28, 93, 'E2'),
	(516, 75, 156, 'F1'),
	(517, 54, 156, 'A3'),
	(518, 149, 5, 'B3'),
	(519, 88, 12, 'C1'),
	(520, 173, 79, 'D3'),
	(521, 129, 32, 'E1'),
	(522, 119, 128, 'F3'),
	(523, 175, 128, 'A3'),
	(524, 51, 111, 'B2'),
	(525, 57, 102, 'C1'),
	(526, 10, 144, 'D3'),
	(527, 38, 10, 'E2'),
	(528, 167, 21, 'F2'),
	(529, 62, 154, 'A2'),
	(530, 72, 95, 'B2'),
	(531, 100, 16, 'C2'),
	(532, 42, 47, 'D1'),
	(533, 113, 32, 'E1'),
	(534, 72, 76, 'F3'),
	(535, 58, 138, 'A2'),
	(536, 154, 64, 'B1'),
	(537, 157, 114, 'C3'),
	(538, 112, 7, 'D1'),
	(539, 49, 91, 'E3'),
	(540, 194, 120, 'F1'),
	(541, 106, 173, 'A2'),
	(542, 166, 137, 'B3'),
	(543, 159, 146, 'C3'),
	(544, 13, 7, 'D1'),
	(545, 119, 57, 'E1'),
	(546, 121, 166, 'F1'),
	(547, 21, 172, 'A3'),
	(548, 35, 147, 'B2'),
	(549, 5, 121, 'C2'),
	(550, 29, 68, 'D3'),
	(551, 104, 43, 'E2'),
	(552, 99, 15, 'F3'),
	(553, 36, 97, 'A2'),
	(554, 118, 69, 'B3'),
	(555, 171, 106, 'C1'),
	(556, 62, 38, 'D1'),
	(557, 126, 64, 'E3'),
	(558, 114, 140, 'F2'),
	(559, 57, 64, 'A1'),
	(560, 11, 63, 'B1'),
	(561, 133, 6, 'C2'),
	(562, 98, 80, 'D1'),
	(563, 172, 39, 'E2'),
	(564, 130, 175, 'F3'),
	(565, 121, 13, 'A3'),
	(566, 17, 62, 'B3'),
	(567, 96, 86, 'C1'),
	(568, 183, 101, 'D2'),
	(569, 60, 121, 'E1'),
	(570, 177, 115, 'F3'),
	(571, 178, 30, 'A2'),
	(572, 142, 17, 'B2'),
	(573, 33, 173, 'C3'),
	(574, 84, 40, 'D2'),
	(575, 160, 46, 'E2'),
	(576, 127, 61, 'F2'),
	(577, 73, 41, 'A3'),
	(578, 144, 48, 'B1'),
	(579, 108, 59, 'C3'),
	(580, 143, 154, 'D2'),
	(581, 160, 43, 'E1'),
	(582, 49, 35, 'F1'),
	(583, 92, 48, 'A2'),
	(584, 195, 32, 'B2'),
	(585, 169, 43, 'C2'),
	(586, 42, 88, 'D3'),
	(587, 89, 5, 'E2'),
	(588, 150, 160, 'F2'),
	(589, 72, 43, 'A2'),
	(590, 81, 31, 'B2'),
	(591, 78, 2, 'C3'),
	(592, 87, 45, 'D3'),
	(593, 171, 118, 'E1'),
	(594, 134, 24, 'F2'),
	(595, 44, 128, 'A1'),
	(596, 43, 103, 'B2'),
	(597, 168, 13, 'C2'),
	(598, 175, 110, 'D3'),
	(599, 170, 52, 'E3'),
	(600, 121, 108, 'F3'),
	(601, 79, 162, 'A1'),
	(602, 15, 105, 'B1'),
	(603, 128, 110, 'C3'),
	(604, 95, 36, 'D3'),
	(605, 84, 120, 'E1'),
	(606, 192, 154, 'F2'),
	(607, 82, 118, 'A3'),
	(608, 140, 61, 'B2'),
	(609, 57, 113, 'C1'),
	(610, 127, 126, 'D3'),
	(611, 69, 45, 'E1'),
	(612, 127, 129, 'F2'),
	(613, 22, 119, 'A2'),
	(614, 30, 14, 'B3'),
	(615, 33, 28, 'C3'),
	(616, 25, 145, 'D2'),
	(617, 168, 28, 'E2'),
	(618, 17, 84, 'F2'),
	(619, 191, 161, 'A3'),
	(620, 47, 167, 'B3'),
	(621, 154, 84, 'C1'),
	(622, 191, 122, 'D2'),
	(623, 6, 117, 'E3'),
	(624, 54, 13, 'F3'),
	(625, 118, 57, 'A2'),
	(626, 71, 37, 'B1'),
	(627, 133, 63, 'C1'),
	(628, 100, 172, 'D1'),
	(629, 131, 83, 'E1'),
	(630, 146, 75, 'F2'),
	(631, 180, 97, 'A1'),
	(632, 86, 61, 'B2'),
	(633, 191, 99, 'C2'),
	(634, 160, 34, 'D3'),
	(635, 75, 170, 'E2'),
	(636, 36, 163, 'F1'),
	(637, 160, 20, 'A2'),
	(638, 127, 89, 'B1'),
	(639, 100, 120, 'C3'),
	(640, 146, 99, 'D2'),
	(641, 134, 166, 'E3'),
	(642, 94, 121, 'F1'),
	(643, 99, 62, 'A2'),
	(644, 73, 141, 'B1'),
	(645, 70, 48, 'C3'),
	(646, 69, 99, 'D1'),
	(647, 155, 18, 'E3'),
	(648, 23, 66, 'F1'),
	(649, 105, 79, 'A1'),
	(650, 69, 51, 'B1'),
	(651, 28, 29, 'C2'),
	(652, 4, 80, 'D3'),
	(653, 175, 169, 'E3'),
	(654, 152, 43, 'F1'),
	(655, 6, 160, 'A1'),
	(656, 42, 88, 'B3'),
	(657, 160, 27, 'C1'),
	(658, 131, 13, 'D2'),
	(659, 16, 171, 'E1'),
	(660, 194, 66, 'F1'),
	(661, 83, 148, 'A2'),
	(662, 7, 17, 'B1'),
	(663, 171, 155, 'C3'),
	(664, 107, 147, 'D3'),
	(665, 137, 70, 'E3'),
	(666, 160, 159, 'F3'),
	(667, 190, 69, 'A1'),
	(668, 101, 167, 'B2'),
	(669, 100, 97, 'C3'),
	(670, 10, 122, 'D1'),
	(671, 30, 54, 'E2'),
	(672, 129, 88, 'F2'),
	(673, 158, 114, 'A2'),
	(674, 162, 73, 'B3'),
	(675, 69, 18, 'C2'),
	(676, 110, 48, 'D2'),
	(677, 72, 22, 'E3'),
	(678, 69, 88, 'F1'),
	(679, 35, 166, 'A2'),
	(680, 18, 32, 'B3'),
	(681, 109, 139, 'C1'),
	(682, 180, 75, 'D3'),
	(683, 63, 80, 'E3'),
	(684, 61, 125, 'F2'),
	(685, 19, 138, 'A3'),
	(686, 40, 165, 'B3'),
	(687, 67, 45, 'C1'),
	(688, 5, 88, 'D1'),
	(689, 34, 69, 'E1'),
	(690, 47, 137, 'F1'),
	(691, 52, 48, 'A2'),
	(692, 77, 91, 'B2'),
	(693, 13, 18, 'C1'),
	(694, 104, 62, 'D1'),
	(695, 141, 97, 'E1'),
	(696, 174, 81, 'F1'),
	(697, 69, 66, 'A2'),
	(698, 91, 57, 'B2'),
	(699, 168, 116, 'C2'),
	(700, 86, 112, 'D3'),
	(701, 174, 77, 'E3'),
	(702, 181, 61, 'F2'),
	(703, 47, 173, 'A3'),
	(704, 129, 129, 'B2'),
	(705, 76, 127, 'C3'),
	(706, 151, 153, 'D3'),
	(707, 59, 51, 'E2'),
	(708, 114, 10, 'F1'),
	(709, 131, 127, 'A3'),
	(710, 137, 20, 'B1'),
	(711, 135, 1, 'C3'),
	(712, 131, 152, 'D2'),
	(713, 158, 99, 'E1'),
	(714, 43, 103, 'F3'),
	(715, 83, 120, 'A3'),
	(716, 119, 85, 'B3'),
	(717, 36, 68, 'C2'),
	(718, 48, 108, 'D1'),
	(719, 42, 97, 'E3'),
	(720, 127, 142, 'F3'),
	(721, 87, 95, 'A2'),
	(722, 6, 97, 'B1'),
	(723, 40, 14, 'C1'),
	(724, 136, 134, 'D3'),
	(725, 76, 155, 'E2'),
	(726, 99, 36, 'F2'),
	(727, 189, 174, 'A1'),
	(728, 76, 164, 'B1'),
	(729, 88, 152, 'C2'),
	(730, 166, 109, 'D3'),
	(731, 110, 88, 'E3'),
	(732, 37, 90, 'F1'),
	(733, 162, 53, 'A2'),
	(734, 73, 129, 'B1'),
	(735, 146, 77, 'C2'),
	(736, 9, 25, 'D1'),
	(737, 136, 137, 'E1'),
	(738, 92, 156, 'F1'),
	(739, 151, 124, 'A3'),
	(740, 150, 68, 'B3'),
	(741, 88, 80, 'C1'),
	(742, 175, 99, 'D2'),
	(743, 37, 162, 'E2'),
	(744, 41, 171, 'F2'),
	(745, 7, 24, 'A1'),
	(746, 28, 47, 'B1'),
	(747, 99, 53, 'C3'),
	(748, 54, 137, 'D3'),
	(749, 116, 22, 'E1'),
	(750, 160, 34, 'F3'),
	(751, 15, 32, 'A2'),
	(752, 93, 66, 'B2'),
	(753, 154, 144, 'C1'),
	(754, 70, 62, 'D1'),
	(755, 8, 75, 'E3'),
	(756, 151, 79, 'F3'),
	(757, 23, 10, 'A3'),
	(758, 49, 75, 'B3'),
	(759, 42, 152, 'C1'),
	(760, 169, 42, 'D1'),
	(761, 89, 22, 'E2'),
	(762, 103, 79, 'F3'),
	(763, 195, 34, 'A2'),
	(764, 137, 149, 'B1'),
	(765, 161, 171, 'C2'),
	(766, 52, 61, 'D1'),
	(767, 21, 109, 'E3'),
	(768, 9, 57, 'F2'),
	(769, 115, 173, 'A1'),
	(770, 70, 30, 'B3'),
	(771, 67, 142, 'C3'),
	(772, 119, 58, 'D2'),
	(773, 32, 99, 'E1'),
	(774, 19, 147, 'F1'),
	(775, 4, 120, 'A1'),
	(776, 187, 3, 'B3'),
	(777, 100, 148, 'C2'),
	(778, 134, 108, 'D3'),
	(779, 46, 137, 'E3'),
	(780, 186, 70, 'F3'),
	(781, 130, 33, 'A2'),
	(782, 25, 137, 'B2'),
	(783, 102, 111, 'C2'),
	(784, 3, 36, 'D2'),
	(785, 161, 169, 'E3'),
	(786, 162, 37, 'F2'),
	(787, 188, 101, 'A2'),
	(788, 158, 25, 'B2'),
	(789, 181, 3, 'C1'),
	(790, 106, 120, 'D2'),
	(791, 189, 15, 'E2'),
	(792, 65, 132, 'F1'),
	(793, 99, 135, 'A1'),
	(794, 146, 82, 'B3'),
	(795, 184, 77, 'C3'),
	(796, 42, 105, 'D2'),
	(797, 105, 173, 'E3'),
	(798, 22, 24, 'F1'),
	(799, 36, 144, 'A2'),
	(800, 116, 90, 'B2'),
	(801, 86, 128, 'C3'),
	(802, 16, 131, 'D3'),
	(803, 111, 137, 'E3'),
	(804, 40, 65, 'F1'),
	(805, 145, 141, 'A1'),
	(806, 104, 95, 'B1'),
	(807, 88, 99, 'C1'),
	(808, 105, 16, 'D3'),
	(809, 113, 110, 'E2'),
	(810, 92, 135, 'F3'),
	(811, 144, 86, 'A3'),
	(812, 112, 17, 'B3'),
	(813, 98, 109, 'C1'),
	(814, 78, 11, 'D2'),
	(815, 24, 101, 'E2'),
	(816, 71, 51, 'F2'),
	(817, 169, 100, 'A1'),
	(818, 178, 173, 'B3'),
	(819, 47, 138, 'C2'),
	(820, 54, 101, 'D1'),
	(821, 62, 117, 'E2'),
	(822, 1, 86, 'F1'),
	(823, 108, 61, 'A3'),
	(824, 60, 21, 'B1'),
	(825, 99, 118, 'C3'),
	(826, 107, 141, 'D2'),
	(827, 123, 63, 'E3'),
	(828, 167, 110, 'F2'),
	(829, 109, 103, 'A1'),
	(830, 94, 106, 'B3'),
	(831, 113, 140, 'C3'),
	(832, 95, 18, 'D1'),
	(833, 135, 148, 'E1'),
	(834, 189, 45, 'F1'),
	(835, 178, 108, 'A3'),
	(836, 137, 175, 'B2'),
	(837, 101, 80, 'C3'),
	(838, 182, 14, 'D2'),
	(839, 118, 124, 'E1'),
	(840, 30, 163, 'F1'),
	(841, 193, 38, 'A3'),
	(842, 80, 127, 'B2'),
	(843, 43, 2, 'C1'),
	(844, 27, 154, 'D1'),
	(845, 48, 140, 'E3'),
	(846, 110, 76, 'F1'),
	(847, 159, 126, 'A3'),
	(848, 129, 167, 'B1'),
	(849, 70, 2, 'C3'),
	(850, 80, 143, 'D1'),
	(851, 165, 57, 'E2'),
	(852, 171, 88, 'F3'),
	(853, 121, 120, 'A1'),
	(854, 43, 173, 'B1'),
	(855, 107, 67, 'C3'),
	(856, 3, 169, 'D2'),
	(857, 155, 84, 'E1'),
	(858, 29, 108, 'F1'),
	(859, 192, 96, 'A1'),
	(860, 186, 115, 'B1'),
	(861, 19, 156, 'C2'),
	(862, 184, 5, 'D1'),
	(863, 111, 34, 'E2'),
	(864, 7, 47, 'F1'),
	(865, 175, 29, 'A1'),
	(866, 13, 120, 'B2'),
	(867, 112, 20, 'C1'),
	(868, 58, 26, 'D3'),
	(869, 86, 152, 'E3'),
	(870, 67, 9, 'F1'),
	(871, 101, 71, 'A1'),
	(872, 174, 70, 'B3'),
	(873, 192, 46, 'C1'),
	(874, 36, 112, 'D3'),
	(875, 13, 42, 'E3'),
	(876, 130, 128, 'F1'),
	(877, 169, 147, 'A2'),
	(878, 105, 48, 'B2'),
	(879, 72, 22, 'C2'),
	(880, 60, 66, 'D3'),
	(881, 73, 124, 'E3'),
	(882, 10, 157, 'F2'),
	(883, 47, 16, 'A1'),
	(884, 73, 102, 'B1'),
	(885, 50, 139, 'C3'),
	(886, 95, 128, 'D1'),
	(887, 134, 31, 'E2'),
	(888, 11, 114, 'F2'),
	(889, 175, 30, 'A1'),
	(890, 42, 59, 'B2'),
	(891, 194, 58, 'C1'),
	(892, 71, 138, 'D2'),
	(893, 113, 105, 'E3'),
	(894, 90, 60, 'F1'),
	(895, 84, 148, 'A2'),
	(896, 174, 59, 'B2'),
	(897, 49, 79, 'C1'),
	(898, 129, 83, 'D3'),
	(899, 146, 161, 'E1'),
	(900, 88, 20, 'F3'),
	(901, 50, 171, 'A1'),
	(902, 180, 144, 'B2'),
	(903, 5, 153, 'C3'),
	(904, 27, 59, 'D2'),
	(905, 89, 133, 'E1'),
	(906, 135, 39, 'F3'),
	(907, 94, 54, 'A2'),
	(908, 65, 1, 'B1'),
	(909, 123, 90, 'C2'),
	(910, 183, 156, 'D3'),
	(911, 32, 86, 'E1'),
	(912, 22, 158, 'F2'),
	(913, 82, 70, 'A1'),
	(914, 96, 145, 'B2'),
	(915, 35, 140, 'C1'),
	(916, 178, 81, 'D1'),
	(917, 99, 22, 'E3'),
	(918, 113, 97, 'F1'),
	(919, 62, 107, 'A3'),
	(920, 64, 146, 'B1'),
	(921, 28, 144, 'C1'),
	(922, 150, 64, 'D1'),
	(923, 15, 81, 'E3'),
	(924, 102, 52, 'F2'),
	(925, 154, 59, 'A1'),
	(926, 46, 41, 'B3'),
	(927, 93, 6, 'C1'),
	(928, 110, 39, 'D1'),
	(929, 155, 116, 'E2'),
	(930, 40, 41, 'F2'),
	(931, 189, 9, 'A3'),
	(932, 33, 23, 'B1'),
	(933, 144, 53, 'C3'),
	(934, 74, 144, 'D1'),
	(935, 39, 53, 'E3'),
	(936, 154, 42, 'F1'),
	(937, 48, 7, 'A2'),
	(938, 52, 144, 'B3'),
	(939, 122, 20, 'C2'),
	(940, 194, 18, 'D2'),
	(941, 138, 2, 'E3'),
	(942, 41, 153, 'F1'),
	(943, 20, 82, 'A2'),
	(944, 53, 39, 'B3'),
	(945, 159, 58, 'C1'),
	(946, 109, 120, 'D1'),
	(947, 182, 132, 'E1'),
	(948, 34, 84, 'F2'),
	(949, 139, 133, 'A2'),
	(950, 99, 115, 'B3'),
	(951, 54, 166, 'C3'),
	(952, 47, 63, 'D2'),
	(953, 194, 148, 'E1'),
	(954, 1, 75, 'F3'),
	(955, 4, 42, 'A2'),
	(956, 99, 32, 'B1'),
	(957, 47, 53, 'C3'),
	(958, 105, 132, 'D3'),
	(959, 146, 126, 'E3'),
	(960, 30, 43, 'F2'),
	(961, 113, 117, 'A2'),
	(962, 20, 106, 'B2'),
	(963, 147, 91, 'C2'),
	(964, 156, 123, 'D2'),
	(965, 71, 92, 'E2'),
	(966, 19, 171, 'F1'),
	(967, 72, 45, 'A1'),
	(968, 34, 12, 'B2'),
	(969, 137, 35, 'C3'),
	(970, 192, 24, 'D2'),
	(971, 164, 94, 'E2'),
	(972, 80, 37, 'F1'),
	(973, 61, 169, 'A2'),
	(974, 133, 7, 'B3'),
	(975, 45, 142, 'C3'),
	(976, 16, 9, 'D2'),
	(977, 90, 33, 'E1'),
	(978, 92, 112, 'F1'),
	(979, 138, 16, 'A1'),
	(980, 131, 132, 'B2'),
	(981, 13, 165, 'C3'),
	(982, 73, 108, 'D3'),
	(983, 90, 70, 'E3'),
	(984, 33, 59, 'F3'),
	(985, 51, 25, 'A2'),
	(986, 182, 14, 'B3'),
	(987, 161, 175, 'C2'),
	(988, 62, 158, 'D3'),
	(989, 133, 135, 'E2'),
	(990, 125, 31, 'F2'),
	(991, 151, 150, 'A2'),
	(992, 193, 30, 'B3'),
	(993, 89, 76, 'C3'),
	(994, 46, 97, 'D2'),
	(995, 99, 55, 'E1'),
	(996, 92, 22, 'F2'),
	(997, 62, 27, 'A2'),
	(998, 16, 32, 'B2'),
	(999, 28, 61, 'C3'),
	(1000, 162, 16, 'D2'),
	(1001, 192, 150, 'E3'),
	(1002, 148, 49, 'F1'),
	(1003, 153, 108, 'A3'),
	(1004, 7, 5, 'B3'),
	(1005, 97, 62, 'C3'),
	(1006, 36, 136, 'E3'),
	(1007, 58, 77, 'F2'),
	(1008, 12, 12, 'A2'),
	(1009, 114, 95, 'B2'),
	(1010, 50, 27, 'C2'),
	(1011, 93, 21, 'D1'),
	(1012, 69, 34, 'E1'),
	(1013, 135, 98, 'F2'),
	(1014, 74, 147, 'A3'),
	(1015, 28, 35, 'B2'),
	(1016, 98, 19, 'C2'),
	(1017, 40, 75, 'E1'),
	(1018, 105, 52, 'F3'),
	(1019, 89, 59, 'A1'),
	(1020, 54, 168, 'B3'),
	(1021, 167, 86, 'C3'),
	(1022, 156, 115, 'D1'),
	(1023, 26, 92, 'E2'),
	(1024, 162, 30, 'F3'),
	(1025, 96, 159, 'A1'),
	(1026, 119, 125, 'B3'),
	(1027, 129, 141, 'C3'),
	(1028, 41, 17, 'E1'),
	(1029, 86, 101, 'F2'),
	(1030, 33, 56, 'A1'),
	(1031, 145, 153, 'B1'),
	(1032, 78, 5, 'C2'),
	(1033, 28, 154, 'D2'),
	(1034, 26, 54, 'E1'),
	(1035, 165, 79, 'F2'),
	(1036, 58, 5, 'A2'),
	(1037, 7, 15, 'B1'),
	(1038, 131, 63, 'C3'),
	(1039, 77, 29, 'E2'),
	(1040, 97, 117, 'F1'),
	(1041, 102, 146, 'A3'),
	(1042, 173, 17, 'B1'),
	(1043, 36, 10, 'C2'),
	(1044, 149, 132, 'D1'),
	(1045, 25, 71, 'E3'),
	(1046, 153, 43, 'F3'),
	(1047, 21, 87, 'A2'),
	(1048, 119, 97, 'B3'),
	(1049, 163, 142, 'C1'),
	(1050, 97, 98, 'E2'),
	(1051, 37, 123, 'F3'),
	(1052, 40, 89, 'A1'),
	(1053, 88, 3, 'B3'),
	(1054, 131, 141, 'C2'),
	(1055, 51, 135, 'D1'),
	(1056, 102, 74, 'E1'),
	(1057, 16, 134, 'F1'),
	(1058, 12, 104, 'A3'),
	(1059, 187, 168, 'B2'),
	(1060, 159, 51, 'C1'),
	(1061, 79, 166, 'E3'),
	(1062, 179, 47, 'F3'),
	(1063, 27, 172, 'A1'),
	(1064, 12, 172, 'B2'),
	(1065, 178, 40, 'C1'),
	(1066, 159, 63, 'D2'),
	(1067, 106, 148, 'E2'),
	(1068, 25, 110, 'F1'),
	(1069, 147, 16, 'A3'),
	(1070, 74, 60, 'B2'),
	(1071, 5, 32, 'C3'),
	(1072, 78, 36, 'E3'),
	(1073, 106, 25, 'F2'),
	(1074, 137, 37, 'A1'),
	(1075, 1, 12, 'B1'),
	(1076, 172, 171, 'C2'),
	(1077, 13, 6, 'D1'),
	(1078, 143, 35, 'E3'),
	(1079, 87, 120, 'F1'),
	(1080, 98, 117, 'A3'),
	(1081, 67, 40, 'B3'),
	(1082, 138, 60, 'C2'),
	(1083, 46, 45, 'E2'),
	(1084, 142, 29, 'F3'),
	(1085, 138, 122, 'A1'),
	(1086, 190, 167, 'B3'),
	(1087, 81, 143, 'C3'),
	(1088, 31, 146, 'D3'),
	(1089, 87, 24, 'E1'),
	(1090, 131, 123, 'F3'),
	(1091, 53, 132, 'A3'),
	(1092, 50, 10, 'B1'),
	(1093, 179, 120, 'C2'),
	(1094, 87, 61, 'E2'),
	(1095, 68, 6, 'F2'),
	(1096, 194, 58, 'A1'),
	(1097, 31, 43, 'B1'),
	(1098, 35, 84, 'C2'),
	(1099, 193, 98, 'D3'),
	(1100, 156, 110, 'E2'),
	(1101, 76, 156, 'F2'),
	(1102, 7, 40, 'A1'),
	(1103, 67, 22, 'B3'),
	(1104, 60, 152, 'C3'),
	(1105, 46, 10, 'E3'),
	(1106, 32, 62, 'F1'),
	(1107, 79, 105, 'A1'),
	(1108, 78, 114, 'B2'),
	(1109, 167, 50, 'C2'),
	(1110, 38, 134, 'D3'),
	(1111, 5, 166, 'E1'),
	(1112, 91, 77, 'F2'),
	(1113, 164, 159, 'A1'),
	(1114, 97, 5, 'B1'),
	(1115, 56, 162, 'C2'),
	(1116, 34, 62, 'E3'),
	(1117, 187, 151, 'F2'),
	(1118, 22, 92, 'A2'),
	(1119, 30, 37, 'B1'),
	(1120, 32, 160, 'C1'),
	(1121, 55, 65, 'D3'),
	(1122, 38, 111, 'E3'),
	(1123, 182, 128, 'F2'),
	(1124, 172, 48, 'A3'),
	(1125, 136, 160, 'B3'),
	(1126, 96, 76, 'C1'),
	(1127, 51, 6, 'E3'),
	(1128, 8, 30, 'F1'),
	(1129, 86, 34, 'A3'),
	(1130, 150, 78, 'B2'),
	(1131, 184, 137, 'C1'),
	(1132, 179, 78, 'D3'),
	(1133, 80, 136, 'E1'),
	(1134, 147, 85, 'F1'),
	(1135, 61, 19, 'A2'),
	(1136, 87, 53, 'B1'),
	(1137, 133, 96, 'C2'),
	(1138, 39, 136, 'E1'),
	(1139, 101, 48, 'F3'),
	(1140, 116, 128, 'A3'),
	(1141, 58, 18, 'B2'),
	(1142, 123, 27, 'C1'),
	(1143, 148, 166, 'D3'),
	(1144, 160, 107, 'E3'),
	(1145, 61, 48, 'F2'),
	(1146, 70, 31, 'A2'),
	(1147, 103, 146, 'B3'),
	(1148, 108, 154, 'C2'),
	(1149, 75, 96, 'E3'),
	(1150, 118, 53, 'F1'),
	(1151, 149, 50, 'A2'),
	(1152, 75, 93, 'B3'),
	(1153, 87, 49, 'C3'),
	(1154, 139, 56, 'D3'),
	(1155, 95, 69, 'E2'),
	(1156, 46, 115, 'F1'),
	(1157, 46, 134, 'A3'),
	(1158, 191, 41, 'B2'),
	(1159, 87, 114, 'C1'),
	(1160, 93, 116, 'E3'),
	(1161, 94, 100, 'F1'),
	(1162, 127, 47, 'A3'),
	(1163, 134, 26, 'B3'),
	(1164, 171, 85, 'C2'),
	(1165, 42, 169, 'D1'),
	(1166, 194, 99, 'E2'),
	(1167, 184, 108, 'F1'),
	(1168, 17, 139, 'A3'),
	(1169, 29, 58, 'B3'),
	(1170, 181, 164, 'C1'),
	(1171, 172, 2, 'E2'),
	(1172, 46, 81, 'F3'),
	(1173, 147, 120, 'A3'),
	(1174, 91, 64, 'B2'),
	(1175, 147, 139, 'C2'),
	(1176, 28, 161, 'D1'),
	(1177, 117, 56, 'E3'),
	(1178, 25, 60, 'F2'),
	(1179, 104, 152, 'A1'),
	(1180, 64, 122, 'B3'),
	(1181, 138, 75, 'C2'),
	(1182, 97, 42, 'E2'),
	(1183, 157, 151, 'F2'),
	(1184, 120, 29, 'A2'),
	(1185, 31, 34, 'B2'),
	(1186, 183, 52, 'C1'),
	(1187, 139, 118, 'D3'),
	(1188, 49, 120, 'E3'),
	(1189, 85, 71, 'F3'),
	(1190, 36, 77, 'A2'),
	(1191, 140, 40, 'B3'),
	(1192, 80, 87, 'C1'),
	(1193, 175, 20, 'E2'),
	(1194, 36, 142, 'F3'),
	(1195, 190, 159, 'A2'),
	(1196, 186, 40, 'B2'),
	(1197, 64, 30, 'C2'),
	(1198, 147, 162, 'D1'),
	(1199, 38, 147, 'E3'),
	(1200, 56, 65, 'F2'),
	(1201, 97, 115, 'A3'),
	(1202, 116, 156, 'B2'),
	(1203, 70, 92, 'C1'),
	(1204, 134, 24, 'E2'),
	(1205, 71, 169, 'F1'),
	(1206, 167, 160, 'A1'),
	(1207, 13, 101, 'B1'),
	(1208, 152, 16, 'C2'),
	(1209, 180, 38, 'D3'),
	(1210, 64, 145, 'E1'),
	(1211, 188, 42, 'F1'),
	(1212, 37, 135, 'A1'),
	(1213, 154, 102, 'B3'),
	(1214, 189, 79, 'C2'),
	(1215, 57, 49, 'E2'),
	(1216, 148, 49, 'F1'),
	(1217, 165, 21, 'A2'),
	(1218, 12, 24, 'B2'),
	(1219, 18, 15, 'C2'),
	(1220, 10, 77, 'D3'),
	(1221, 82, 67, 'E3'),
	(1222, 159, 115, 'F1'),
	(1223, 129, 170, 'A1'),
	(1224, 105, 80, 'B3'),
	(1225, 142, 37, 'C1'),
	(1226, 107, 34, 'E1'),
	(1227, 128, 134, 'F3'),
	(1228, 10, 92, 'A2'),
	(1229, 143, 37, 'B3'),
	(1230, 116, 5, 'C1'),
	(1231, 33, 61, 'D3'),
	(1232, 3, 174, 'E2'),
	(1233, 85, 147, 'F2'),
	(1234, 43, 101, 'A2'),
	(1235, 163, 156, 'B1'),
	(1236, 123, 170, 'C2'),
	(1237, 128, 48, 'E2'),
	(1238, 184, 68, 'F1'),
	(1239, 77, 16, 'A3'),
	(1240, 99, 113, 'B3'),
	(1241, 65, 80, 'C1'),
	(1242, 191, 169, 'D2'),
	(1243, 148, 85, 'E3'),
	(1244, 106, 157, 'F2'),
	(1245, 154, 164, 'A2'),
	(1246, 67, 125, 'B3'),
	(1247, 65, 129, 'C1'),
	(1248, 193, 104, 'E2'),
	(1249, 77, 123, 'F2'),
	(1250, 130, 109, 'A2'),
	(1251, 177, 154, 'B2'),
	(1252, 25, 81, 'C2'),
	(1253, 34, 169, 'D3'),
	(1254, 54, 41, 'E1'),
	(1255, 140, 86, 'F1'),
	(1256, 107, 164, 'A1'),
	(1257, 79, 121, 'B1'),
	(1258, 156, 172, 'C3'),
	(1259, 48, 5, 'E1'),
	(1260, 46, 79, 'F3'),
	(1261, 174, 49, 'A1'),
	(1262, 157, 25, 'B1'),
	(1263, 122, 12, 'C1'),
	(1264, 39, 109, 'D2'),
	(1265, 155, 151, 'E2'),
	(1266, 168, 111, 'F3'),
	(1267, 106, 43, 'A1'),
	(1268, 112, 127, 'B1'),
	(1269, 1, 16, 'C1'),
	(1270, 21, 45, 'E2'),
	(1271, 99, 40, 'F1'),
	(1272, 1, 59, 'A3'),
	(1273, 153, 112, 'B1'),
	(1274, 136, 41, 'C2'),
	(1275, 124, 162, 'D2'),
	(1276, 183, 96, 'E3'),
	(1277, 145, 116, 'F3'),
	(1278, 94, 26, 'A2'),
	(1279, 174, 48, 'B3'),
	(1280, 74, 60, 'C3'),
	(1281, 94, 127, 'E3'),
	(1282, 145, 72, 'F2'),
	(1283, 18, 91, 'A1'),
	(1284, 186, 7, 'B2'),
	(1285, 101, 100, 'C1'),
	(1286, 71, 160, 'D2'),
	(1287, 108, 143, 'E3'),
	(1288, 10, 171, 'F3'),
	(1289, 189, 51, 'A3'),
	(1290, 153, 20, 'B1'),
	(1291, 180, 56, 'C1'),
	(1292, 1, 145, 'E3'),
	(1293, 186, 144, 'F2'),
	(1294, 82, 90, 'A2'),
	(1295, 49, 103, 'B3'),
	(1296, 178, 44, 'C1'),
	(1297, 63, 148, 'D1'),
	(1298, 165, 173, 'E2'),
	(1299, 95, 118, 'F3'),
	(1300, 176, 86, 'A1'),
	(1301, 5, 126, 'B2'),
	(1302, 76, 5, 'C3'),
	(1303, 25, 143, 'E2'),
	(1304, 184, 87, 'F1'),
	(1305, 119, 107, 'A2'),
	(1306, 36, 151, 'B1'),
	(1307, 68, 116, 'C1'),
	(1308, 171, 68, 'D1'),
	(1309, 77, 72, 'E2'),
	(1310, 1, 60, 'F3'),
	(1311, 100, 86, 'A2'),
	(1312, 17, 169, 'B3'),
	(1313, 51, 49, 'C1'),
	(1314, 139, 159, 'E2'),
	(1315, 5, 59, 'F1'),
	(1316, 168, 109, 'A3'),
	(1317, 4, 87, 'B2'),
	(1318, 72, 34, 'C2'),
	(1319, 166, 151, 'D2'),
	(1320, 106, 171, 'E2'),
	(1321, 3, 92, 'F3'),
	(1322, 163, 72, 'A2'),
	(1323, 137, 173, 'B3'),
	(1324, 1, 68, 'C1'),
	(1325, 101, 115, 'E2'),
	(1326, 111, 108, 'F3'),
	(1327, 12, 105, 'A2'),
	(1328, 76, 124, 'B3'),
	(1329, 96, 76, 'C3'),
	(1330, 11, 12, 'D3'),
	(1331, 155, 1, 'E2'),
	(1332, 46, 50, 'F1'),
	(1333, 93, 175, 'A3'),
	(1334, 133, 117, 'B2'),
	(1335, 96, 104, 'C1'),
	(1336, 5, 70, 'E2'),
	(1337, 86, 54, 'F2'),
	(1338, 124, 149, 'A2'),
	(1339, 24, 175, 'B2'),
	(1340, 157, 175, 'C3'),
	(1341, 4, 87, 'D1'),
	(1342, 21, 162, 'E3'),
	(1343, 136, 106, 'F3'),
	(1344, 85, 35, 'A2'),
	(1345, 174, 162, 'B2'),
	(1346, 49, 105, 'C1'),
	(1347, 184, 24, 'E1'),
	(1348, 114, 27, 'F2'),
	(1349, 56, 146, 'A3'),
	(1350, 172, 2, 'B3'),
	(1351, 97, 110, 'C1'),
	(1352, 133, 144, 'D3'),
	(1353, 10, 95, 'E3'),
	(1354, 20, 97, 'F3'),
	(1355, 132, 140, 'A2'),
	(1356, 57, 31, 'B3'),
	(1357, 40, 69, 'C3'),
	(1358, 77, 78, 'E1'),
	(1359, 13, 20, 'F3'),
	(1360, 184, 46, 'A1'),
	(1361, 121, 46, 'B1'),
	(1362, 102, 50, 'C1'),
	(1363, 152, 124, 'D3'),
	(1364, 194, 43, 'E2'),
	(1365, 149, 24, 'F1'),
	(1366, 76, 17, 'A2'),
	(1367, 73, 20, 'B3'),
	(1368, 141, 168, 'C1'),
	(1369, 175, 62, 'E1'),
	(1370, 113, 80, 'F1'),
	(1371, 43, 17, 'A2'),
	(1372, 28, 114, 'B1'),
	(1373, 85, 10, 'C2'),
	(1374, 173, 25, 'D1'),
	(1375, 139, 9, 'E3'),
	(1376, 1, 128, 'F3'),
	(1377, 86, 21, 'A2'),
	(1378, 129, 121, 'B2'),
	(1379, 150, 167, 'C3'),
	(1380, 181, 58, 'E1'),
	(1381, 7, 162, 'F1'),
	(1382, 119, 162, 'A2'),
	(1383, 128, 112, 'B2'),
	(1384, 77, 144, 'C2'),
	(1385, 108, 97, 'D3'),
	(1386, 44, 7, 'E1'),
	(1387, 152, 96, 'F3'),
	(1388, 188, 15, 'A1'),
	(1389, 8, 20, 'B2'),
	(1390, 125, 138, 'C2'),
	(1391, 28, 50, 'E1'),
	(1392, 76, 16, 'F3'),
	(1393, 99, 8, 'A3'),
	(1394, 109, 31, 'B2'),
	(1395, 8, 117, 'C1'),
	(1396, 21, 108, 'D3'),
	(1397, 179, 129, 'E1'),
	(1398, 195, 139, 'F2'),
	(1399, 72, 74, 'A2'),
	(1400, 174, 59, 'B1'),
	(1401, 148, 51, 'C1'),
	(1402, 94, 16, 'E3'),
	(1403, 139, 53, 'F3'),
	(1404, 169, 110, 'A3'),
	(1405, 71, 42, 'B2'),
	(1406, 125, 69, 'C3'),
	(1407, 8, 160, 'D1'),
	(1408, 95, 2, 'E2'),
	(1409, 19, 133, 'F1'),
	(1410, 78, 41, 'A1'),
	(1411, 94, 102, 'B1'),
	(1412, 28, 41, 'C1'),
	(1413, 48, 70, 'E1'),
	(1414, 89, 126, 'F2'),
	(1415, 25, 87, 'A3'),
	(1416, 99, 158, 'B3'),
	(1417, 10, 148, 'C3'),
	(1418, 106, 91, 'D3'),
	(1419, 84, 142, 'E1'),
	(1420, 110, 105, 'F3'),
	(1421, 114, 40, 'A2'),
	(1422, 151, 131, 'B1'),
	(1423, 54, 160, 'C2'),
	(1424, 85, 13, 'E3'),
	(1425, 3, 2, 'F3'),
	(1426, 157, 98, 'A2'),
	(1427, 176, 37, 'B2'),
	(1428, 182, 66, 'C2'),
	(1429, 184, 172, 'D3'),
	(1430, 70, 10, 'E2'),
	(1431, 193, 120, 'F3'),
	(1432, 176, 137, 'A3'),
	(1433, 73, 56, 'B1'),
	(1434, 180, 158, 'C2'),
	(1435, 90, 80, 'E1'),
	(1436, 55, 88, 'F1'),
	(1437, 27, 46, 'A2'),
	(1438, 70, 12, 'B1'),
	(1439, 116, 67, 'C1'),
	(1440, 131, 166, 'D3'),
	(1441, 25, 148, 'E1'),
	(1442, 60, 154, 'F1'),
	(1443, 172, 125, 'A3'),
	(1444, 183, 129, 'B3'),
	(1445, 63, 151, 'C2'),
	(1446, 60, 127, 'E1'),
	(1447, 88, 37, 'F2'),
	(1448, 153, 90, 'A3'),
	(1449, 9, 64, 'B2'),
	(1450, 185, 37, 'C2'),
	(1451, 170, 27, 'D2'),
	(1452, 180, 156, 'E2'),
	(1453, 188, 140, 'F1'),
	(1454, 85, 118, 'A3'),
	(1455, 153, 152, 'B3'),
	(1456, 71, 132, 'C1'),
	(1457, 90, 4, 'E3'),
	(1458, 134, 39, 'F3'),
	(1459, 29, 88, 'A3'),
	(1460, 92, 71, 'B3'),
	(1461, 173, 38, 'C2'),
	(1462, 17, 85, 'D2'),
	(1463, 102, 148, 'E2'),
	(1464, 155, 94, 'F3'),
	(1465, 35, 125, 'A1'),
	(1466, 163, 27, 'B1'),
	(1467, 43, 28, 'C2'),
	(1468, 38, 160, 'E3'),
	(1469, 104, 144, 'F1'),
	(1470, 45, 20, 'A3'),
	(1471, 162, 12, 'B3'),
	(1472, 118, 22, 'C3'),
	(1473, 195, 34, 'D1'),
	(1474, 95, 80, 'E2'),
	(1475, 87, 148, 'F1'),
	(1476, 139, 101, 'A3'),
	(1477, 137, 48, 'B2'),
	(1478, 15, 61, 'C1'),
	(1479, 62, 50, 'E1'),
	(1480, 61, 139, 'F3'),
	(1481, 132, 79, 'A2'),
	(1482, 122, 34, 'B2'),
	(1483, 115, 67, 'C3'),
	(1484, 20, 157, 'D3'),
	(1485, 137, 21, 'E1'),
	(1486, 193, 70, 'F2'),
	(1487, 144, 124, 'A3'),
	(1488, 17, 73, 'B1'),
	(1489, 28, 9, 'C1'),
	(1490, 27, 145, 'E2'),
	(1491, 180, 88, 'F2'),
	(1492, 35, 107, 'A2'),
	(1493, 120, 49, 'B2'),
	(1494, 152, 74, 'C2'),
	(1495, 149, 102, 'D3'),
	(1496, 7, 136, 'E2'),
	(1497, 115, 66, 'F1'),
	(1498, 120, 100, 'A3'),
	(1499, 181, 114, 'B3'),
	(1500, 97, 40, 'C3'),
	(1501, 40, 165, 'E1'),
	(1502, 160, 31, 'F1'),
	(1503, 6, 16, 'A3'),
	(1504, 59, 39, 'B1'),
	(1505, 60, 139, 'C1'),
	(1506, 27, 163, 'D1'),
	(1507, 81, 26, 'E3'),
	(1508, 101, 35, 'F1'),
	(1509, 123, 131, 'A2'),
	(1510, 113, 145, 'B2'),
	(1511, 180, 35, 'C2'),
	(1512, 195, 150, 'E3'),
	(1513, 61, 126, 'F1'),
	(1514, 25, 119, 'A2'),
	(1515, 119, 19, 'B2'),
	(1516, 20, 143, 'C2'),
	(1517, 96, 26, 'D2'),
	(1518, 91, 148, 'E1'),
	(1519, 168, 87, 'F1'),
	(1520, 38, 172, 'A2'),
	(1521, 56, 159, 'B2'),
	(1522, 87, 175, 'C2'),
	(1523, 80, 99, 'E3'),
	(1524, 186, 138, 'F3'),
	(1525, 145, 29, 'A2'),
	(1526, 71, 12, 'B3'),
	(1527, 94, 66, 'C2'),
	(1528, 23, 93, 'D3'),
	(1529, 109, 167, 'E3'),
	(1530, 174, 56, 'F1'),
	(1531, 125, 126, 'A1'),
	(1532, 80, 60, 'B1'),
	(1533, 76, 175, 'C2'),
	(1534, 94, 102, 'E1'),
	(1535, 168, 55, 'F2'),
	(1536, 35, 125, 'A2'),
	(1537, 93, 33, 'B3'),
	(1538, 74, 85, 'C2'),
	(1539, 7, 146, 'D2'),
	(1540, 33, 27, 'E3'),
	(1541, 139, 99, 'F1'),
	(1542, 168, 94, 'A2'),
	(1543, 162, 150, 'B2'),
	(1544, 17, 59, 'C1'),
	(1545, 107, 23, 'E3'),
	(1546, 22, 55, 'F2'),
	(1547, 48, 89, 'A3'),
	(1548, 195, 162, 'B3'),
	(1549, 38, 153, 'C3'),
	(1550, 13, 10, 'D3'),
	(1551, 183, 50, 'E3'),
	(1552, 122, 133, 'F1'),
	(1553, 155, 141, 'A3'),
	(1554, 133, 100, 'B2'),
	(1555, 49, 44, 'C2'),
	(1556, 75, 38, 'E2'),
	(1557, 80, 131, 'F2'),
	(1558, 137, 46, 'A2'),
	(1559, 71, 54, 'B2'),
	(1560, 169, 156, 'C3'),
	(1561, 21, 36, 'D3'),
	(1562, 184, 154, 'E1'),
	(1563, 137, 21, 'F1'),
	(1564, 129, 139, 'A2'),
	(1565, 142, 25, 'B1'),
	(1566, 147, 72, 'C1'),
	(1567, 34, 147, 'E2'),
	(1568, 89, 77, 'F3'),
	(1569, 180, 79, 'A3'),
	(1570, 77, 149, 'B2'),
	(1571, 56, 155, 'C1'),
	(1572, 117, 167, 'D1'),
	(1573, 34, 19, 'E3'),
	(1574, 23, 162, 'F2'),
	(1575, 94, 160, 'A2'),
	(1576, 105, 29, 'B1'),
	(1577, 116, 132, 'C3'),
	(1578, 28, 75, 'E3'),
	(1579, 176, 133, 'F1'),
	(1580, 184, 155, 'A2'),
	(1581, 96, 130, 'B3'),
	(1582, 40, 42, 'C2'),
	(1583, 178, 50, 'D2'),
	(1584, 89, 135, 'E1'),
	(1585, 154, 138, 'F1'),
	(1586, 155, 15, 'A3'),
	(1587, 167, 118, 'B1'),
	(1588, 91, 167, 'C1'),
	(1589, 68, 92, 'E1'),
	(1590, 152, 85, 'F1'),
	(1591, 79, 115, 'A1'),
	(1592, 148, 48, 'B1'),
	(1593, 45, 53, 'C1'),
	(1594, 54, 174, 'D1'),
	(1595, 106, 15, 'E1'),
	(1596, 81, 4, 'F3'),
	(1597, 114, 138, 'A1'),
	(1598, 109, 79, 'B1'),
	(1599, 89, 25, 'C1'),
	(1600, 62, 111, 'E2'),
	(1601, 22, 90, 'F2'),
	(1602, 63, 60, 'A2'),
	(1603, 146, 112, 'B3'),
	(1604, 160, 80, 'C3'),
	(1605, 185, 121, 'D2'),
	(1606, 158, 88, 'E1'),
	(1607, 73, 142, 'F3'),
	(1608, 86, 153, 'A3'),
	(1609, 62, 15, 'B3'),
	(1610, 60, 91, 'C2'),
	(1611, 149, 15, 'E3'),
	(1612, 154, 13, 'F1'),
	(1613, 136, 73, 'A2'),
	(1614, 187, 174, 'B2'),
	(1615, 182, 174, 'C1'),
	(1616, 104, 35, 'D3'),
	(1617, 127, 123, 'E2'),
	(1618, 185, 120, 'F3'),
	(1619, 63, 105, 'A2'),
	(1620, 117, 154, 'B2'),
	(1621, 108, 76, 'C3'),
	(1622, 165, 7, 'E2'),
	(1623, 52, 89, 'F2'),
	(1624, 189, 134, 'A3'),
	(1625, 155, 106, 'B2'),
	(1626, 192, 42, 'C1'),
	(1627, 47, 23, 'D2'),
	(1628, 26, 172, 'E2'),
	(1629, 191, 6, 'F3'),
	(1630, 186, 24, 'A1'),
	(1631, 147, 75, 'B1'),
	(1632, 130, 55, 'C2'),
	(1633, 122, 11, 'E2'),
	(1634, 111, 2, 'F3'),
	(1635, 149, 166, 'A2'),
	(1636, 134, 76, 'B3'),
	(1637, 102, 167, 'C1'),
	(1638, 60, 160, 'D1'),
	(1639, 138, 72, 'E1'),
	(1640, 35, 65, 'F3'),
	(1641, 74, 116, 'A3'),
	(1642, 176, 59, 'B1'),
	(1643, 177, 99, 'C3'),
	(1644, 161, 153, 'E3'),
	(1645, 148, 21, 'F3'),
	(1646, 182, 139, 'A3'),
	(1647, 11, 109, 'B1'),
	(1648, 132, 6, 'C2'),
	(1649, 9, 69, 'D2'),
	(1650, 155, 33, 'E1'),
	(1651, 163, 36, 'F1'),
	(1652, 153, 102, 'A2'),
	(1653, 94, 39, 'B3'),
	(1654, 84, 33, 'C1'),
	(1655, 4, 39, 'E2'),
	(1656, 153, 168, 'F3'),
	(1657, 166, 134, 'A1'),
	(1658, 30, 25, 'B1'),
	(1659, 127, 169, 'C2'),
	(1660, 186, 35, 'D2'),
	(1661, 53, 55, 'E3'),
	(1662, 71, 88, 'F2'),
	(1663, 71, 72, 'A3'),
	(1664, 176, 173, 'B1'),
	(1665, 74, 151, 'C3'),
	(1666, 75, 94, 'E2'),
	(1667, 188, 33, 'F1'),
	(1668, 184, 13, 'A1'),
	(1669, 156, 170, 'B1'),
	(1670, 21, 103, 'C2'),
	(1671, 188, 56, 'D2'),
	(1672, 48, 17, 'E1'),
	(1673, 188, 72, 'F1'),
	(1674, 96, 168, 'A3'),
	(1675, 8, 167, 'B3'),
	(1676, 120, 68, 'C3'),
	(1677, 55, 145, 'E1'),
	(1678, 164, 76, 'F1'),
	(1679, 73, 93, 'A1'),
	(1680, 49, 69, 'B2'),
	(1681, 160, 100, 'C2'),
	(1682, 2, 148, 'D3'),
	(1683, 174, 16, 'E1'),
	(1684, 144, 83, 'F3'),
	(1685, 86, 37, 'A3'),
	(1686, 85, 68, 'B3'),
	(1687, 122, 164, 'C1'),
	(1688, 96, 51, 'E3'),
	(1689, 78, 153, 'F3'),
	(1690, 185, 43, 'A3'),
	(1691, 93, 48, 'B3'),
	(1692, 127, 65, 'C1'),
	(1693, 104, 46, 'D1'),
	(1694, 129, 17, 'E1'),
	(1695, 195, 1, 'F3'),
	(1696, 61, 138, 'A1'),
	(1697, 50, 66, 'B1'),
	(1698, 106, 57, 'C3'),
	(1699, 23, 160, 'E2'),
	(1700, 51, 86, 'F2'),
	(1701, 119, 139, 'A1'),
	(1702, 190, 131, 'B2'),
	(1703, 20, 123, 'C2'),
	(1704, 135, 154, 'D2'),
	(1705, 164, 164, 'E2'),
	(1706, 122, 92, 'F3'),
	(1707, 10, 166, 'A2'),
	(1708, 74, 76, 'B3'),
	(1709, 111, 119, 'C2'),
	(1710, 13, 64, 'E2'),
	(1711, 102, 168, 'F1'),
	(1712, 9, 75, 'A2'),
	(1713, 54, 153, 'B3'),
	(1714, 99, 108, 'C1'),
	(1715, 107, 161, 'D2'),
	(1716, 179, 34, 'E2'),
	(1717, 101, 143, 'F3'),
	(1718, 70, 54, 'A2'),
	(1719, 41, 83, 'B2'),
	(1720, 153, 168, 'C3'),
	(1721, 189, 137, 'E3'),
	(1722, 24, 132, 'F1'),
	(1723, 190, 73, 'A3'),
	(1724, 60, 121, 'B1'),
	(1725, 87, 66, 'C2'),
	(1726, 51, 24, 'D2'),
	(1727, 19, 104, 'E1'),
	(1728, 170, 140, 'F3'),
	(1729, 190, 106, 'A3'),
	(1730, 77, 91, 'B1'),
	(1731, 8, 63, 'C3'),
	(1732, 89, 119, 'E3'),
	(1733, 11, 162, 'F2'),
	(1734, 194, 73, 'A3'),
	(1735, 108, 101, 'B2'),
	(1736, 139, 167, 'C2'),
	(1737, 169, 165, 'D2'),
	(1738, 97, 136, 'E2'),
	(1739, 29, 101, 'F3'),
	(1740, 176, 28, 'A1'),
	(1741, 128, 52, 'B1'),
	(1742, 36, 83, 'C1'),
	(1743, 179, 32, 'E2'),
	(1744, 2, 153, 'F3'),
	(1745, 129, 119, 'A3'),
	(1746, 86, 162, 'B1'),
	(1747, 147, 40, 'C2'),
	(1748, 22, 142, 'D1'),
	(1749, 169, 72, 'E1'),
	(1750, 50, 98, 'F2'),
	(1751, 109, 48, 'A3'),
	(1752, 10, 152, 'B2'),
	(1753, 44, 68, 'C1'),
	(1754, 65, 158, 'E1'),
	(1755, 133, 40, 'F3'),
	(1756, 84, 60, 'A3'),
	(1757, 121, 167, 'B1'),
	(1758, 94, 115, 'C3'),
	(1759, 165, 93, 'D1'),
	(1760, 90, 28, 'E2'),
	(1761, 83, 157, 'F2'),
	(1762, 6, 18, 'A2'),
	(1763, 90, 7, 'B1'),
	(1764, 4, 113, 'C2'),
	(1765, 9, 67, 'E1'),
	(1766, 179, 144, 'F2'),
	(1767, 45, 115, 'A2'),
	(1768, 176, 121, 'B2'),
	(1769, 26, 155, 'C2'),
	(1770, 137, 152, 'D1'),
	(1771, 36, 46, 'E3'),
	(1772, 93, 95, 'F1'),
	(1773, 79, 129, 'A3'),
	(1774, 71, 158, 'B2'),
	(1775, 115, 90, 'C3'),
	(1776, 74, 142, 'E3'),
	(1777, 45, 79, 'F2'),
	(1778, 127, 66, 'A2'),
	(1779, 38, 149, 'B3'),
	(1780, 167, 109, 'C3'),
	(1781, 103, 163, 'D3'),
	(1782, 119, 173, 'E2'),
	(1783, 149, 36, 'F1'),
	(1784, 142, 134, 'A2'),
	(1785, 113, 144, 'B1'),
	(1786, 88, 7, 'C3'),
	(1787, 150, 74, 'E3'),
	(1788, 156, 6, 'F2'),
	(1789, 66, 138, 'A2'),
	(1790, 66, 82, 'B1'),
	(1791, 183, 85, 'C1'),
	(1792, 14, 21, 'D1'),
	(1793, 89, 45, 'E3'),
	(1794, 107, 140, 'F1'),
	(1795, 90, 48, 'A1'),
	(1796, 160, 166, 'B3'),
	(1797, 123, 118, 'C3'),
	(1798, 49, 105, 'E3'),
	(1799, 64, 155, 'F3'),
	(1800, 53, 88, 'A3'),
	(1801, 87, 72, 'B1'),
	(1802, 131, 36, 'C1'),
	(1803, 77, 117, 'D1'),
	(1804, 137, 175, 'E1'),
	(1805, 118, 134, 'F1'),
	(1806, 134, 89, 'A2'),
	(1807, 34, 67, 'B2'),
	(1808, 152, 155, 'C2'),
	(1809, 6, 163, 'E2'),
	(1810, 124, 11, 'F2'),
	(1811, 75, 102, 'A1'),
	(1812, 41, 64, 'B2'),
	(1813, 123, 74, 'C2'),
	(1814, 41, 35, 'D1'),
	(1815, 97, 86, 'E1'),
	(1816, 31, 91, 'F1'),
	(1817, 166, 30, 'A2'),
	(1818, 17, 16, 'B1'),
	(1819, 93, 158, 'C1'),
	(1820, 118, 150, 'E2'),
	(1821, 166, 99, 'F3'),
	(1822, 43, 173, 'A3'),
	(1823, 67, 100, 'B3'),
	(1824, 143, 96, 'C1'),
	(1825, 23, 160, 'D1'),
	(1826, 30, 72, 'E3'),
	(1827, 128, 38, 'F3'),
	(1828, 171, 147, 'A3'),
	(1829, 195, 98, 'B2'),
	(1830, 169, 17, 'C3'),
	(1831, 38, 33, 'E3'),
	(1832, 30, 46, 'F3'),
	(1833, 104, 62, 'A1'),
	(1834, 183, 39, 'B1'),
	(1835, 33, 32, 'C1'),
	(1836, 35, 89, 'D1'),
	(1837, 136, 137, 'E2'),
	(1838, 161, 153, 'F1'),
	(1839, 131, 45, 'A2'),
	(1840, 189, 58, 'B2'),
	(1841, 18, 167, 'C1'),
	(1842, 59, 97, 'E2'),
	(1843, 91, 41, 'F2'),
	(1844, 129, 38, 'A1'),
	(1845, 101, 48, 'B3'),
	(1846, 175, 38, 'C3'),
	(1847, 116, 127, 'D2'),
	(1848, 170, 7, 'E2'),
	(1849, 13, 30, 'F3'),
	(1850, 3, 68, 'A3'),
	(1851, 170, 102, 'B1'),
	(1852, 96, 152, 'C1'),
	(1853, 138, 18, 'E1'),
	(1854, 4, 105, 'F2'),
	(1855, 66, 17, 'A3'),
	(1856, 111, 69, 'B3'),
	(1857, 161, 123, 'C1'),
	(1858, 153, 103, 'D3'),
	(1859, 185, 76, 'E2'),
	(1860, 97, 121, 'F1'),
	(1861, 105, 137, 'A3'),
	(1862, 9, 53, 'B1'),
	(1863, 90, 35, 'C2'),
	(1864, 52, 99, 'E2'),
	(1865, 109, 150, 'F1'),
	(1866, 174, 38, 'A1'),
	(1867, 118, 98, 'B3'),
	(1868, 140, 157, 'C2'),
	(1869, 54, 53, 'D1'),
	(1870, 195, 82, 'E1'),
	(1871, 155, 122, 'F1'),
	(1872, 63, 77, 'A3'),
	(1873, 92, 106, 'B1'),
	(1874, 97, 165, 'C2'),
	(1875, 177, 32, 'E2'),
	(1876, 135, 65, 'F2'),
	(1877, 188, 44, 'A1'),
	(1878, 193, 44, 'B1'),
	(1879, 80, 53, 'C1'),
	(1880, 72, 15, 'D1'),
	(1881, 100, 102, 'E3'),
	(1882, 46, 115, 'F1'),
	(1883, 119, 56, 'A3'),
	(1884, 153, 120, 'B1'),
	(1885, 13, 93, 'C2'),
	(1886, 27, 68, 'E3'),
	(1887, 188, 94, 'F1'),
	(1888, 25, 52, 'A1'),
	(1889, 63, 78, 'B3'),
	(1890, 126, 27, 'C1'),
	(1891, 21, 120, 'D1'),
	(1892, 5, 172, 'E2'),
	(1893, 106, 134, 'F2'),
	(1894, 128, 173, 'A3'),
	(1895, 105, 164, 'B1'),
	(1896, 144, 30, 'C2'),
	(1897, 34, 58, 'E2'),
	(1898, 93, 28, 'F1'),
	(1899, 178, 168, 'A3'),
	(1900, 180, 39, 'B1'),
	(1901, 157, 76, 'C1'),
	(1902, 19, 94, 'D2'),
	(1903, 121, 114, 'E3'),
	(1904, 78, 88, 'F2'),
	(1905, 164, 61, 'A1'),
	(1906, 68, 22, 'B1'),
	(1907, 164, 122, 'C2'),
	(1908, 36, 20, 'E2'),
	(1909, 127, 12, 'F2'),
	(1910, 191, 144, 'A2'),
	(1911, 64, 136, 'B3'),
	(1912, 80, 20, 'C1'),
	(1913, 163, 66, 'D3'),
	(1914, 152, 168, 'E1'),
	(1915, 51, 147, 'F1'),
	(1916, 5, 146, 'A2'),
	(1917, 120, 72, 'B1'),
	(1918, 93, 125, 'C1'),
	(1919, 81, 171, 'E3'),
	(1920, 18, 69, 'F2'),
	(1921, 95, 115, 'A1'),
	(1922, 176, 138, 'B3'),
	(1923, 134, 48, 'C3'),
	(1924, 62, 93, 'D3'),
	(1925, 26, 40, 'E3'),
	(1926, 129, 137, 'F1'),
	(1927, 30, 45, 'A1'),
	(1928, 107, 27, 'B1'),
	(1929, 189, 36, 'C3'),
	(1930, 18, 154, 'E3'),
	(1931, 181, 69, 'F2'),
	(1932, 25, 154, 'A2'),
	(1933, 135, 15, 'B1'),
	(1934, 165, 19, 'C2'),
	(1935, 90, 53, 'D3'),
	(1936, 124, 155, 'E3'),
	(1937, 177, 119, 'F2'),
	(1938, 43, 130, 'A3'),
	(1939, 106, 117, 'B1'),
	(1940, 14, 76, 'C3'),
	(1941, 9, 47, 'E2'),
	(1942, 3, 1, 'F1'),
	(1943, 135, 175, 'A3'),
	(1944, 43, 11, 'B2'),
	(1945, 186, 99, 'C3'),
	(1946, 189, 20, 'D2'),
	(1947, 125, 89, 'E3'),
	(1948, 144, 119, 'F1'),
	(1949, 190, 38, 'A2'),
	(1950, 71, 63, 'B3'),
	(1951, 69, 25, 'C1'),
	(1952, 35, 102, 'E1'),
	(1953, 20, 3, 'F2'),
	(1954, 185, 173, 'A1'),
	(1955, 105, 164, 'B2'),
	(1956, 68, 22, 'C2'),
	(1957, 98, 90, 'D1'),
	(1958, 33, 9, 'E3'),
	(1959, 89, 69, 'F1'),
	(1960, 39, 31, 'A3'),
	(1961, 154, 146, 'B3'),
	(1962, 149, 147, 'C2'),
	(1963, 192, 36, 'E3'),
	(1964, 33, 62, 'F3'),
	(1965, 91, 154, 'A2'),
	(1966, 145, 157, 'B1'),
	(1967, 195, 26, 'C1'),
	(1968, 15, 121, 'D2'),
	(1969, 194, 141, 'E1'),
	(1970, 80, 122, 'F1'),
	(1971, 16, 172, 'A3'),
	(1972, 37, 135, 'B1'),
	(1973, 90, 147, 'C2'),
	(1974, 28, 45, 'E3'),
	(1975, 116, 67, 'F3'),
	(1976, 57, 137, 'A1'),
	(1977, 94, 38, 'B1'),
	(1978, 30, 27, 'C2'),
	(1979, 179, 142, 'D1'),
	(1980, 175, 37, 'E2'),
	(1981, 51, 83, 'F3'),
	(1982, 144, 52, 'A2'),
	(1983, 125, 171, 'B2'),
	(1984, 147, 170, 'C1'),
	(1985, 96, 157, 'E3'),
	(1986, 65, 16, 'F3'),
	(1987, 98, 148, 'A2'),
	(1988, 23, 62, 'B3'),
	(1989, 121, 46, 'C2'),
	(1990, 3, 102, 'D2'),
	(1991, 78, 173, 'E1'),
	(1992, 163, 130, 'F3'),
	(1993, 59, 164, 'A3'),
	(1994, 63, 67, 'B2'),
	(1995, 39, 163, 'C2'),
	(1996, 107, 35, 'E1'),
	(1997, 145, 73, 'F3'),
	(1998, 69, 62, 'A1'),
	(1999, 46, 142, 'B1'),
	(2000, 30, 29, 'C3'),
	(2001, 142, 124, 'D2'),
	(2002, 27, 136, 'E3'),
	(2003, 48, 167, 'F2'),
	(2004, 12, 63, 'A3'),
	(2005, 28, 52, 'B1'),
	(2006, 167, 97, 'C2'),
	(2007, 115, 51, 'E2'),
	(2008, 18, 67, 'F1'),
	(2009, 172, 75, 'A2'),
	(2010, 126, 120, 'B3'),
	(2011, 138, 158, 'C1'),
	(2012, 172, 56, 'D3'),
	(2013, 106, 107, 'E2'),
	(2014, 167, 113, 'F2'),
	(2015, 89, 139, 'A1'),
	(2016, 191, 86, 'B3'),
	(2017, 86, 82, 'C2'),
	(2018, 156, 99, 'E1'),
	(2019, 92, 2, 'F2'),
	(2020, 185, 73, 'A2'),
	(2021, 65, 20, 'B3'),
	(2022, 142, 126, 'C3'),
	(2023, 187, 111, 'D1'),
	(2024, 18, 139, 'E2'),
	(2025, 170, 148, 'F2'),
	(2026, 159, 172, 'A1'),
	(2027, 35, 83, 'B2'),
	(2028, 73, 48, 'C1'),
	(2029, 3, 81, 'E2'),
	(2030, 13, 87, 'F2'),
	(2031, 89, 72, 'A3'),
	(2032, 55, 97, 'B2'),
	(2033, 48, 75, 'C3'),
	(2034, 66, 116, 'D1'),
	(2035, 14, 50, 'E3'),
	(2036, 182, 95, 'F1'),
	(2037, 110, 137, 'A3'),
	(2038, 16, 134, 'B2'),
	(2039, 32, 68, 'C1'),
	(2040, 127, 84, 'E3'),
	(2041, 97, 153, 'F3'),
	(2042, 61, 79, 'A2'),
	(2043, 86, 69, 'B2'),
	(2044, 52, 69, 'C1'),
	(2045, 29, 88, 'D3'),
	(2046, 65, 11, 'E3'),
	(2047, 69, 170, 'F1'),
	(2048, 19, 49, 'A2'),
	(2049, 41, 162, 'B3'),
	(2050, 141, 76, 'C1'),
	(2051, 56, 102, 'E3'),
	(2052, 74, 83, 'F3'),
	(2053, 55, 134, 'A3'),
	(2054, 42, 15, 'B3'),
	(2055, 69, 7, 'C3'),
	(2056, 145, 87, 'D2'),
	(2057, 37, 164, 'E3'),
	(2058, 59, 42, 'F1'),
	(2059, 110, 101, 'A3'),
	(2060, 122, 27, 'B1'),
	(2061, 130, 6, 'C1'),
	(2062, 132, 123, 'E2'),
	(2063, 136, 28, 'F1'),
	(2064, 142, 70, 'A3'),
	(2065, 12, 95, 'B3'),
	(2066, 18, 45, 'C3'),
	(2067, 182, 122, 'D2'),
	(2068, 63, 56, 'E1'),
	(2069, 180, 65, 'F3'),
	(2070, 10, 128, 'A3'),
	(2071, 35, 29, 'B1'),
	(2072, 151, 7, 'C1'),
	(2073, 181, 106, 'E1'),
	(2074, 11, 106, 'F1'),
	(2075, 185, 151, 'A1'),
	(2076, 137, 53, 'B3'),
	(2077, 74, 114, 'C3'),
	(2078, 75, 40, 'D2'),
	(2079, 60, 51, 'E1'),
	(2080, 103, 100, 'F1'),
	(2081, 126, 1, 'A2'),
	(2082, 57, 90, 'B3'),
	(2083, 190, 130, 'C2'),
	(2084, 41, 105, 'E1'),
	(2085, 12, 170, 'F3'),
	(2086, 75, 75, 'A1'),
	(2087, 82, 34, 'B2'),
	(2088, 60, 122, 'C3'),
	(2089, 47, 41, 'D3'),
	(2090, 50, 4, 'E3'),
	(2091, 108, 1, 'F3'),
	(2092, 14, 104, 'A3'),
	(2093, 152, 38, 'B2'),
	(2094, 72, 132, 'C1'),
	(2095, 137, 164, 'E1'),
	(2096, 50, 43, 'F3'),
	(2097, 66, 32, 'A3'),
	(2098, 127, 104, 'B1'),
	(2099, 101, 164, 'C3'),
	(2100, 47, 143, 'D2'),
	(2101, 61, 156, 'E1'),
	(2102, 42, 105, 'F2'),
	(2103, 124, 75, 'A2'),
	(2104, 144, 127, 'B3'),
	(2105, 149, 53, 'C1'),
	(2106, 81, 153, 'E3'),
	(2107, 30, 39, 'F3'),
	(2108, 70, 153, 'A3'),
	(2109, 63, 121, 'B1'),
	(2110, 167, 9, 'C2'),
	(2111, 100, 123, 'D1'),
	(2112, 114, 168, 'E2'),
	(2113, 118, 48, 'F3'),
	(2114, 164, 150, 'A1'),
	(2115, 95, 100, 'B3'),
	(2116, 83, 144, 'C1'),
	(2117, 4, 2, 'E2'),
	(2118, 189, 26, 'F1'),
	(2119, 37, 91, 'A1'),
	(2120, 7, 29, 'B3'),
	(2121, 114, 1, 'C3'),
	(2122, 165, 9, 'D2'),
	(2123, 12, 129, 'E2'),
	(2124, 41, 168, 'F3'),
	(2125, 131, 133, 'A3'),
	(2126, 136, 106, 'B3'),
	(2127, 12, 102, 'C1'),
	(2128, 147, 132, 'E1'),
	(2129, 175, 47, 'F2'),
	(2130, 125, 29, 'A1'),
	(2131, 184, 69, 'B3'),
	(2132, 31, 32, 'C3'),
	(2133, 51, 36, 'D2'),
	(2134, 123, 80, 'E1'),
	(2135, 32, 30, 'F1'),
	(2136, 52, 23, 'A2'),
	(2137, 171, 104, 'B2'),
	(2138, 189, 132, 'C1'),
	(2139, 148, 102, 'E3'),
	(2140, 6, 78, 'F3'),
	(2141, 39, 41, 'A1'),
	(2142, 43, 68, 'B3'),
	(2143, 129, 138, 'C3'),
	(2144, 106, 45, 'D2'),
	(2145, 115, 126, 'E3'),
	(2146, 178, 106, 'F3'),
	(2147, 4, 41, 'A2'),
	(2148, 193, 118, 'B3'),
	(2149, 60, 100, 'C3'),
	(2150, 2, 150, 'E1'),
	(2151, 184, 164, 'F1'),
	(2152, 10, 163, 'A1'),
	(2153, 177, 165, 'B2'),
	(2154, 101, 145, 'C2'),
	(2155, 126, 123, 'D3'),
	(2156, 22, 30, 'E1'),
	(2157, 127, 10, 'F3'),
	(2158, 172, 54, 'A2'),
	(2159, 27, 151, 'B2'),
	(2160, 5, 29, 'C3'),
	(2161, 190, 57, 'E1'),
	(2162, 88, 157, 'F1'),
	(2163, 99, 79, 'A2'),
	(2164, 113, 158, 'B1'),
	(2165, 58, 83, 'C3'),
	(2166, 109, 29, 'D1'),
	(2167, 185, 67, 'E2'),
	(2168, 99, 155, 'F1'),
	(2169, 146, 3, 'A3'),
	(2170, 156, 117, 'B3'),
	(2171, 75, 22, 'C3'),
	(2172, 6, 130, 'E1'),
	(2173, 85, 163, 'F2'),
	(2174, 124, 162, 'A3'),
	(2175, 26, 139, 'B3'),
	(2176, 153, 156, 'C1'),
	(2177, 88, 95, 'D1'),
	(2178, 164, 5, 'E1'),
	(2179, 129, 123, 'F2'),
	(2180, 73, 146, 'A3'),
	(2181, 129, 148, 'B1'),
	(2182, 194, 113, 'C3'),
	(2183, 95, 111, 'E1'),
	(2184, 103, 18, 'F1'),
	(2185, 117, 59, 'A1'),
	(2186, 123, 85, 'B3'),
	(2187, 152, 103, 'C3'),
	(2188, 163, 16, 'D2'),
	(2189, 3, 99, 'E1'),
	(2190, 74, 102, 'F3'),
	(2191, 9, 85, 'A3'),
	(2192, 117, 23, 'B1'),
	(2193, 50, 21, 'C1'),
	(2194, 181, 140, 'E2'),
	(2195, 23, 87, 'F3'),
	(2196, 30, 108, 'A1'),
	(2197, 3, 111, 'B3'),
	(2198, 103, 159, 'C1'),
	(2199, 96, 1, 'D3'),
	(2200, 26, 69, 'E2'),
	(2201, 45, 58, 'F2'),
	(2202, 159, 3, 'A1'),
	(2203, 119, 143, 'B2'),
	(2204, 101, 94, 'C1'),
	(2205, 117, 24, 'E2'),
	(2206, 172, 27, 'F1'),
	(2207, 48, 169, 'A2'),
	(2208, 133, 160, 'B2'),
	(2209, 153, 158, 'C1'),
	(2210, 191, 61, 'D2'),
	(2211, 71, 160, 'E2'),
	(2212, 5, 163, 'F1'),
	(2213, 61, 165, 'A3'),
	(2214, 1, 5, 'B1'),
	(2215, 34, 60, 'C2'),
	(2216, 49, 132, 'E2'),
	(2217, 23, 14, 'F2'),
	(2218, 53, 13, 'A3'),
	(2219, 12, 66, 'B3'),
	(2220, 11, 120, 'C1'),
	(2221, 67, 133, 'D3'),
	(2222, 109, 145, 'E2'),
	(2223, 93, 158, 'F1'),
	(2224, 42, 20, 'A3'),
	(2225, 195, 173, 'B3'),
	(2226, 160, 92, 'C1'),
	(2227, 49, 42, 'E3'),
	(2228, 81, 164, 'F2'),
	(2229, 74, 8, 'A3'),
	(2230, 117, 171, 'B2'),
	(2231, 69, 95, 'C3'),
	(2232, 27, 79, 'D1'),
	(2233, 175, 2, 'E2'),
	(2234, 147, 121, 'F3'),
	(2235, 94, 103, 'A1'),
	(2236, 96, 94, 'B2'),
	(2237, 173, 90, 'C2'),
	(2238, 50, 89, 'E3'),
	(2239, 180, 164, 'F1'),
	(2240, 194, 144, 'A3'),
	(2241, 6, 70, 'B3'),
	(2242, 125, 94, 'C1'),
	(2243, 63, 173, 'D2'),
	(2244, 11, 82, 'E2'),
	(2245, 111, 111, 'F3'),
	(2246, 16, 36, 'A2'),
	(2247, 26, 27, 'B1'),
	(2248, 183, 29, 'C1'),
	(2249, 81, 101, 'E3'),
	(2250, 193, 123, 'F2'),
	(2251, 38, 59, 'A2'),
	(2252, 58, 118, 'B3'),
	(2253, 121, 51, 'C3'),
	(2254, 42, 128, 'D3'),
	(2255, 57, 151, 'E3'),
	(2256, 82, 129, 'F1'),
	(2257, 67, 45, 'A1'),
	(2258, 72, 139, 'B1'),
	(2259, 175, 21, 'C2'),
	(2260, 69, 36, 'E3'),
	(2261, 151, 124, 'F1'),
	(2262, 182, 116, 'A2'),
	(2263, 111, 116, 'B2'),
	(2264, 163, 131, 'C3'),
	(2265, 19, 117, 'D3'),
	(2266, 149, 104, 'E3'),
	(2267, 66, 117, 'F2'),
	(2268, 67, 123, 'A1'),
	(2269, 23, 162, 'B2'),
	(2270, 22, 8, 'C2'),
	(2271, 4, 98, 'E3'),
	(2272, 38, 141, 'F3'),
	(2273, 183, 62, 'A2'),
	(2274, 171, 162, 'B1'),
	(2275, 85, 138, 'C1'),
	(2276, 47, 65, 'D2'),
	(2277, 94, 62, 'E3'),
	(2278, 122, 57, 'F3'),
	(2279, 72, 37, 'A1'),
	(2280, 2, 171, 'B3'),
	(2281, 80, 100, 'C2'),
	(2282, 84, 59, 'E2'),
	(2283, 90, 24, 'F1'),
	(2284, 173, 44, 'A3'),
	(2285, 72, 151, 'B1'),
	(2286, 101, 83, 'C2'),
	(2287, 111, 96, 'D1'),
	(2288, 67, 8, 'E1'),
	(2289, 191, 28, 'F3'),
	(2290, 26, 13, 'A2'),
	(2291, 28, 25, 'B3'),
	(2292, 112, 23, 'C2'),
	(2293, 63, 94, 'E2'),
	(2294, 110, 73, 'F3'),
	(2295, 19, 122, 'A3'),
	(2296, 95, 172, 'B1'),
	(2297, 110, 58, 'C3'),
	(2298, 169, 130, 'D2'),
	(2299, 29, 27, 'E1'),
	(2300, 195, 115, 'F2'),
	(2301, 74, 98, 'A2'),
	(2302, 47, 31, 'B3'),
	(2303, 156, 124, 'C1'),
	(2304, 154, 45, 'E2'),
	(2305, 37, 130, 'F1'),
	(2306, 138, 174, 'A2'),
	(2307, 50, 97, 'B2'),
	(2308, 58, 74, 'C3'),
	(2309, 114, 119, 'D3'),
	(2310, 194, 99, 'E1'),
	(2311, 56, 37, 'F2'),
	(2312, 114, 143, 'A2'),
	(2313, 7, 166, 'B3'),
	(2314, 127, 45, 'C2'),
	(2315, 40, 30, 'E3'),
	(2316, 175, 32, 'F1'),
	(2317, 152, 100, 'A2'),
	(2318, 34, 18, 'B3'),
	(2319, 102, 84, 'C2'),
	(2320, 34, 108, 'D2'),
	(2321, 128, 126, 'E1'),
	(2322, 98, 15, 'F3'),
	(2323, 45, 10, 'A2'),
	(2324, 61, 156, 'B2'),
	(2325, 110, 69, 'C1'),
	(2326, 101, 19, 'E2'),
	(2327, 114, 156, 'F1'),
	(2328, 50, 3, 'A2'),
	(2329, 29, 136, 'B1'),
	(2330, 56, 157, 'C1'),
	(2331, 81, 79, 'D1'),
	(2332, 168, 144, 'E2'),
	(2333, 78, 41, 'F1'),
	(2334, 158, 159, 'A1'),
	(2335, 76, 39, 'B1'),
	(2336, 125, 16, 'C1'),
	(2337, 190, 134, 'E2'),
	(2338, 38, 51, 'F2'),
	(2339, 39, 13, 'A2'),
	(2340, 2, 148, 'B2'),
	(2341, 144, 116, 'C1'),
	(2342, 14, 31, 'D3'),
	(2343, 111, 76, 'E3'),
	(2344, 40, 62, 'F2'),
	(2345, 95, 1, 'A1'),
	(2346, 159, 34, 'B3'),
	(2347, 92, 174, 'C1'),
	(2348, 5, 69, 'E1'),
	(2349, 177, 65, 'F3'),
	(2350, 40, 138, 'A3'),
	(2351, 178, 107, 'B3'),
	(2352, 190, 144, 'C3'),
	(2353, 49, 91, 'D1'),
	(2354, 112, 129, 'E1'),
	(2355, 29, 168, 'F2'),
	(2356, 114, 96, 'A2'),
	(2357, 124, 95, 'B1'),
	(2358, 135, 130, 'C3'),
	(2359, 172, 27, 'E2'),
	(2360, 122, 64, 'F3'),
	(2361, 134, 16, 'A3'),
	(2362, 162, 84, 'B3'),
	(2363, 87, 54, 'C1'),
	(2364, 132, 12, 'D1'),
	(2365, 102, 113, 'E3'),
	(2366, 123, 73, 'F2'),
	(2367, 161, 93, 'A2'),
	(2368, 130, 41, 'B1'),
	(2369, 104, 107, 'C1'),
	(2370, 96, 55, 'E2'),
	(2371, 181, 18, 'F3'),
	(2372, 22, 125, 'A3'),
	(2373, 195, 109, 'B1'),
	(2374, 92, 80, 'C2'),
	(2375, 161, 18, 'D2'),
	(2376, 139, 65, 'E3'),
	(2377, 57, 49, 'F1'),
	(2378, 14, 145, 'A2'),
	(2379, 192, 84, 'B3'),
	(2380, 18, 65, 'C2'),
	(2381, 142, 34, 'E2'),
	(2382, 177, 133, 'F3'),
	(2383, 149, 141, 'A2'),
	(2384, 55, 138, 'B1'),
	(2385, 146, 170, 'C2'),
	(2386, 71, 130, 'D3'),
	(2387, 51, 96, 'E3'),
	(2388, 180, 33, 'F3'),
	(2389, 10, 143, 'A1'),
	(2390, 31, 168, 'B3'),
	(2391, 89, 82, 'C1'),
	(2392, 101, 157, 'E1'),
	(2393, 95, 153, 'F2'),
	(2394, 164, 53, 'A3'),
	(2395, 193, 41, 'B1'),
	(2396, 61, 15, 'C3'),
	(2397, 59, 32, 'D3'),
	(2398, 47, 109, 'E1'),
	(2399, 106, 116, 'F2'),
	(2400, 104, 39, 'A3'),
	(2401, 92, 149, 'B3'),
	(2402, 85, 166, 'C2'),
	(2403, 95, 5, 'E2'),
	(2404, 181, 56, 'F2'),
	(2405, 88, 84, 'A1'),
	(2406, 107, 162, 'B2'),
	(2407, 142, 73, 'C2'),
	(2408, 24, 92, 'D2'),
	(2409, 147, 22, 'E1'),
	(2410, 4, 107, 'F2'),
	(2411, 70, 79, 'A3'),
	(2412, 53, 171, 'B1'),
	(2413, 97, 14, 'C2'),
	(2414, 27, 102, 'E3'),
	(2415, 6, 128, 'F3'),
	(2416, 74, 22, 'A1'),
	(2417, 83, 26, 'B2'),
	(2418, 39, 28, 'C3'),
	(2419, 19, 65, 'D2'),
	(2420, 36, 47, 'E1'),
	(2421, 134, 14, 'F2'),
	(2422, 82, 167, 'A2'),
	(2423, 181, 77, 'B2'),
	(2424, 176, 103, 'C3'),
	(2425, 75, 76, 'E1'),
	(2426, 143, 139, 'F1'),
	(2427, 184, 58, 'A1'),
	(2428, 134, 132, 'B1'),
	(2429, 2, 107, 'C3'),
	(2430, 182, 141, 'D3'),
	(2431, 52, 34, 'E1'),
	(2432, 4, 45, 'F3'),
	(2433, 115, 130, 'A2'),
	(2434, 31, 103, 'B1'),
	(2435, 135, 106, 'C3'),
	(2436, 59, 97, 'E3');
/*!40000 ALTER TABLE `passageiros` ENABLE KEYS */;

-- Copiando estrutura para tabela controlevoos.pessoas
CREATE TABLE IF NOT EXISTS `pessoas` (
  `idpessoas` int(11) unsigned NOT NULL AUTO_INCREMENT,
  `nome` varchar(18) DEFAULT NULL,
  `sexo` varchar(1) DEFAULT NULL,
  `cpf` bigint(20) DEFAULT NULL,
  `datanascimento` datetime DEFAULT NULL,
  PRIMARY KEY (`idpessoas`)
) ENGINE=InnoDB AUTO_INCREMENT=186 DEFAULT CHARSET=utf8;

-- Copiando dados para a tabela controlevoos.pessoas: ~185 rows (aproximadamente)
/*!40000 ALTER TABLE `pessoas` DISABLE KEYS */;
REPLACE INTO `pessoas` (`idpessoas`, `nome`, `sexo`, `cpf`, `datanascimento`) VALUES
	(1, 'Santiago Silva', 'M', 42884533995, '1999-12-27 00:00:00'),
	(2, 'Francisca Santos', 'F', 64352419547, '1981-02-16 00:00:00'),
	(3, 'João Costa', 'M', 30513314039, '2000-09-23 00:00:00'),
	(4, 'Afonso Souza', 'M', 94692192448, '1988-03-14 00:00:00'),
	(5, 'Rodrigo Leal', 'M', 41201077707, '1992-01-02 00:00:00'),
	(6, 'Martim Santanna', 'M', 17012788119, '1983-10-15 00:00:00'),
	(7, 'Tomás Rêgo', 'M', 39240408096, '1990-07-21 00:00:00'),
	(8, 'Duarte Freitas', 'M', 57986914847, '1986-01-19 00:00:00'),
	(9, 'Miguel Leão', 'M', 31802421668, '1989-06-11 00:00:00'),
	(10, 'Gabriela Lopes', 'F', 53551539974, '1983-12-04 00:00:00'),
	(11, 'Lourenço Pinto', 'M', 26107282118, '1997-12-06 00:00:00'),
	(12, 'Gonçalo Bahia', 'M', 58677291238, '1990-01-13 00:00:00'),
	(13, 'Denise Sá', 'F', 58622153603, '1987-09-18 00:00:00'),
	(14, 'Guilherme Diniz', 'M', 90744107477, '1982-07-12 00:00:00'),
	(15, 'Pedro Vitória', 'M', 58828634043, '1992-09-15 00:00:00'),
	(16, 'Salvador Duarte', 'M', 98433604669, '1997-05-03 00:00:00'),
	(17, 'Rafaela Lima', 'F', 31794873127, '1980-10-27 00:00:00'),
	(18, 'Lucas Dias', 'M', 78264598701, '1986-05-12 00:00:00'),
	(19, 'Tiago Teles', 'M', 33256035894, '1990-06-14 00:00:00'),
	(20, 'Gustavo Silveira', 'M', 94522897137, '1983-08-26 00:00:00'),
	(21, 'Diogo Mendes', 'M', 97857782636, '1993-03-28 00:00:00'),
	(22, 'Vicente Luz', 'M', 48841434593, '1996-09-25 00:00:00'),
	(23, 'José Veloso', 'M', 26864322623, '1997-10-26 00:00:00'),
	(24, 'David Buarque', 'M', 17301864398, '1989-10-02 00:00:00'),
	(25, 'Mateus Dória', 'M', 35639502420, '1996-11-17 00:00:00'),
	(26, 'Simão Gomes', 'M', 26133276780, '1985-08-13 00:00:00'),
	(27, 'Antónia Batista', 'F', 75507778394, '1981-09-14 00:00:00'),
	(28, 'Diego de Jesus', 'M', 99062220436, '1981-10-21 00:00:00'),
	(29, 'Manuela de Souza', 'F', 44011596367, '1981-06-01 00:00:00'),
	(30, 'Henrique Da Costa', 'M', 51664003037, '1980-12-24 00:00:00'),
	(31, 'Daniela Oliveira', 'F', 33585322967, '1984-02-28 00:00:00'),
	(32, 'Vasco Franco', 'M', 29046316472, '1992-09-27 00:00:00'),
	(33, 'Bernardo Monteiro', 'M', 80176505633, '1992-12-08 00:00:00'),
	(34, 'Enzo Varela', 'M', 80670801430, '1982-01-11 00:00:00'),
	(35, 'André Rimenez', 'M', 30937478093, '1993-02-28 00:00:00'),
	(36, 'Leonardo de Souza', 'M', 76172601061, '1997-10-14 00:00:00'),
	(37, 'Luísa Da Costa', 'F', 83420369899, '1999-11-19 00:00:00'),
	(38, 'Isaac Oliveira', 'M', 21169467451, '2000-02-04 00:00:00'),
	(39, 'Eduarda Franco', 'F', 43662792329, '1996-06-21 00:00:00'),
	(40, 'Alexandra Monteiro', 'F', 29131778496, '1991-05-01 00:00:00'),
	(41, 'Kevin Varela', 'M', 37108521480, '1991-08-08 00:00:00'),
	(42, 'Matias Rimenez', 'M', 21620766612, '1984-11-10 00:00:00'),
	(43, 'Leandro de Souza', 'M', 48426225298, '2000-02-07 00:00:00'),
	(44, 'Filipe Da Costa', 'M', 17360375923, '1998-10-26 00:00:00'),
	(45, 'Xavier Silva', 'M', 13819867155, '1992-11-04 00:00:00'),
	(46, 'Rúben Santos', 'M', 44790347453, '1987-12-03 00:00:00'),
	(47, 'Samuel Costa', 'M', 54015704100, '1992-12-06 00:00:00'),
	(48, 'Ricarda Souza', 'F', 88746382381, '1989-07-28 00:00:00'),
	(49, 'Artur Leal', 'M', 81657889732, '1981-03-24 00:00:00'),
	(50, 'Valentina Santanna', 'F', 62129008818, '1980-04-06 00:00:00'),
	(51, 'Frederico Rêgo', 'M', 76357500895, '1980-08-28 00:00:00'),
	(52, 'Lorenzo Freitas', 'M', 99550595202, '1998-03-02 00:00:00'),
	(53, 'Bryan Leão', 'M', 82848248654, '1987-06-05 00:00:00'),
	(54, 'Bruna Lopes', 'F', 25454556536, '1999-09-10 00:00:00'),
	(55, 'Nuno Pinto', 'M', 70860451723, '1980-11-13 00:00:00'),
	(56, 'Benjamim Bahia', 'M', 78665075655, '1999-02-18 00:00:00'),
	(57, 'Carlos Sá', 'M', 25010553012, '1991-06-02 00:00:00'),
	(58, 'Sebastiana Diniz', 'F', 38350955161, '1989-10-17 00:00:00'),
	(59, 'Rui Vitória', 'M', 48213765557, '1997-03-04 00:00:00'),
	(60, 'Davi Duarte', 'M', 49673005150, '1989-09-19 00:00:00'),
	(61, 'Hugo Lima', 'M', 82164156337, '1985-01-20 00:00:00'),
	(62, 'Noah Dias', 'M', 14605108963, '1994-06-18 00:00:00'),
	(63, 'Joaquim Teles', 'M', 71116585547, '1993-07-02 00:00:00'),
	(64, 'Maria Silveira', 'F', 51042071250, '2000-08-12 00:00:00'),
	(65, 'Tomé Mendes', 'M', 37747720052, '1989-02-01 00:00:00'),
	(66, 'Fábio Luz', 'M', 15894387917, '2000-04-13 00:00:00'),
	(67, 'Paula Veloso', 'F', 35993019703, '1996-07-17 00:00:00'),
	(68, 'Manela Buarque', 'F', 51807033634, '1999-09-22 00:00:00'),
	(69, 'Renata Dória', 'F', 99321361415, '1998-04-05 00:00:00'),
	(70, 'Jorge Gomes', 'M', 13989680120, '1997-12-05 00:00:00'),
	(71, 'Jaime Batista', 'M', 89219826344, '1990-04-23 00:00:00'),
	(72, 'Marco de Jesus', 'M', 11675866653, '1982-05-12 00:00:00'),
	(73, 'Ângela de Souza', 'F', 45761638219, '1994-09-17 00:00:00'),
	(74, 'Micaela Da Costa', 'F', 17256506752, '1999-09-14 00:00:00'),
	(75, 'Liam Oliveira', 'M', 48959154590, '1982-04-12 00:00:00'),
	(76, 'Ivan Franco', 'M', 45689756488, '1984-09-15 00:00:00'),
	(77, 'Matheus Monteiro', 'M', 74235374575, '1986-09-25 00:00:00'),
	(78, 'William Varela', 'M', 20652013232, '2000-10-02 00:00:00'),
	(79, 'Gaspar Rimenez', 'M', 62405876181, '1987-06-11 00:00:00'),
	(80, 'Cristiane de Souza', 'F', 63998772572, '1992-08-02 00:00:00'),
	(81, 'Luca Da Costa', 'M', 82622637663, '1985-08-11 00:00:00'),
	(82, 'Jonathan Oliveira', 'M', 46480064625, '2000-02-22 00:00:00'),
	(83, 'Sérgio Franco', 'M', 46126441447, '1990-07-14 00:00:00'),
	(84, 'Gil Monteiro', 'M', 45090513317, '1982-07-28 00:00:00'),
	(85, 'Ivana Varela', 'F', 17091110899, '2000-12-11 00:00:00'),
	(86, 'Brian Rimenez', 'M', 72035260446, '1990-08-26 00:00:00'),
	(87, 'Arthur de Souza', 'M', 98378468833, '1982-05-19 00:00:00'),
	(88, 'Christian Da Costa', 'M', 17987493255, '1990-04-17 00:00:00'),
	(89, 'Vitória Silva', 'F', 85117914529, '1992-10-14 00:00:00'),
	(90, 'Yuri Santos', 'M', 79805109837, '1996-12-09 00:00:00'),
	(91, 'Fernanda Costa', 'F', 52333448623, '2000-08-13 00:00:00'),
	(92, 'Dilan Souza', 'M', 89738700340, '2000-06-11 00:00:00'),
	(93, 'Romeu Leal', 'M', 79318353944, '2000-09-13 00:00:00'),
	(94, 'Cássia Santanna', 'F', 77429114148, '1980-08-07 00:00:00'),
	(95, 'Isac Rêgo', 'M', 47335798782, '1981-10-18 00:00:00'),
	(96, 'Emanuela Freitas', 'F', 15350214445, '1994-09-27 00:00:00'),
	(97, 'Sandra Leão', 'F', 69134667156, '1987-11-07 00:00:00'),
	(98, 'Igor Lopes', 'M', 15818610924, '1987-01-08 00:00:00'),
	(99, 'Moisés Pinto', 'M', 88453617948, '1991-12-08 00:00:00'),
	(100, 'Mauro Bahia', 'M', 37415176270, '1996-11-16 00:00:00'),
	(101, 'César Sá', 'M', 91449806010, '1988-12-08 00:00:00'),
	(102, 'Jose Diniz', 'F', 98764039238, '1992-10-12 00:00:00'),
	(103, 'Edgar Vitória', 'M', 67686633385, '1984-09-09 00:00:00'),
	(104, 'Elisandra Duarte', 'F', 42053723287, '1987-08-27 00:00:00'),
	(105, 'Victor Lima', 'M', 79339533284, '1997-07-22 00:00:00'),
	(106, 'Joel Dias', 'M', 45681697446, '1993-01-09 00:00:00'),
	(107, 'Alexa Teles', 'F', 39405880700, '1993-07-08 00:00:00'),
	(108, 'Telma Silveira', 'F', 23715170621, '1998-02-17 00:00:00'),
	(109, 'Denise Mendes', 'F', 56890787566, '1986-02-24 00:00:00'),
	(110, 'Marcela Luz', 'F', 70452596724, '1994-07-11 00:00:00'),
	(111, 'Adrien Veloso', 'M', 60907921040, '1994-11-19 00:00:00'),
	(112, 'Álvaro Buarque', 'M', 46237432568, '1996-12-06 00:00:00'),
	(113, 'Dylan Dória', 'M', 87789347274, '1993-02-22 00:00:00'),
	(114, 'Raúl Gomes', 'M', 97362512176, '1996-12-26 00:00:00'),
	(115, 'Muhammad Batista', 'M', 81407019593, '1993-01-13 00:00:00'),
	(116, 'Nelson de Jesus', 'M', 44155719703, '1983-10-10 00:00:00'),
	(117, 'Dário de Souza', 'M', 58003904239, '1983-06-01 00:00:00'),
	(118, 'Oliver Da Costa', 'M', 29461228531, '1995-02-16 00:00:00'),
	(119, 'Thiago Oliveira', 'M', 83373003905, '1993-01-04 00:00:00'),
	(120, 'Ismaela Franco', 'F', 31485646680, '1980-06-19 00:00:00'),
	(121, 'Márcia Monteiro', 'F', 20921979558, '1990-06-25 00:00:00'),
	(122, 'Iana Varela', 'F', 72129417003, '1984-01-11 00:00:00'),
	(123, 'Lisandra Rimenez', 'M', 54063376137, '2000-01-02 00:00:00'),
	(124, 'Erik de Souza', 'M', 13414837139, '1982-06-15 00:00:00'),
	(125, 'Cláudio Da Costa', 'M', 44933917093, '1999-10-21 00:00:00'),
	(126, 'Heitor Oliveira', 'M', 53510457149, '1980-03-04 00:00:00'),
	(127, 'Martinha Franco', 'F', 56512509982, '1993-07-24 00:00:00'),
	(128, 'Leo Monteiro', 'M', 47133761164, '1989-03-14 00:00:00'),
	(129, 'Jonas Varela', 'M', 55406266647, '1982-12-28 00:00:00'),
	(130, 'Wilson Rimenez', 'M', 48867477393, '1986-06-04 00:00:00'),
	(131, 'Júlia de Souza', 'F', 20328397133, '1980-03-23 00:00:00'),
	(132, 'Caetano Da Costa', 'M', 44639291698, '1999-07-11 00:00:00'),
	(133, 'Benjamin Silva', 'M', 29012917509, '1985-06-18 00:00:00'),
	(134, 'Adriano Santos', 'M', 39537686899, '1999-12-12 00:00:00'),
	(135, 'Raphaela Costa', 'F', 36960854767, '1986-12-24 00:00:00'),
	(136, 'Augusto Souza', 'M', 92511329547, '1996-03-03 00:00:00'),
	(137, 'Martinha Leal', 'F', 95551731879, '1990-07-03 00:00:00'),
	(138, 'Marcos Santanna', 'M', 70596755836, '1980-08-13 00:00:00'),
	(139, 'Erica Rêgo', 'F', 86321885559, '1999-12-08 00:00:00'),
	(140, 'Flávia Freitas', 'F', 93772088110, '1989-07-22 00:00:00'),
	(141, 'Mikael Leão', 'M', 59404852412, '1990-06-20 00:00:00'),
	(142, 'Erick Lopes', 'M', 35464030842, '1989-05-21 00:00:00'),
	(143, 'Jason Pinto', 'M', 42384096534, '1998-03-21 00:00:00'),
	(144, 'James Bahia', 'M', 58375265473, '1993-06-12 00:00:00'),
	(145, 'Danilo Sá', 'M', 12433304051, '1999-12-14 00:00:00'),
	(146, 'Tália Diniz', 'F', 47112604137, '1994-11-24 00:00:00'),
	(147, 'Levi Vitória', 'M', 25768342039, '1990-09-01 00:00:00'),
	(148, 'Martha Duarte', 'F', 76432401181, '1986-09-24 00:00:00'),
	(149, 'Kelvin Lima', 'M', 33144533060, '2000-12-25 00:00:00'),
	(150, 'Nicolas Dias', 'M', 58880455815, '1984-11-22 00:00:00'),
	(151, 'Sebastiana Teles', 'F', 35708582917, '1983-08-02 00:00:00'),
	(152, 'Cauã Silveira', 'M', 16559963502, '1985-08-06 00:00:00'),
	(153, 'Thomas Mendes', 'M', 19572598426, '1985-11-27 00:00:00'),
	(154, 'Isaque Luz', 'M', 19413222052, '1982-01-01 00:00:00'),
	(155, 'Mikaela Veloso', 'F', 70408504297, '1990-10-08 00:00:00'),
	(156, 'Alberto Buarque', 'M', 89684709299, '1986-03-07 00:00:00'),
	(157, 'Israel Dória', 'M', 93484129562, '1988-10-25 00:00:00'),
	(158, 'Edson Gomes', 'M', 99932453138, '1988-09-07 00:00:00'),
	(159, 'Luana Batista', 'F', 94399401745, '1987-11-11 00:00:00'),
	(160, 'Lukas de Jesus', 'M', 59719670597, '1988-06-08 00:00:00'),
	(161, 'Mark de Souza', 'M', 38806134725, '1988-11-22 00:00:00'),
	(162, 'Ruben Da Costa', 'M', 16193747167, '1994-04-23 00:00:00'),
	(163, 'Adriele Oliveira', 'F', 99853421138, '1993-12-02 00:00:00'),
	(164, 'Jesus Franco', 'M', 81468435726, '1981-09-27 00:00:00'),
	(165, 'Dominga Monteiro', 'F', 47401985658, '1994-03-03 00:00:00'),
	(166, 'Denzel Varela', 'M', 66439245510, '1994-07-14 00:00:00'),
	(167, 'Apolo Rimenez', 'M', 40777405905, '1989-11-02 00:00:00'),
	(168, 'Aryane de Souza', 'F', 38754334451, '1983-04-03 00:00:00'),
	(169, 'Alana Da Costa', 'F', 78045967022, '1999-03-04 00:00:00'),
	(170, 'Nicolau Oliveira', 'M', 34613629059, '1996-09-12 00:00:00'),
	(171, 'Alfredo Franco', 'M', 99774118156, '1986-03-11 00:00:00'),
	(172, 'Kévim Monteiro', 'M', 40309877570, '1999-04-03 00:00:00'),
	(173, 'Axel Varela', 'M', 92645340937, '1983-03-01 00:00:00'),
	(174, 'Patríca Rimenez', 'F', 48402788872, '1997-12-19 00:00:00'),
	(175, 'Giovania de Souza', 'F', 72606501430, '1997-09-04 00:00:00'),
	(176, 'Gerson Da Costa', 'M', 20390199408, '1999-11-02 00:00:00'),
	(177, 'Aron Silva', 'M', 35583767077, '1981-01-22 00:00:00'),
	(178, 'Luis Santos', 'M', 15887890416, '1997-04-24 00:00:00'),
	(179, 'Leonel Costa', 'M', 19503951696, '1995-05-09 00:00:00'),
	(180, 'Wesley Souza', 'M', 43454623743, '1995-05-10 00:00:00'),
	(181, 'Ariadne Leal', 'F', 86294458036, '1999-09-16 00:00:00'),
	(182, 'Roberto Santanna', 'M', 77700719591, '1985-10-14 00:00:00'),
	(183, 'Hélder Rêgo', 'M', 61060320711, '1981-12-12 00:00:00'),
	(184, 'Vitor Freitas', 'M', 87288970467, '1990-08-04 00:00:00'),
	(185, 'Fausta Leão', 'F', 21253919462, '1981-01-27 00:00:00');
/*!40000 ALTER TABLE `pessoas` ENABLE KEYS */;

-- Copiando estrutura para tabela controlevoos.rotas
CREATE TABLE IF NOT EXISTS `rotas` (
  `idrotas` int(11) NOT NULL AUTO_INCREMENT,
  `hora_saida` time DEFAULT NULL,
  `hora_chegada` time DEFAULT NULL,
  `idtrechos` int(11) NOT NULL,
  `idvoos` int(11) NOT NULL,
  PRIMARY KEY (`idrotas`,`idtrechos`,`idvoos`),
  KEY `fk_rota_trecho1_idx` (`idtrechos`),
  KEY `fk_rota_voos1_idx` (`idvoos`),
  CONSTRAINT `fk_rota_trecho1` FOREIGN KEY (`idtrechos`) REFERENCES `trechos` (`idtrechos`) ON DELETE NO ACTION ON UPDATE NO ACTION,
  CONSTRAINT `fk_rota_voos1` FOREIGN KEY (`idvoos`) REFERENCES `voos` (`idvoos`) ON DELETE NO ACTION ON UPDATE NO ACTION
) ENGINE=InnoDB AUTO_INCREMENT=781 DEFAULT CHARSET=latin1;

-- Copiando dados para a tabela controlevoos.rotas: ~193 rows (aproximadamente)
/*!40000 ALTER TABLE `rotas` DISABLE KEYS */;
REPLACE INTO `rotas` (`idrotas`, `hora_saida`, `hora_chegada`, `idtrechos`, `idvoos`) VALUES
	(586, '08:00:00', '12:20:00', 1, 25),
	(587, '09:00:00', '14:32:00', 2, 31),
	(588, '10:00:00', '12:32:12', 3, 12),
	(589, '11:00:00', '13:12:00', 4, 40),
	(590, '12:00:00', '17:11:00', 5, 23),
	(591, '13:00:00', '16:51:00', 6, 17),
	(592, '14:00:00', '19:11:00', 8, 33),
	(593, '15:00:00', '16:05:00', 10, 25),
	(594, '16:00:00', '18:42:00', 11, 19),
	(595, '17:00:00', '22:42:00', 12, 36),
	(596, '18:00:00', '02:06:00', 13, 41),
	(597, '19:00:00', '03:25:00', 14, 32),
	(598, '20:00:00', '01:10:00', 15, 2),
	(599, '21:00:00', '00:16:00', 16, 38),
	(600, '00:30:00', '12:06:00', 17, 19),
	(601, '01:30:00', '03:28:00', 18, 48),
	(602, '02:30:00', '11:53:00', 19, 17),
	(603, '03:30:00', '12:25:00', 20, 34),
	(604, '04:30:00', '09:31:00', 21, 25),
	(605, '05:30:00', '12:39:00', 22, 16),
	(606, '06:30:00', '12:40:00', 23, 40),
	(607, '07:30:00', '00:30:00', 24, 34),
	(608, '08:30:00', '01:23:00', 25, 10),
	(609, '09:30:00', '20:10:00', 26, 20),
	(610, '10:30:00', '00:12:00', 27, 26),
	(611, '11:30:00', '21:27:00', 28, 44),
	(612, '12:30:00', '00:02:00', 29, 4),
	(613, '13:30:00', '16:12:00', 30, 47),
	(614, '14:30:00', '21:19:00', 31, 2),
	(615, '15:30:00', '19:53:00', 32, 15),
	(616, '16:30:00', '20:20:00', 33, 6),
	(617, '17:30:00', '21:49:00', 34, 6),
	(618, '18:30:00', '00:36:00', 35, 19),
	(619, '08:00:00', '12:57:00', 36, 42),
	(620, '09:00:00', '10:47:00', 37, 10),
	(621, '10:00:00', '15:09:00', 38, 22),
	(622, '11:00:00', '14:27:00', 39, 20),
	(623, '12:00:00', '15:13:00', 40, 37),
	(624, '13:00:00', '21:42:00', 41, 41),
	(625, '14:00:00', '01:53:00', 42, 31),
	(626, '15:00:00', '04:36:00', 43, 35),
	(627, '16:00:00', '23:40:00', 44, 37),
	(628, '17:00:00', '04:50:00', 45, 46),
	(629, '18:00:00', '07:41:00', 46, 15),
	(630, '19:00:00', '08:41:00', 47, 29),
	(631, '20:00:00', '02:03:00', 48, 26),
	(632, '21:00:00', '05:10:00', 49, 31),
	(633, '00:30:00', '05:17:00', 50, 25),
	(634, '01:30:00', '07:46:00', 51, 25),
	(635, '02:30:00', '07:11:00', 52, 33),
	(636, '03:30:00', '14:08:00', 53, 9),
	(637, '04:30:00', '10:12:00', 54, 46),
	(638, '05:30:00', '10:49:00', 55, 14),
	(639, '06:30:00', '16:29:00', 56, 13),
	(640, '07:30:00', '12:58:00', 57, 31),
	(641, '08:30:00', '18:04:00', 58, 14),
	(642, '09:30:00', '17:42:00', 59, 22),
	(643, '10:30:00', '12:45:00', 60, 49),
	(644, '11:30:00', '18:39:00', 61, 45),
	(645, '12:30:00', '17:49:00', 62, 12),
	(646, '13:30:00', '18:49:00', 63, 28),
	(647, '14:30:00', '22:52:00', 64, 39),
	(648, '15:30:00', '16:59:00', 65, 8),
	(649, '16:30:00', '18:41:00', 66, 41),
	(650, '17:30:00', '19:34:00', 67, 35),
	(651, '18:30:00', '07:43:00', 68, 32),
	(652, '08:00:00', '11:35:00', 69, 27),
	(653, '09:00:00', '12:19:00', 70, 18),
	(654, '10:00:00', '13:35:00', 71, 45),
	(655, '11:00:00', '18:08:00', 72, 36),
	(656, '12:00:00', '20:33:00', 73, 49),
	(657, '13:00:00', '19:00:00', 74, 19),
	(658, '14:00:00', '20:49:00', 75, 28),
	(659, '15:00:00', '23:55:00', 76, 27),
	(660, '16:00:00', '18:15:00', 77, 36),
	(661, '17:00:00', '21:28:00', 78, 39),
	(662, '18:00:00', '20:00:00', 79, 35),
	(663, '19:00:00', '20:49:00', 80, 34),
	(664, '20:00:00', '00:28:00', 81, 48),
	(665, '21:00:00', '06:51:00', 82, 50),
	(666, '00:30:00', '04:15:00', 83, 36),
	(667, '01:30:00', '03:56:00', 84, 6),
	(668, '02:30:00', '04:34:00', 85, 32),
	(669, '03:30:00', '09:40:00', 86, 42),
	(670, '04:30:00', '13:09:00', 87, 14),
	(671, '05:30:00', '19:37:00', 88, 42),
	(672, '06:30:00', '15:16:00', 89, 17),
	(673, '07:30:00', '16:55:00', 90, 25),
	(674, '08:30:00', '20:23:00', 91, 21),
	(675, '09:30:00', '19:04:00', 92, 7),
	(676, '10:30:00', '14:49:00', 93, 9),
	(677, '11:30:00', '17:36:00', 94, 25),
	(678, '12:30:00', '01:43:00', 95, 12),
	(679, '13:30:00', '06:23:00', 96, 28),
	(680, '14:30:00', '23:53:00', 97, 16),
	(681, '15:30:00', '02:00:00', 98, 21),
	(682, '16:30:00', '19:01:00', 99, 23),
	(683, '17:30:00', '02:12:00', 100, 42),
	(684, '18:30:00', '21:46:00', 101, 39),
	(685, '19:30:00', '21:42:00', 102, 24),
	(686, '20:30:00', '00:37:00', 103, 40),
	(687, '21:30:00', '06:51:00', 104, 14),
	(688, '22:30:00', '02:06:00', 105, 20),
	(689, '23:30:00', '02:52:00', 106, 3),
	(690, '00:30:00', '14:11:00', 107, 42),
	(691, '01:30:00', '05:29:00', 108, 27),
	(692, '02:30:00', '13:18:00', 109, 36),
	(693, '09:00:00', '11:24:00', 110, 32),
	(694, '10:00:00', '23:41:00', 111, 30),
	(695, '11:00:00', '19:42:00', 112, 4),
	(696, '12:00:00', '16:49:00', 113, 29),
	(697, '13:00:00', '14:29:00', 114, 47),
	(698, '14:00:00', '17:27:00', 115, 35),
	(699, '15:00:00', '19:23:00', 116, 32),
	(700, '16:00:00', '17:36:00', 117, 44),
	(701, '17:00:00', '20:29:00', 118, 47),
	(702, '18:00:00', '02:44:00', 119, 40),
	(703, '19:00:00', '00:45:00', 120, 13),
	(704, '20:00:00', '22:00:00', 121, 22),
	(705, '21:00:00', '06:23:00', 122, 2),
	(706, '00:30:00', '11:10:00', 123, 45),
	(707, '01:30:00', '04:27:00', 124, 31),
	(708, '02:30:00', '07:39:00', 125, 21),
	(709, '03:30:00', '08:40:00', 126, 33),
	(710, '04:30:00', '08:29:00', 127, 32),
	(711, '05:30:00', '13:42:00', 128, 13),
	(712, '06:30:00', '14:55:00', 129, 25),
	(713, '07:30:00', '08:59:00', 130, 49),
	(714, '08:30:00', '10:06:00', 131, 47),
	(715, '09:30:00', '19:29:00', 132, 30),
	(716, '10:30:00', '12:42:00', 133, 43),
	(717, '11:30:00', '13:56:00', 134, 6),
	(718, '12:30:00', '21:16:00', 135, 33),
	(719, '13:30:00', '15:54:00', 136, 39),
	(720, '14:30:00', '22:36:00', 137, 15),
	(721, '15:30:00', '20:58:00', 138, 10),
	(722, '16:30:00', '23:38:00', 139, 1),
	(723, '17:30:00', '21:20:00', 140, 2),
	(724, '18:30:00', '05:00:00', 141, 49),
	(725, '19:30:00', '23:06:00', 142, 35),
	(726, '20:30:00', '22:17:00', 143, 48),
	(727, '21:30:00', '05:40:00', 144, 35),
	(728, '22:30:00', '02:00:00', 145, 8),
	(729, '23:30:00', '04:27:00', 146, 32),
	(730, '00:30:00', '04:15:00', 147, 49),
	(731, '01:30:00', '11:27:00', 148, 7),
	(732, '02:30:00', '08:46:00', 149, 4),
	(733, '09:00:00', '14:01:00', 150, 48),
	(734, '10:00:00', '21:32:00', 151, 13),
	(735, '11:00:00', '17:03:00', 152, 4),
	(736, '12:00:00', '16:47:00', 153, 29),
	(737, '13:00:00', '16:29:00', 154, 9),
	(738, '14:00:00', '23:12:00', 155, 12),
	(739, '15:00:00', '02:50:00', 156, 48),
	(740, '16:00:00', '01:25:00', 157, 14),
	(741, '17:00:00', '20:22:00', 158, 16),
	(742, '18:00:00', '07:42:00', 159, 20),
	(743, '19:00:00', '04:51:00', 160, 25),
	(744, '20:00:00', '06:48:00', 161, 23),
	(745, '21:00:00', '06:23:00', 162, 29),
	(746, '00:30:00', '17:30:00', 163, 36),
	(747, '01:30:00', '15:37:00', 164, 2),
	(748, '02:30:00', '05:01:00', 165, 1),
	(749, '03:30:00', '12:14:00', 166, 8),
	(750, '04:30:00', '07:12:00', 167, 11),
	(751, '05:30:00', '13:58:00', 168, 49),
	(752, '06:30:00', '08:28:00', 169, 47),
	(753, '07:30:00', '15:10:00', 170, 34),
	(754, '08:30:00', '12:00:00', 171, 35),
	(755, '09:30:00', '14:19:00', 172, 12),
	(756, '10:30:00', '13:12:00', 173, 10),
	(757, '11:30:00', '20:42:00', 174, 47),
	(758, '12:30:00', '16:37:00', 175, 36),
	(759, '13:30:00', '14:35:00', 176, 34),
	(760, '14:30:00', '19:11:00', 177, 20),
	(761, '15:30:00', '21:15:00', 178, 26),
	(762, '16:30:00', '22:16:00', 179, 18),
	(763, '17:30:00', '04:08:00', 180, 32),
	(764, '18:30:00', '03:09:00', 181, 17),
	(765, '19:30:00', '04:12:00', 182, 13),
	(766, '20:30:00', '04:52:00', 183, 41),
	(767, '21:30:00', '06:03:00', 184, 23),
	(768, '22:30:00', '00:41:00', 185, 40),
	(769, '23:30:00', '01:19:00', 186, 31),
	(770, '00:30:00', '06:16:00', 187, 6),
	(771, '01:30:00', '02:59:00', 188, 34),
	(772, '02:30:00', '05:43:00', 189, 31),
	(773, '03:30:00', '11:58:00', 190, 39),
	(774, '04:30:00', '13:51:00', 191, 48),
	(775, '05:30:00', '08:27:00', 192, 6),
	(776, '06:30:00', '09:49:00', 193, 39),
	(777, '07:30:00', '21:06:00', 194, 11),
	(778, '08:30:00', '14:30:00', 195, 22),
	(779, '09:30:00', '21:06:00', 196, 46),
	(780, '10:30:00', '15:49:00', 197, 19);
/*!40000 ALTER TABLE `rotas` ENABLE KEYS */;

-- Copiando estrutura para tabela controlevoos.tipos_avioes
CREATE TABLE IF NOT EXISTS `tipos_avioes` (
  `idtipos_avioes` int(11) NOT NULL AUTO_INCREMENT,
  `descricao` varchar(45) DEFAULT NULL,
  `valor` double DEFAULT NULL,
  PRIMARY KEY (`idtipos_avioes`)
) ENGINE=InnoDB AUTO_INCREMENT=10 DEFAULT CHARSET=utf8;

-- Copiando dados para a tabela controlevoos.tipos_avioes: ~9 rows (aproximadamente)
/*!40000 ALTER TABLE `tipos_avioes` DISABLE KEYS */;
REPLACE INTO `tipos_avioes` (`idtipos_avioes`, `descricao`, `valor`) VALUES
	(1, 'Boeing 777-200ER', 30000000),
	(2, 'Airbus A350-900', 40000000),
	(3, 'Boeing 787-10', 30000000),
	(4, 'Airbus A350-1000', 50000000),
	(5, 'Boeing 777-300ER', 30000000),
	(6, 'Boeing 777-8', 25000000),
	(7, 'Boeing 747-8', 100000000),
	(8, 'Boeing 777-9', 110000000),
	(9, ' Airbus A380', 90000000);
/*!40000 ALTER TABLE `tipos_avioes` ENABLE KEYS */;

-- Copiando estrutura para tabela controlevoos.trechos
CREATE TABLE IF NOT EXISTS `trechos` (
  `idtrechos` int(11) NOT NULL AUTO_INCREMENT,
  `idaeroportos_origem` int(11) NOT NULL,
  `idaeroportos_destino` int(11) NOT NULL,
  `distancia` float DEFAULT NULL,
  `tempo` time NOT NULL,
  PRIMARY KEY (`idtrechos`,`idaeroportos_origem`,`idaeroportos_destino`),
  KEY `fk_trecho_aeroportos1_idx` (`idaeroportos_origem`),
  KEY `fk_trecho_aeroportos2_idx` (`idaeroportos_destino`),
  CONSTRAINT `fk_trecho_aeroportos1` FOREIGN KEY (`idaeroportos_origem`) REFERENCES `aeroportos` (`idaeroportos`) ON DELETE NO ACTION ON UPDATE NO ACTION,
  CONSTRAINT `fk_trecho_aeroportos2` FOREIGN KEY (`idaeroportos_destino`) REFERENCES `aeroportos` (`idaeroportos`) ON DELETE NO ACTION ON UPDATE NO ACTION
) ENGINE=InnoDB AUTO_INCREMENT=198 DEFAULT CHARSET=latin1;

-- Copiando dados para a tabela controlevoos.trechos: ~195 rows (aproximadamente)
/*!40000 ALTER TABLE `trechos` DISABLE KEYS */;
REPLACE INTO `trechos` (`idtrechos`, `idaeroportos_origem`, `idaeroportos_destino`, `distancia`, `tempo`) VALUES
	(1, 4, 3, 1217, '04:20:00'),
	(2, 4, 26, 1452, '05:32:00'),
	(3, 4, 8, 661, '02:32:12'),
	(4, 4, 21, 849, '02:12:00'),
	(5, 15, 26, 1452, '05:11:00'),
	(6, 4, 1, 1078, '03:51:00'),
	(8, 15, 26, 1452, '05:11:00'),
	(10, 35, 4, 270.62, '01:05:00'),
	(11, 35, 22, 675.23, '02:42:00'),
	(12, 35, 49, 1423.17, '05:42:00'),
	(13, 35, 27, 2026.61, '08:06:00'),
	(14, 35, 30, 2104.33, '08:25:00'),
	(15, 35, 44, 1292.64, '05:10:00'),
	(16, 35, 15, 817.33, '03:16:00'),
	(17, 10, 45, 2898.21, '11:36:00'),
	(18, 10, 25, 489.99, '01:58:00'),
	(19, 10, 29, 2344.87, '09:23:00'),
	(20, 10, 14, 2227.21, '08:55:00'),
	(21, 10, 37, 1254.55, '05:01:00'),
	(22, 10, 13, 1788.31, '07:09:00'),
	(23, 10, 40, 1540.43, '06:10:00'),
	(24, 22, 29, 4251.43, '17:00:00'),
	(25, 22, 5, 4219.79, '16:53:00'),
	(26, 22, 18, 2667.46, '10:40:00'),
	(27, 22, 28, 3424.12, '13:42:00'),
	(28, 22, 24, 2489.36, '09:57:00'),
	(29, 22, 37, 2881.75, '11:32:00'),
	(30, 22, 35, 675.23, '02:42:00'),
	(31, 22, 14, 1705.98, '06:49:00'),
	(32, 22, 26, 1097.11, '04:23:00'),
	(33, 1, 17, 957.4, '03:50:00'),
	(34, 1, 9, 1081, '04:19:00'),
	(35, 1, 32, 1525.07, '06:06:00'),
	(36, 1, 19, 1236.42, '04:57:00'),
	(37, 1, 52, 445.3, '01:47:00'),
	(38, 1, 33, 1287.86, '05:09:00'),
	(39, 1, 26, 862.58, '03:27:00'),
	(40, 1, 7, 805.68, '03:13:00'),
	(41, 39, 34, 2173.5, '08:42:00'),
	(42, 39, 40, 2972.37, '11:53:00'),
	(43, 39, 11, 3399.22, '13:36:00'),
	(44, 39, 25, 1918.28, '07:40:00'),
	(45, 39, 48, 2958.43, '11:50:00'),
	(46, 39, 3, 3422.56, '13:41:00'),
	(47, 39, 3, 3422.56, '13:41:00'),
	(48, 49, 37, 1513.45, '06:03:00'),
	(49, 49, 21, 2041.26, '08:10:00'),
	(50, 49, 6, 1197.65, '04:47:00'),
	(51, 49, 24, 1566.41, '06:16:00'),
	(52, 49, 4, 1169.24, '04:41:00'),
	(53, 49, 41, 2659.49, '10:38:00'),
	(54, 49, 35, 1423.17, '05:42:00'),
	(55, 13, 45, 1331.01, '05:19:00'),
	(56, 13, 36, 2495.03, '09:59:00'),
	(57, 13, 46, 1367.98, '05:28:00'),
	(58, 13, 40, 2389.62, '09:34:00'),
	(59, 13, 43, 2051.35, '08:12:00'),
	(60, 13, 14, 563.25, '02:15:00'),
	(61, 13, 10, 1788.31, '07:09:00'),
	(62, 13, 2, 1327.31, '05:19:00'),
	(63, 2, 13, 1327.31, '05:19:00'),
	(64, 2, 34, 2093, '08:22:00'),
	(65, 2, 30, 369.03, '01:29:00'),
	(66, 2, 31, 544.59, '02:11:00'),
	(67, 2, 38, 515.22, '02:04:00'),
	(68, 2, 47, 3303.18, '13:13:00'),
	(69, 2, 14, 897.1, '03:35:00'),
	(70, 14, 7, 827.25, '03:19:00'),
	(71, 14, 2, 897.1, '03:35:00'),
	(72, 14, 46, 1782.87, '07:08:00'),
	(73, 14, 34, 2138.05, '08:33:00'),
	(74, 14, 11, 1500.97, '06:00:00'),
	(75, 14, 22, 1705.98, '06:49:00'),
	(76, 14, 10, 2227.21, '08:55:00'),
	(77, 14, 13, 563.25, '02:15:00'),
	(78, 14, 38, 1115.9, '04:28:00'),
	(79, 38, 26, 499.3, '02:00:00'),
	(80, 38, 31, 454.5, '01:49:00'),
	(81, 38, 14, 1115.9, '04:28:00'),
	(82, 38, 28, 2461.79, '09:51:00'),
	(83, 38, 19, 937.68, '03:45:00'),
	(84, 38, 51, 608.2, '02:26:00'),
	(85, 38, 2, 515.22, '02:04:00'),
	(86, 40, 10, 1540.43, '06:10:00'),
	(87, 40, 41, 2161.14, '08:39:00'),
	(88, 40, 29, 3531.19, '14:07:00'),
	(89, 40, 51, 2193.69, '08:46:00'),
	(90, 40, 48, 2352.87, '09:25:00'),
	(91, 40, 39, 2972.37, '11:53:00'),
	(92, 40, 13, 2389.62, '09:34:00'),
	(93, 9, 1, 1081, '04:19:00'),
	(94, 32, 1, 1525.07, '06:06:00'),
	(95, 47, 2, 3303.18, '13:13:00'),
	(96, 5, 22, 4219.79, '16:53:00'),
	(97, 15, 26, 2346.97, '09:23:00'),
	(98, 15, 17, 2625.67, '10:30:00'),
	(99, 15, 8, 627.23, '02:31:00'),
	(100, 15, 3, 2176.73, '08:42:00'),
	(101, 15, 35, 817.33, '03:16:00'),
	(102, 15, 36, 549.56, '02:12:00'),
	(103, 15, 4, 1029, '04:07:00'),
	(104, 15, 7, 2335.7, '09:21:00'),
	(105, 3, 17, 898.12, '03:36:00'),
	(106, 3, 48, 841.81, '03:22:00'),
	(107, 3, 39, 3422.56, '13:41:00'),
	(108, 3, 42, 995.79, '03:59:00'),
	(109, 3, 28, 2699.25, '10:48:00'),
	(110, 3, 51, 599.2, '02:24:00'),
	(111, 3, 39, 3422.56, '13:41:00'),
	(112, 3, 15, 2176.73, '08:42:00'),
	(113, 3, 4, 1203.31, '04:49:00'),
	(114, 3, 7, 368.92, '01:29:00'),
	(115, 26, 1, 862.58, '03:27:00'),
	(116, 26, 22, 1097.11, '04:23:00'),
	(117, 26, 30, 398.27, '01:36:00'),
	(118, 26, 6, 871.65, '03:29:00'),
	(119, 26, 8, 2184.14, '08:44:00'),
	(120, 26, 4, 1435.5, '05:45:00'),
	(121, 26, 38, 499.3, '02:00:00'),
	(122, 26, 15, 2346.97, '09:23:00'),
	(123, 18, 22, 2667.46, '10:40:00'),
	(124, 18, 7, 737, '02:57:00'),
	(125, 33, 1, 1287.86, '05:09:00'),
	(126, 44, 35, 1292.64, '05:10:00'),
	(127, 42, 3, 995.79, '03:59:00'),
	(128, 43, 13, 2051.35, '08:12:00'),
	(129, 30, 35, 2104.33, '08:25:00'),
	(130, 30, 2, 369.03, '01:29:00'),
	(131, 30, 26, 398.27, '01:36:00'),
	(132, 36, 13, 2495.03, '09:59:00'),
	(133, 36, 15, 549.56, '02:12:00'),
	(134, 51, 38, 608.2, '02:26:00'),
	(135, 51, 40, 2193.69, '08:46:00'),
	(136, 51, 3, 599.2, '02:24:00'),
	(137, 27, 35, 2026.61, '08:06:00'),
	(138, 46, 13, 1367.98, '05:28:00'),
	(139, 46, 14, 1782.87, '07:08:00'),
	(140, 17, 1, 957.4, '03:50:00'),
	(141, 17, 15, 2625.67, '10:30:00'),
	(142, 17, 3, 898.12, '03:36:00'),
	(143, 52, 1, 445.3, '01:47:00'),
	(144, 21, 49, 2041.26, '08:10:00'),
	(145, 21, 4, 875.2, '03:30:00'),
	(146, 19, 1, 1236.42, '04:57:00'),
	(147, 19, 38, 937.68, '03:45:00'),
	(148, 24, 22, 2489.36, '09:57:00'),
	(149, 24, 49, 1566.41, '06:16:00'),
	(150, 37, 10, 1254.55, '05:01:00'),
	(151, 37, 22, 2881.75, '11:32:00'),
	(152, 37, 49, 1513.45, '06:03:00'),
	(153, 6, 49, 1197.65, '04:47:00'),
	(154, 6, 26, 871.65, '03:29:00'),
	(155, 6, 4, 2300, '09:12:00'),
	(156, 48, 39, 2958.43, '11:50:00'),
	(157, 48, 40, 2352.87, '09:25:00'),
	(158, 48, 3, 841.81, '03:22:00'),
	(159, 28, 22, 3424.12, '13:42:00'),
	(160, 28, 38, 2461.79, '09:51:00'),
	(161, 28, 3, 2699.25, '10:48:00'),
	(162, 29, 10, 2344.87, '09:23:00'),
	(163, 29, 22, 4251.43, '17:00:00'),
	(164, 29, 40, 3531.19, '14:07:00'),
	(165, 8, 15, 627.23, '02:31:00'),
	(166, 8, 26, 2184.14, '08:44:00'),
	(167, 8, 4, 675.47, '02:42:00'),
	(168, 8, 7, 2116.2, '08:28:00'),
	(169, 25, 10, 489.99, '01:58:00'),
	(170, 25, 39, 1918.28, '07:40:00'),
	(171, 4, 21, 875.2, '03:30:00'),
	(172, 4, 3, 1203.31, '04:49:00'),
	(173, 4, 8, 675.47, '02:42:00'),
	(174, 4, 6, 2300, '09:12:00'),
	(175, 4, 15, 1029, '04:07:00'),
	(176, 4, 35, 270.62, '01:05:00'),
	(177, 4, 49, 1169.24, '04:41:00'),
	(178, 4, 26, 1435.5, '05:45:00'),
	(179, 4, 7, 1440.8, '05:46:00'),
	(180, 41, 49, 2659.49, '10:38:00'),
	(181, 41, 40, 2161.14, '08:39:00'),
	(182, 34, 39, 2173.5, '08:42:00'),
	(183, 34, 2, 2093, '08:22:00'),
	(184, 34, 14, 2138.05, '08:33:00'),
	(185, 31, 2, 544.59, '02:11:00'),
	(186, 31, 38, 454.5, '01:49:00'),
	(187, 7, 4, 1440.8, '05:46:00'),
	(188, 7, 3, 368.92, '01:29:00'),
	(189, 7, 1, 805.68, '03:13:00'),
	(190, 7, 8, 2116.2, '08:28:00'),
	(191, 7, 15, 2335.7, '09:21:00'),
	(192, 7, 18, 737, '02:57:00'),
	(193, 7, 14, 827.25, '03:19:00'),
	(194, 11, 39, 3399.22, '13:36:00'),
	(195, 11, 14, 1500.97, '06:00:00'),
	(196, 45, 10, 2898.21, '11:36:00'),
	(197, 45, 13, 1331.01, '05:19:00');
/*!40000 ALTER TABLE `trechos` ENABLE KEYS */;

-- Copiando estrutura para tabela controlevoos.viagens
CREATE TABLE IF NOT EXISTS `viagens` (
  `idviagens` int(11) NOT NULL AUTO_INCREMENT,
  `dataviagem` date NOT NULL,
  `hora_saida_real` time DEFAULT NULL,
  `hora_chegada_real` time DEFAULT NULL,
  `idavioes` int(11) NOT NULL,
  `idrotas` int(11) NOT NULL,
  PRIMARY KEY (`idviagens`) USING BTREE,
  KEY `fk_viagem_avioes1_idx` (`idavioes`) USING BTREE,
  KEY `fk_viagem_rotas_idx` (`idrotas`) USING BTREE,
  CONSTRAINT `fk_viagem_avioes1` FOREIGN KEY (`idavioes`) REFERENCES `avioes` (`idavioes`) ON DELETE NO ACTION ON UPDATE NO ACTION,
  CONSTRAINT `fk_viagem_rotas` FOREIGN KEY (`idrotas`) REFERENCES `rotas` (`idrotas`) ON DELETE NO ACTION ON UPDATE NO ACTION
) ENGINE=InnoDB AUTO_INCREMENT=196 DEFAULT CHARSET=utf8;

-- Copiando dados para a tabela controlevoos.viagens: ~195 rows (aproximadamente)
/*!40000 ALTER TABLE `viagens` DISABLE KEYS */;
REPLACE INTO `viagens` (`idviagens`, `dataviagem`, `hora_saida_real`, `hora_chegada_real`, `idavioes`, `idrotas`) VALUES
	(1, '2020-05-13', '08:10:00', '12:30:00', 6, 630),
	(2, '2020-02-11', '09:00:00', '14:32:00', 38, 597),
	(3, '2020-09-24', '10:15:00', '12:47:12', 59, 597),
	(4, '2019-03-03', '11:00:00', '13:12:00', 10, 683),
	(5, '2020-03-09', '12:00:00', '17:11:00', 3, 686),
	(6, '2020-03-02', '13:00:00', '16:51:00', 11, 729),
	(7, '2019-05-14', '14:00:00', '19:11:00', 29, 601),
	(8, '2019-06-10', '15:00:00', '16:05:00', 19, 627),
	(9, '2020-11-26', '16:10:00', '18:52:00', 3, 772),
	(10, '2020-12-13', '17:00:00', '22:42:00', 19, 765),
	(11, '2021-08-27', '18:15:00', '02:21:00', 49, 668),
	(12, '2021-07-03', '19:20:00', '03:45:00', 20, 587),
	(13, '2020-08-02', '20:10:00', '01:20:00', 49, 587),
	(14, '2021-02-27', '21:00:00', '00:16:00', 23, 616),
	(15, '2021-09-14', '00:45:00', '12:21:00', 6, 601),
	(16, '2020-07-14', '01:30:00', '03:28:00', 17, 643),
	(17, '2020-05-21', '02:30:00', '11:53:00', 76, 695),
	(18, '2019-12-12', '03:30:00', '12:25:00', 27, 629),
	(19, '2019-02-07', '04:30:00', '09:31:00', 79, 682),
	(20, '2021-06-24', '05:30:00', '12:39:00', 38, 658),
	(21, '2020-10-26', '06:40:00', '12:50:00', 32, 641),
	(22, '2021-08-04', '07:30:00', '00:30:00', 49, 674),
	(23, '2020-08-16', '08:45:00', '01:38:00', 55, 733),
	(24, '2021-05-05', '09:50:00', '20:30:00', 42, 766),
	(25, '2019-07-19', '10:40:00', '00:22:00', 67, 763),
	(26, '2019-11-21', '11:30:00', '21:27:00', 74, 635),
	(27, '2021-04-27', '12:45:00', '00:17:00', 44, 733),
	(28, '2020-12-06', '13:30:00', '16:12:00', 67, 617),
	(29, '2021-03-03', '14:30:00', '21:29:00', 26, 769),
	(30, '2019-05-13', '15:30:00', '19:53:00', 1, 768),
	(31, '2021-12-19', '16:30:00', '20:35:00', 66, 715),
	(32, '2019-06-16', '17:30:00', '21:49:00', 45, 623),
	(33, '2019-06-17', '18:40:00', '00:36:00', 23, 749),
	(34, '2021-04-06', '08:00:00', '12:57:00', 29, 746),
	(35, '2020-08-24', '09:15:00', '10:47:00', 45, 649),
	(36, '2021-04-15', '10:20:00', '15:09:00', 12, 729),
	(37, '2021-11-24', '11:10:00', '14:37:00', 11, 688),
	(38, '2021-06-22', '12:00:00', '15:13:00', 21, 692),
	(39, '2020-12-07', '13:15:00', '21:57:00', 66, 674),
	(40, '2021-03-14', '14:00:00', '02:13:00', 8, 770),
	(41, '2020-04-17', '15:00:00', '04:46:00', 68, 722),
	(42, '2019-05-11', '16:00:00', '23:40:00', 78, 754),
	(43, '2021-07-02', '17:00:00', '05:05:00', 19, 687),
	(44, '2021-05-20', '18:00:00', '07:41:00', 16, 596),
	(45, '2019-02-04', '19:10:00', '08:41:00', 68, 629),
	(46, '2021-02-09', '20:00:00', '02:03:00', 70, 620),
	(47, '2019-03-06', '21:15:00', '05:10:00', 8, 605),
	(48, '2021-06-17', '00:50:00', '05:17:00', 45, 771),
	(49, '2019-11-23', '01:40:00', '07:56:00', 21, 680),
	(50, '2021-01-06', '02:30:00', '07:11:00', 80, 670),
	(51, '2020-12-11', '03:45:00', '14:23:00', 75, 593),
	(52, '2019-04-18', '04:30:00', '10:32:00', 50, 724),
	(53, '2019-05-18', '05:30:00', '10:59:00', 37, 646),
	(54, '2021-09-11', '06:30:00', '16:29:00', 11, 742),
	(55, '2021-01-21', '07:30:00', '13:13:00', 46, 745),
	(56, '2019-12-16', '08:30:00', '18:04:00', 50, 770),
	(57, '2020-01-05', '09:40:00', '17:52:00', 77, 696),
	(58, '2020-04-03', '10:30:00', '12:45:00', 13, 712),
	(59, '2019-11-16', '11:45:00', '18:54:00', 49, 629),
	(60, '2019-12-26', '12:50:00', '17:49:00', 41, 597),
	(61, '2019-11-18', '13:30:00', '18:49:00', 65, 611),
	(62, '2020-08-03', '14:30:00', '22:52:00', 36, 742),
	(63, '2019-09-15', '15:30:00', '16:59:00', 46, 612),
	(64, '2019-09-26', '16:40:00', '18:41:00', 42, 747),
	(65, '2020-01-04', '17:30:00', '19:44:00', 3, 626),
	(66, '2021-08-08', '18:45:00', '07:43:00', 5, 690),
	(67, '2019-12-15', '08:20:00', '11:50:00', 7, 735),
	(68, '2021-11-17', '09:10:00', '12:39:00', 70, 766),
	(69, '2021-11-26', '10:00:00', '13:45:00', 4, 744),
	(70, '2020-01-27', '11:15:00', '18:08:00', 78, 719),
	(71, '2019-12-03', '12:00:00', '20:48:00', 35, 610),
	(72, '2020-02-14', '13:00:00', '19:00:00', 74, 759),
	(73, '2020-09-24', '14:00:00', '20:49:00', 67, 748),
	(74, '2019-05-21', '15:00:00', '23:55:00', 23, 667),
	(75, '2020-02-27', '16:00:00', '18:15:00', 80, 724),
	(76, '2020-04-08', '17:10:00', '21:28:00', 68, 608),
	(77, '2019-07-22', '18:00:00', '20:10:00', 44, 706),
	(78, '2021-07-10', '19:15:00', '20:49:00', 69, 624),
	(79, '2019-04-02', '20:20:00', '00:43:00', 21, 690),
	(80, '2021-08-06', '21:10:00', '07:11:00', 17, 721),
	(81, '2019-06-26', '00:30:00', '04:25:00', 37, 605),
	(82, '2020-07-26', '01:45:00', '03:56:00', 24, 727),
	(83, '2021-04-16', '02:30:00', '04:49:00', 19, 593),
	(84, '2021-02-12', '03:30:00', '09:40:00', 27, 639),
	(85, '2019-11-11', '04:30:00', '13:19:00', 29, 655),
	(86, '2020-11-16', '05:30:00', '19:37:00', 25, 611),
	(87, '2019-01-16', '06:30:00', '15:31:00', 73, 663),
	(88, '2020-12-07', '07:40:00', '16:55:00', 13, 771),
	(89, '2021-07-12', '08:30:00', '20:23:00', 4, 700),
	(90, '2021-02-24', '09:45:00', '19:04:00', 1, 680),
	(91, '2021-08-10', '10:50:00', '14:49:00', 57, 686),
	(92, '2019-01-24', '11:40:00', '17:36:00', 35, 605),
	(93, '2020-12-12', '12:30:00', '01:53:00', 51, 760),
	(94, '2019-09-10', '13:45:00', '06:23:00', 27, 594),
	(95, '2020-12-18', '14:30:00', '00:08:00', 71, 740),
	(96, '2020-04-16', '15:30:00', '02:20:00', 18, 705),
	(97, '2020-12-08', '16:30:00', '19:11:00', 77, 770),
	(98, '2020-07-10', '17:30:00', '02:12:00', 47, 762),
	(99, '2020-10-25', '18:30:00', '22:01:00', 37, 703),
	(100, '2019-09-14', '19:40:00', '21:42:00', 9, 742),
	(101, '2021-12-26', '20:30:00', '00:37:00', 35, 757),
	(102, '2021-09-22', '21:45:00', '06:51:00', 67, 744),
	(103, '2021-01-01', '22:50:00', '02:06:00', 41, 617),
	(104, '2021-06-27', '23:40:00', '02:52:00', 40, 772),
	(105, '2021-05-05', '00:30:00', '14:21:00', 71, 693),
	(106, '2020-08-15', '01:45:00', '05:29:00', 50, 745),
	(107, '2020-02-23', '02:30:00', '13:33:00', 5, 716),
	(108, '2020-06-05', '09:00:00', '11:44:00', 69, 694),
	(109, '2020-01-03', '10:00:00', '23:51:00', 34, 671),
	(110, '2021-04-15', '11:00:00', '19:42:00', 35, 612),
	(111, '2021-01-19', '12:00:00', '17:04:00', 19, 628),
	(112, '2019-07-08', '13:10:00', '14:29:00', 46, 623),
	(113, '2021-12-21', '14:00:00', '17:37:00', 17, 666),
	(114, '2019-04-08', '15:15:00', '19:23:00', 25, 759),
	(115, '2020-04-26', '16:20:00', '17:51:00', 35, 657),
	(116, '2020-05-24', '17:10:00', '20:29:00', 35, 631),
	(117, '2020-04-04', '18:00:00', '02:44:00', 64, 593),
	(118, '2020-07-15', '19:15:00', '00:45:00', 70, 669),
	(119, '2021-08-01', '20:00:00', '22:00:00', 23, 677),
	(120, '2020-05-18', '21:00:00', '06:23:00', 40, 588),
	(121, '2020-10-12', '00:30:00', '11:20:00', 10, 599),
	(122, '2019-02-24', '01:30:00', '04:27:00', 16, 707),
	(123, '2020-06-17', '02:30:00', '07:54:00', 63, 754),
	(124, '2021-12-25', '03:40:00', '09:00:00', 44, 725),
	(125, '2021-04-24', '04:30:00', '08:39:00', 54, 616),
	(126, '2021-08-01', '05:45:00', '13:42:00', 25, 687),
	(127, '2021-10-22', '06:50:00', '15:10:00', 29, 677),
	(128, '2020-12-15', '07:40:00', '08:59:00', 25, 645),
	(129, '2019-02-10', '08:30:00', '10:06:00', 66, 715),
	(130, '2020-08-10', '09:45:00', '19:29:00', 61, 626),
	(131, '2020-10-22', '10:30:00', '12:42:00', 3, 616),
	(132, '2019-07-25', '11:30:00', '13:56:00', 62, 640),
	(133, '2020-03-27', '12:30:00', '21:26:00', 32, 665),
	(134, '2021-12-10', '13:30:00', '15:54:00', 29, 667),
	(135, '2020-05-16', '14:30:00', '22:51:00', 78, 619),
	(136, '2020-07-13', '15:40:00', '21:18:00', 20, 626),
	(137, '2021-06-06', '16:30:00', '23:48:00', 53, 655),
	(138, '2021-06-08', '17:45:00', '21:20:00', 75, 611),
	(139, '2020-10-24', '18:50:00', '05:15:00', 52, 725),
	(140, '2020-01-04', '19:30:00', '23:06:00', 17, 725),
	(141, '2020-04-14', '20:30:00', '22:27:00', 49, 598),
	(142, '2019-06-10', '21:30:00', '05:40:00', 40, 737),
	(143, '2021-06-05', '22:40:00', '02:15:00', 73, 593),
	(144, '2020-05-14', '23:30:00', '04:27:00', 18, 651),
	(145, '2021-08-02', '00:45:00', '04:15:00', 50, 644),
	(146, '2020-02-21', '01:50:00', '11:27:00', 72, 731),
	(147, '2021-10-08', '02:40:00', '08:46:00', 61, 642),
	(148, '2020-01-12', '09:00:00', '14:01:00', 43, 622),
	(149, '2021-06-10', '10:15:00', '21:42:00', 43, 609),
	(150, '2019-08-12', '11:00:00', '17:03:00', 72, 667),
	(151, '2021-09-25', '12:00:00', '17:02:00', 63, 667),
	(152, '2021-09-06', '13:00:00', '16:49:00', 17, 685),
	(153, '2019-06-06', '14:00:00', '23:22:00', 59, 600),
	(154, '2021-12-28', '15:00:00', '02:50:00', 23, 692),
	(155, '2020-05-14', '16:10:00', '01:40:00', 34, 727),
	(156, '2019-11-07', '17:00:00', '20:22:00', 5, 690),
	(157, '2019-02-03', '18:15:00', '07:42:00', 57, 727),
	(158, '2021-12-07', '19:20:00', '04:51:00', 75, 676),
	(159, '2021-10-27', '20:10:00', '06:48:00', 23, 732),
	(160, '2019-04-24', '21:00:00', '06:23:00', 23, 681),
	(161, '2021-08-22', '00:45:00', '17:40:00', 48, 694),
	(162, '2021-08-15', '01:30:00', '15:37:00', 41, 601),
	(163, '2019-11-07', '02:30:00', '05:16:00', 9, 655),
	(164, '2021-12-28', '03:30:00', '12:34:00', 41, 704),
	(165, '2021-11-20', '04:30:00', '07:22:00', 54, 605),
	(166, '2021-08-26', '05:30:00', '13:58:00', 78, 616),
	(167, '2021-03-19', '06:40:00', '08:43:00', 21, 614),
	(168, '2019-03-15', '07:30:00', '15:10:00', 33, 634),
	(169, '2020-03-21', '08:45:00', '12:10:00', 17, 771),
	(170, '2019-02-24', '09:50:00', '14:19:00', 67, 657),
	(171, '2019-09-17', '10:40:00', '13:27:00', 69, 760),
	(172, '2021-11-27', '11:30:00', '20:42:00', 12, 736),
	(173, '2019-07-08', '12:45:00', '16:37:00', 27, 757),
	(174, '2019-01-10', '13:30:00', '14:35:00', 6, 609),
	(175, '2020-06-05', '14:30:00', '19:11:00', 78, 761),
	(176, '2020-11-24', '15:30:00', '21:15:00', 63, 690),
	(177, '2020-07-13', '16:30:00', '22:26:00', 62, 762),
	(178, '2020-12-15', '17:30:00', '04:08:00', 49, 636),
	(179, '2021-02-12', '18:40:00', '03:24:00', 21, 664),
	(180, '2020-06-24', '19:30:00', '04:32:00', 26, 610),
	(181, '2019-02-01', '20:45:00', '05:02:00', 71, 653),
	(182, '2021-06-01', '21:50:00', '06:03:00', 29, 667),
	(183, '2020-11-18', '22:40:00', '00:56:00', 26, 735),
	(184, '2021-12-09', '23:30:00', '01:19:00', 70, 755),
	(185, '2021-04-18', '00:45:00', '06:16:00', 21, 595),
	(186, '2019-07-17', '01:30:00', '02:59:00', 59, 665),
	(187, '2021-05-26', '02:30:00', '05:43:00', 19, 706),
	(188, '2019-08-23', '03:30:00', '11:58:00', 66, 684),
	(189, '2020-01-22', '04:30:00', '14:01:00', 57, 694),
	(190, '2019-08-12', '05:30:00', '08:27:00', 6, 610),
	(191, '2019-11-04', '06:40:00', '10:04:00', 20, 684),
	(192, '2021-05-28', '07:30:00', '21:26:00', 1, 704),
	(193, '2020-02-26', '08:45:00', '14:40:00', 12, 595),
	(194, '2020-06-21', '09:50:00', '21:06:00', 35, 711),
	(195, '2020-10-09', '10:40:00', '16:04:00', 56, 666);
/*!40000 ALTER TABLE `viagens` ENABLE KEYS */;

-- Copiando estrutura para tabela controlevoos.voos
CREATE TABLE IF NOT EXISTS `voos` (
  `idvoos` int(11) NOT NULL AUTO_INCREMENT,
  `codvoo` varchar(10) DEFAULT NULL,
  `idempresas` int(11) NOT NULL,
  PRIMARY KEY (`idvoos`,`idempresas`),
  KEY `fk_voos_empresas1_idx` (`idempresas`),
  CONSTRAINT `fk_voos_empresas1` FOREIGN KEY (`idempresas`) REFERENCES `empresas` (`idempresas`) ON DELETE NO ACTION ON UPDATE NO ACTION
) ENGINE=InnoDB AUTO_INCREMENT=51 DEFAULT CHARSET=latin1;

-- Copiando dados para a tabela controlevoos.voos: ~50 rows (aproximadamente)
/*!40000 ALTER TABLE `voos` DISABLE KEYS */;
REPLACE INTO `voos` (`idvoos`, `codvoo`, `idempresas`) VALUES
	(1, 'ENS1013', 7),
	(2, 'FYG1109', 10),
	(3, 'KYH1009', 6),
	(4, 'IDL1178', 3),
	(5, 'YXK1156', 5),
	(6, 'JJL1184', 7),
	(7, 'OFH1123', 5),
	(8, 'OXW1194', 5),
	(9, 'IFB1030', 5),
	(10, 'HVG1009', 9),
	(11, 'JLD1114', 8),
	(12, 'TLD1196', 9),
	(13, 'CGM1044', 4),
	(14, 'VHF1048', 6),
	(15, 'CTE1017', 3),
	(16, 'QVB1185', 10),
	(17, 'AHW1178', 10),
	(18, 'QPF1097', 8),
	(19, 'OPR1192', 8),
	(20, 'XED1049', 5),
	(21, 'UGI1143', 7),
	(22, 'DST1053', 9),
	(23, 'GPM1007', 3),
	(24, 'XIO1051', 7),
	(25, 'RGT1191', 5),
	(26, 'SPH1154', 6),
	(27, 'SDG1099', 8),
	(28, 'PLH1032', 4),
	(29, 'RVL1163', 4),
	(30, 'ONM1114', 10),
	(31, 'LYS1072', 5),
	(32, 'GJW1194', 9),
	(33, 'CHT1167', 9),
	(34, 'OYX1002', 6),
	(35, 'LOR1198', 6),
	(36, 'HNN1121', 7),
	(37, 'BIH1165', 5),
	(38, 'EYH1173', 7),
	(39, 'YOR1028', 4),
	(40, 'EOH1028', 9),
	(41, 'MUH1018', 5),
	(42, 'QRQ1000', 10),
	(43, 'IIK1134', 9),
	(44, 'QEA1159', 10),
	(45, 'FUT1055', 7),
	(46, 'GKM1048', 7),
	(47, 'SBG1058', 8),
	(48, 'FCP1023', 3),
	(49, 'TFW1034', 3),
	(50, 'XUD1010', 9);
/*!40000 ALTER TABLE `voos` ENABLE KEYS */;

/*!40101 SET SQL_MODE=IFNULL(@OLD_SQL_MODE, '') */;
/*!40014 SET FOREIGN_KEY_CHECKS=IFNULL(@OLD_FOREIGN_KEY_CHECKS, 1) */;
/*!40101 SET CHARACTER_SET_CLIENT=@OLD_CHARACTER_SET_CLIENT */;
/*!40111 SET SQL_NOTES=IFNULL(@OLD_SQL_NOTES, 1) */;
