-- phpMyAdmin SQL Dump
-- version 4.6.5.2
-- https://www.phpmyadmin.net/
--
-- Host: 127.0.0.1
-- Generation Time: 11-Abr-2023 às 01:36
-- Versão do servidor: 10.1.21-MariaDB
-- PHP Version: 5.6.30

SET SQL_MODE = "NO_AUTO_VALUE_ON_ZERO";
SET time_zone = "+00:00";


/*!40101 SET @OLD_CHARACTER_SET_CLIENT=@@CHARACTER_SET_CLIENT */;
/*!40101 SET @OLD_CHARACTER_SET_RESULTS=@@CHARACTER_SET_RESULTS */;
/*!40101 SET @OLD_COLLATION_CONNECTION=@@COLLATION_CONNECTION */;
/*!40101 SET NAMES utf8mb4 */;

--
-- Database: `condominio`
--

-- --------------------------------------------------------

--
-- Estrutura da tabela `apartamentos`
--

CREATE TABLE `apartamentos` (
  `idapartamento` int(11) NOT NULL,
  `numero` varchar(10) DEFAULT NULL,
  `idpredio` int(11) DEFAULT NULL,
  `metragem` float DEFAULT NULL
) ENGINE=InnoDB DEFAULT CHARSET=latin1;

--
-- Extraindo dados da tabela `apartamentos`
--

INSERT INTO `apartamentos` (`idapartamento`, `numero`, `idpredio`, `metragem`) VALUES
(1, '001', 1, 80),
(2, '002', 1, 60),
(3, '003', 1, 80),
(4, '004', 1, 60),
(5, '101', 1, 60),
(6, '102', 1, 80),
(7, '103', 1, 80),
(8, '104', 1, 60),
(9, '201', 1, 80),
(10, '202', 1, 100),
(11, '203', 1, 100),
(12, '204', 1, 100),
(13, '301', 1, 80),
(14, '302', 1, 80),
(15, '303', 1, 80),
(16, '304', 1, 60),
(17, '001', 2, 100),
(18, '002', 2, 80),
(19, '003', 2, 80),
(20, '004', 2, 100),
(21, '101', 2, 60),
(22, '102', 2, 100),
(23, '103', 2, 60),
(24, '104', 2, 60),
(25, '201', 2, 80),
(26, '202', 2, 100),
(27, '203', 2, 100),
(28, '204', 2, 100),
(29, '301', 2, 60),
(30, '302', 2, 100),
(31, '303', 2, 60),
(32, '304', 2, 80),
(33, '001', 3, 60),
(34, '002', 3, 60),
(35, '003', 3, 100),
(36, '004', 3, 60),
(37, '101', 3, 80),
(38, '102', 3, 80),
(39, '103', 3, 80),
(40, '104', 3, 100),
(41, '201', 3, 100),
(42, '202', 3, 60),
(43, '203', 3, 80),
(44, '204', 3, 80),
(45, '301', 3, 100),
(46, '302', 3, 60),
(47, '303', 3, 100),
(48, '304', 3, 80),
(49, '001', 4, 100),
(50, '002', 4, 80),
(51, '003', 4, 60),
(52, '004', 4, 60),
(53, '101', 4, 100),
(54, '102', 4, 100),
(55, '103', 4, 80),
(56, '104', 4, 80),
(57, '201', 4, 100),
(58, '202', 4, 100),
(59, '203', 4, 80),
(60, '204', 4, 80),
(61, '301', 4, 60),
(62, '302', 4, 80),
(63, '303', 4, 60),
(64, '304', 4, 80),
(65, '001', 5, 80),
(66, '002', 5, 60),
(67, '003', 5, 60),
(68, '004', 5, 100),
(69, '101', 5, 60),
(70, '102', 5, 80),
(71, '103', 5, 80),
(72, '104', 5, 100),
(73, '201', 5, 60),
(74, '202', 5, 100),
(75, '203', 5, 100),
(76, '204', 5, 60),
(77, '301', 5, 100),
(78, '302', 5, 80),
(79, '303', 5, 60),
(80, '304', 5, 80),
(81, '001', 6, 80),
(82, '002', 6, 80),
(83, '003', 6, 60),
(84, '004', 6, 60),
(85, '101', 6, 80),
(86, '102', 6, 100),
(87, '103', 6, 80),
(88, '104', 6, 100),
(89, '201', 6, 80),
(90, '202', 6, 100),
(91, '203', 6, 80),
(92, '204', 6, 80),
(93, '301', 6, 60),
(94, '302', 6, 100),
(95, '303', 6, 80),
(96, '304', 6, 60),
(97, '001', 7, 80),
(98, '002', 7, 60),
(99, '003', 7, 60),
(100, '004', 7, 80),
(101, '101', 7, 80),
(102, '102', 7, 100),
(103, '103', 7, 80),
(104, '104', 7, 60),
(105, '201', 7, 100),
(106, '202', 7, 100),
(107, '203', 7, 80),
(108, '204', 7, 60),
(109, '301', 7, 60),
(110, '302', 7, 60),
(111, '303', 7, 60),
(112, '304', 7, 60),
(113, '001', 8, 60),
(114, '002', 8, 60),
(115, '003', 8, 100),
(116, '004', 8, 80),
(117, '101', 8, 80),
(118, '102', 8, 80),
(119, '103', 8, 60),
(120, '104', 8, 60),
(121, '201', 8, 100),
(122, '202', 8, 60),
(123, '203', 8, 80),
(124, '204', 8, 100),
(125, '301', 8, 60),
(126, '302', 8, 80),
(127, '303', 8, 80),
(128, '304', 8, 80),
(129, '001', 9, 60),
(130, '002', 9, 60),
(131, '003', 9, 80),
(132, '004', 9, 80),
(133, '101', 9, 60),
(134, '102', 9, 100),
(135, '103', 9, 80),
(136, '104', 9, 100),
(137, '201', 9, 100),
(138, '202', 9, 100),
(139, '203', 9, 100),
(140, '204', 9, 100),
(141, '301', 9, 80),
(142, '302', 9, 100),
(143, '303', 9, 60),
(144, '304', 9, 100),
(145, '001', 10, 60),
(146, '002', 10, 80),
(147, '003', 10, 100),
(148, '004', 10, 100),
(149, '101', 10, 60),
(150, '102', 10, 80),
(151, '103', 10, 80),
(152, '104', 10, 100),
(153, '201', 10, 80),
(154, '202', 10, 100),
(155, '203', 10, 80),
(156, '204', 10, 60),
(157, '301', 10, 100),
(158, '302', 10, 80),
(159, '303', 10, 60),
(160, '304', 10, 60);

-- --------------------------------------------------------

--
-- Estrutura da tabela `moradores`
--

CREATE TABLE `moradores` (
  `idmorador` int(11) NOT NULL,
  `nome` varchar(255) DEFAULT NULL,
  `cpf` varchar(14) DEFAULT NULL,
  `telefone` varchar(20) DEFAULT NULL,
  `sexo` char(1) DEFAULT NULL,
  `rendafamiliar` float DEFAULT NULL,
  `datanascimento` date DEFAULT NULL,
  `idapartamento` int(11) DEFAULT NULL
) ENGINE=InnoDB DEFAULT CHARSET=latin1;

--
-- Extraindo dados da tabela `moradores`
--

INSERT INTO `moradores` (`idmorador`, `nome`, `cpf`, `telefone`, `sexo`, `rendafamiliar`, `datanascimento`, `idapartamento`) VALUES
(1, 'Maria Julia Pereira', '945.281.067-01', '+55 71 6288-5289', 'F', 9754.65, '1966-01-21', 1),
(2, 'João Miguel da Paz', '285.793.106-95', '0500 619 8746', 'M', 8752.19, '1942-08-09', 2),
(3, 'Matheus Barros', '471.529.360-99', '+55 (084) 2923-0388', 'F', 9118.52, '1975-06-25', 3),
(4, 'Enzo Silveira', '625.310.984-70', '+55 (041) 6638-4551', 'M', 9652.01, '1934-07-14', 4),
(5, 'Maria Julia da Mata', '708.532.496-10', '+55 (021) 3944 0435', 'F', 6738.46, '1982-11-11', 5),
(6, 'Ana Beatriz Cardoso', '786.201.953-95', '+55 71 3240-0899', 'M', 2855.56, '1944-03-19', 6),
(7, 'Mariane Azevedo', '314.672.059-07', '71 8547 2372', 'M', 5252.47, '1932-11-26', 7),
(8, 'Alexandre da Luz', '389.702.156-03', '71 1245 2141', 'F', 2154.14, '2016-12-22', 8),
(9, 'Pedro Lucas Novaes', '952.308.617-03', '+55 84 7500 1406', 'M', 6058.95, '1995-08-25', 9),
(10, 'Ana Laura Caldeira', '074.538.219-32', '+55 81 8904-9981', 'F', 6205.94, '2012-04-08', 10),
(11, 'Leonardo Farias', '936.718.240-69', '+55 11 4081 0707', 'F', 4049.67, '1969-01-13', 11),
(12, 'Dra. Elisa Cunha', '358.409.627-83', '(051) 5537 2586', 'M', 6504.06, '1983-03-20', 12),
(13, 'Sr. Luiz Felipe Oliveira', '706.493.518-00', '+55 (021) 7734-3284', 'F', 1817.55, '1976-01-15', 13),
(14, 'Júlia Gonçalves', '621.045.379-16', '21 6496 8772', 'F', 1839.66, '2006-02-23', 14),
(15, 'Dra. Eloah Ribeiro', '953.760.812-30', '+55 21 1632 5695', 'F', 6577.05, '1956-05-31', 15),
(16, 'Maysa da Conceição', '719.832.045-79', '+55 51 4708 8005', 'M', 7003.1, '1920-05-11', 16),
(17, 'Yuri Barbosa', '827.504.396-47', '0300 614 8316', 'F', 9573.57, '1985-09-02', 17),
(18, 'Noah Freitas', '130.452.987-88', '21 3693 2103', 'F', 3552.88, '1917-05-11', 18),
(19, 'Sophia Cavalcanti', '471.806.392-22', '81 0578 5584', 'M', 1900.8, '1918-01-07', 19),
(20, 'Isabelly Porto', '947.563.108-93', '41 1623-4022', 'M', 8665.87, '2012-12-26', 20),
(21, 'Dr. Levi Ramos', '451.630.927-07', '(051) 7704 2957', 'M', 6082.01, '1937-10-25', 21),
(22, 'Luiz Fernando Rodrigues', '683.052.194-70', '+55 (041) 4801 8576', 'F', 7341.67, '1995-04-20', 22),
(23, 'Sr. Bruno da Paz', '684.105.372-90', '41 0703 8716', 'F', 2526.1, '2011-10-14', 23),
(24, 'Sofia Cardoso', '642.503.187-53', '+55 71 8894 3058', 'F', 2789.12, '2015-01-10', 24),
(25, 'Ana Lívia da Rocha', '690.315.784-01', '84 9441-5356', 'F', 8535.29, '1943-03-11', 25),
(26, 'Dra. Heloísa Nascimento', '210.469.358-60', '+55 (031) 1791 3808', 'F', 5365.59, '2018-07-07', 26),
(27, 'Davi Rocha', '514.063.782-08', '41 9652 2437', 'M', 7710.64, '1922-07-14', 27),
(28, 'Dra. Sabrina Ramos', '247.385.901-97', '+55 84 8051-7858', 'M', 7314.24, '1918-11-30', 28),
(29, 'Clara Fernandes', '108.536.429-15', '+55 81 0695 4714', 'M', 7411.1, '1953-07-06', 29),
(30, 'Dra. Alice Melo', '647.890.152-11', '(084) 4605-3752', 'F', 9079.02, '1979-01-29', 30),
(31, 'Danilo Freitas', '792.654.310-16', '+55 (081) 2877 2976', 'F', 9240.24, '1975-05-05', 31),
(32, 'Lavínia Novaes', '192.843.760-50', '+55 (061) 0187 5592', 'M', 9175.2, '2017-10-22', 32),
(33, 'Maria Julia Ferreira', '058.612.349-06', '+55 (071) 7653 8588', 'M', 2679.04, '1908-10-06', 33),
(34, 'Luigi Campos', '548.736.192-46', '+55 (011) 4421 0494', 'M', 4780.75, '1972-01-27', 34),
(35, 'Otávio Lima', '879.153.406-20', '+55 (061) 3942-8361', 'F', 9788.03, '2021-04-03', 35),
(36, 'Dra. Marcela Gonçalves', '471.920.638-78', '21 8289-5642', 'F', 2250.23, '1946-06-17', 36),
(37, 'Luiz Henrique Dias', '217.935.084-88', '(051) 9746 4611', 'F', 9614.96, '2007-12-12', 37),
(38, 'Luiz Otávio Gonçalves', '085.742.396-74', '(021) 4755 1785', 'F', 8225.04, '1996-03-17', 38),
(39, 'Lorena da Rocha', '659.037.182-21', '+55 (051) 2917 7052', 'M', 2778.82, '1955-03-07', 39),
(40, 'João Guilherme Gonçalves', '452.816.937-19', '(084) 0538-3164', 'F', 3374.44, '2019-08-15', 40),
(41, 'André Ribeiro', '710.942.563-07', '(081) 1301-5313', 'F', 2036.78, '1951-10-22', 41),
(42, 'Alexia Cardoso', '517.264.038-07', '(071) 2189 5719', 'M', 3126.25, '1997-05-07', 42),
(43, 'Ana Luiza da Costa', '239.467.058-47', '61 2219-5413', 'M', 2141.83, '1989-11-01', 43),
(44, 'Maria Sophia Rezende', '027.148.359-88', '0300-132-3263', 'F', 8360.5, '1982-01-13', 44),
(45, 'Sra. Laura Silveira', '549.873.602-92', '(071) 9289-6286', 'F', 2122.48, '1947-11-29', 45),
(46, 'Maria Luiza Nogueira', '912.570.843-05', '+55 31 7646-0681', 'F', 6559.58, '1910-07-21', 46),
(47, 'João Gabriel das Neves', '642.135.807-17', '+55 61 8682-7571', 'F', 9638.77, '1946-11-13', 47),
(48, 'Ana Lívia Jesus', '514.309.862-98', '21 1338-3370', 'F', 1956.96, '1916-11-18', 48),
(49, 'Gabriela da Mata', '764.593.821-82', '+55 (011) 8110-6316', 'M', 3120.98, '1964-06-09', 49),
(50, 'Luigi Moreira', '492.561.807-58', '+55 41 5382-6228', 'M', 5845.98, '1991-01-16', 50),
(51, 'Stephany Mendes', '471.208.593-23', '+55 (031) 1505 5913', 'M', 4864.05, '1921-12-31', 51),
(52, 'Sra. Mariane da Costa', '716.423.508-26', '+55 (051) 6291-8869', 'F', 2583.01, '1992-03-15', 52),
(53, 'Daniela Pires', '063.427.598-47', '(011) 0264 8967', 'F', 9817.66, '1979-07-17', 53),
(54, 'Lara Gonçalves', '496.051.783-20', '31 4770-7551', 'M', 2097.53, '1927-02-10', 54),
(55, 'Brenda Sales', '750.368.214-08', '61 1407 0460', 'M', 7523.16, '1983-06-03', 55),
(56, 'Luiz Otávio Rezende', '271.469.853-00', '71 3337 9283', 'F', 6240.38, '1994-05-21', 56),
(57, 'Lucas Gabriel Correia', '953.802.714-05', '+55 (041) 9847-6934', 'M', 7153.81, '2020-05-20', 57),
(58, 'Letícia Moraes', '681.759.234-82', '+55 (041) 1580-8730', 'M', 4792.61, '1966-07-17', 58),
(59, 'Srta. Carolina da Luz', '289.473.061-69', '+55 51 5707 6741', 'F', 7339.97, '1922-04-30', 59),
(60, 'Paulo da Cunha', '769.028.413-22', '(084) 3235 7595', 'M', 7155.93, '1956-05-03', 60),
(61, 'Bárbara Jesus', '915.786.320-21', '+55 11 8667-2309', 'M', 4958.05, '1918-11-05', 61),
(62, 'Marcos Vinicius Gonçalves', '730.862.541-90', '0900-683-2025', 'F', 8268.6, '1979-06-23', 62),
(63, 'Sr. João Gabriel Moraes', '283.514.697-00', '21 2084-5180', 'M', 8935.42, '2015-07-07', 63),
(64, 'Gabriel Moreira', '321.675.908-30', '0500 850 0379', 'F', 2450.33, '1991-02-23', 64),
(65, 'Igor Souza', '639.240.817-78', '+55 11 0602 5923', 'M', 2657.6, '1990-05-19', 65),
(66, 'Thomas Ramos', '781.652.490-02', '61 3254 6826', 'F', 5845.57, '1980-09-24', 66),
(67, 'Matheus Oliveira', '823.709.615-03', '+55 11 7444 4701', 'M', 3122.58, '1913-08-09', 67),
(68, 'Caroline Jesus', '934.781.025-88', '+55 (011) 3245 8823', 'M', 9426.8, '1949-07-02', 68),
(69, 'Melissa Viana', '769.801.432-04', '+55 71 9810 4363', 'F', 4515.05, '1966-01-11', 69),
(70, 'Melissa Porto', '983.461.725-91', '+55 31 0861-7616', 'F', 8040.39, '1967-06-18', 70),
(71, 'Nina Correia', '086.139.274-40', '0500-207-1495', 'F', 9740.44, '1945-06-17', 71),
(72, 'Sophia das Neves', '732.089.541-23', '11 1935-0760', 'F', 9768.06, '1922-12-08', 72),
(73, 'Mariana da Mata', '648.172.905-01', '+55 (081) 8577-7390', 'M', 3220.64, '1947-10-22', 73),
(74, 'Luiza Monteiro', '623.485.901-15', '31 9227 6360', 'M', 9401.56, '1999-12-14', 74),
(75, 'Enrico Cunha', '273.985.106-59', '+55 (051) 7148-6085', 'F', 1770.41, '1930-09-25', 75),
(76, 'Isadora Peixoto', '954.762.138-64', '+55 31 6036-0823', 'M', 8981.14, '1995-10-05', 76),
(77, 'Sr. Pietro da Luz', '248.651.937-82', '(084) 8925-3252', 'F', 2024.02, '1953-03-19', 77),
(78, 'Pedro Lucas Souza', '583.901.476-10', '(051) 2082 2751', 'F', 2591.15, '1958-05-21', 78),
(79, 'João Pedro Nogueira', '983.456.710-39', '+55 (031) 5581-7501', 'F', 2012.24, '2022-10-11', 79),
(80, 'Enzo Rocha', '170.269.385-68', '+55 21 1883 4570', 'M', 9619.61, '2008-03-18', 80),
(81, 'Otávio Rodrigues', '796.584.301-39', '71 0034-4987', 'M', 9367.23, '2022-10-26', 81),
(82, 'Dra. Isadora Peixoto', '816.093.754-75', '+55 61 5517-1444', 'M', 3611.87, '1934-07-29', 82),
(83, 'Dr. Paulo Fogaça', '564.398.217-09', '61 7111 5930', 'F', 4581.55, '1983-02-16', 83),
(84, 'Noah Monteiro', '824.139.607-40', '84 0048 5306', 'F', 2610.71, '1910-12-18', 84),
(85, 'Sra. Clarice Monteiro', '378.429.165-19', '(031) 9241 8921', 'F', 3791.7, '1975-12-18', 85),
(86, 'Agatha Santos', '641.872.093-87', '0500 958 7169', 'F', 4639.26, '1961-12-22', 86),
(87, 'Otávio Ferreira', '459.706.812-02', '+55 21 1151 5716', 'M', 5752.82, '1927-07-26', 87),
(88, 'Davi Lucca Moraes', '196.527.380-77', '+55 81 1159 6062', 'F', 8456.51, '1964-11-02', 88),
(89, 'Levi Gomes', '879.314.620-50', '+55 61 4767 2000', 'M', 3272.47, '2014-03-29', 89),
(90, 'Dr. Lucca Duarte', '064.183.592-24', '51 1489 7199', 'M', 8795.25, '1991-07-25', 90),
(91, 'Luana Porto', '908.624.137-96', '0500-553-4472', 'F', 9891.89, '1945-06-02', 91),
(92, 'Gabriela Ferreira', '407.856.312-08', '11 9552-1740', 'F', 6423.07, '1989-02-22', 92),
(93, 'João Miguel da Cunha', '728.630.419-40', '+55 (011) 5628-5802', 'M', 5604.95, '1977-08-19', 93),
(94, 'Alícia Melo', '962.017.385-68', '+55 41 7885-7563', 'F', 6763.99, '1955-01-20', 94),
(95, 'Amanda Moura', '754.196.238-46', '+55 (011) 4754 2979', 'F', 5276.82, '2009-07-30', 95),
(96, 'Breno Pereira', '420.587.196-11', '+55 31 6475 5068', 'F', 5089.35, '1948-02-04', 96),
(97, 'Nina Moura', '952.374.861-00', '+55 (021) 6008-3444', 'F', 9937.57, '1985-10-24', 97),
(98, 'Bárbara Ferreira', '305.126.897-68', '71 4410-2930', 'M', 2353.13, '1932-11-06', 98),
(99, 'Dra. Giovanna Moura', '829.037.146-22', '0500 455 1737', 'F', 9907.66, '1987-01-14', 99),
(100, 'Luiz Miguel Freitas', '875.310.426-90', '61 2453-3390', 'M', 7639.04, '1938-12-26', 100),
(101, 'Luiza Moraes', '213.078.546-80', '+55 84 6569-6719', 'F', 6694.18, '1976-12-22', 101),
(102, 'Lorena Martins', '498.162.503-06', '+55 (021) 9911 5672', 'M', 6835.05, '1922-03-17', 102),
(103, 'Vitor Gabriel Rezende', '354.106.928-70', '0900-445-6014', 'F', 9230.75, '2007-12-05', 103),
(104, 'Gabrielly Sales', '935.861.702-03', '21 4265-6640', 'M', 5779.68, '1952-09-29', 104),
(105, 'Luna Moreira', '708.624.931-96', '0800-450-2965', 'F', 2214.91, '2009-03-31', 105),
(106, 'Stella Silva', '257.149.083-41', '(051) 2020 5960', 'F', 5718.5, '2021-05-22', 106),
(107, 'Elisa Lopes', '468.137.925-55', '+55 (071) 5612 8869', 'M', 8206.28, '1911-06-08', 107),
(108, 'Vitor Hugo Porto', '651.389.240-60', '(011) 2771-2741', 'M', 4112.77, '1924-10-26', 108),
(109, 'Laura Monteiro', '469.523.870-56', '(051) 0742 6798', 'F', 9747.97, '1927-08-09', 109),
(110, 'Caio Sales', '498.371.260-78', '+55 (071) 7233-7459', 'M', 4359.51, '1989-05-04', 110),
(111, 'Srta. Mariane da Cunha', '038.796.215-86', '+55 31 4558 7318', 'F', 9122.48, '1947-10-19', 111),
(112, 'Paulo das Neves', '708.615.423-71', '+55 61 8280 3815', 'F', 9451.5, '1951-04-10', 112),
(113, 'Caio Mendes', '021.684.397-96', '+55 (061) 7632-1621', 'F', 5774.12, '2004-01-14', 113),
(114, 'Amanda Porto', '340.912.756-99', '+55 (084) 6069-3280', 'F', 9164.41, '1935-06-28', 114),
(115, 'Amanda da Costa', '490.315.768-75', '(041) 8001 1523', 'F', 5036.79, '1918-02-22', 115),
(116, 'Gabrielly Gonçalves', '231.406.789-40', '+55 (071) 5240-3673', 'F', 3075.9, '1955-04-24', 116),
(117, 'Sabrina da Conceição', '307.946.125-80', '(011) 1179 6081', 'M', 5915.23, '1937-07-02', 117),
(118, 'Giovanna Moreira', '649.208.713-50', '61 9237-1947', 'F', 2613.27, '1930-04-03', 118),
(119, 'Maria Eduarda da Costa', '389.476.502-00', '0300-692-0297', 'F', 4237.87, '1927-09-25', 119),
(120, 'Vitor Gabriel da Mota', '652.817.039-86', '0500 419 1450', 'F', 8841.45, '1923-08-20', 120),
(121, 'Maria Alice Pereira', '870.361.459-00', '31 2043-1873', 'M', 2965.74, '1908-05-07', 121),
(122, 'Alana Costa', '431.895.026-33', '(021) 8907-8202', 'F', 8150.73, '1932-04-04', 122),
(123, 'Luiz Miguel Rocha', '186.542.307-62', '(051) 2489-8618', 'M', 9771.52, '1918-03-25', 123),
(124, 'Calebe Gomes', '628.719.403-04', '0300 187 0732', 'M', 9349.97, '1961-06-07', 124),
(125, 'Samuel Duarte', '963.478.215-91', '(011) 4606 3317', 'F', 4675.17, '2015-08-31', 125),
(126, 'Agatha Azevedo', '528.409.176-02', '+55 84 6195-5663', 'M', 7730.61, '1913-05-10', 126),
(127, 'Alícia Pinto', '236.541.807-44', '+55 61 5502 2186', 'M', 9251.96, '1995-01-03', 127),
(128, 'Antônio Nunes', '205.739.416-61', '(061) 8531-9635', 'M', 5292.24, '1966-12-25', 128),
(129, 'Sophia Pires', '065.791.342-16', '+55 (081) 6198-7026', 'F', 2615.37, '1954-03-21', 129),
(130, 'Davi Dias', '154.063.782-44', '+55 (041) 6896 0190', 'F', 3205.92, '2003-09-06', 130),
(131, 'Davi Luiz da Conceição', '913.748.650-01', '81 4508-1607', 'F', 6985.6, '1968-09-22', 131),
(132, 'Maria Julia Ferreira', '170.826.935-59', '11 9325-9506', 'M', 9375.51, '1922-05-28', 132),
(133, 'Sra. Agatha Rodrigues', '740.619.528-11', '21 3267-8545', 'M', 2319.68, '1967-01-05', 133),
(134, 'Sra. Lara Silveira', '314.780.925-05', '0300-851-5012', 'M', 3441.23, '1963-11-27', 134),
(135, 'Vitor Gabriel Monteiro', '396.180.725-68', '71 3739 3268', 'M', 4584.52, '2022-01-08', 135),
(136, 'Mariana das Neves', '801.734.259-41', '0500-736-2221', 'M', 2145.66, '1970-03-30', 136),
(137, 'Larissa Farias', '874.321.905-50', '(071) 3047 4099', 'M', 1621.96, '2015-08-13', 137),
(138, 'Ana Julia Alves', '685.249.137-46', '+55 (031) 4889-2586', 'F', 6381.71, '1964-07-07', 138),
(139, 'Clara Moraes', '706.391.248-87', '+55 (051) 8290 0850', 'M', 8812.44, '1928-02-16', 139),
(140, 'Amanda da Luz', '927.046.538-10', '0300-753-1684', 'M', 8728.01, '1927-04-21', 140),
(141, 'Dr. Luiz Otávio da Cruz', '456.293.810-24', '+55 (084) 1396-2464', 'M', 9474.64, '1945-03-10', 141),
(142, 'Paulo Costa', '916.285.734-73', '(051) 3113 5129', 'F', 7451.78, '1982-10-18', 142),
(143, 'Caio Azevedo', '602.784.593-74', '(051) 0336 4522', 'M', 4121, '1977-08-26', 143),
(144, 'Arthur Ramos', '154.938.670-01', '+55 61 1356 5928', 'M', 2215.75, '1926-10-25', 144),
(145, 'Dr. Renan Mendes', '497.361.825-09', '21 1761 6962', 'M', 9388.06, '1971-05-15', 145),
(146, 'Thomas Almeida', '643.517.980-84', '+55 41 8086-6067', 'F', 9630.41, '1995-11-12', 146),
(147, 'Isabel da Luz', '257.648.091-85', '11 6672 4730', 'F', 3734.72, '1987-04-04', 147),
(148, 'Ana Farias', '257.049.163-25', '(041) 4091 6872', 'F', 3101.11, '1974-01-16', 148),
(149, 'Cecília Azevedo', '453.198.260-60', '+55 (011) 4314-9731', 'F', 5735.12, '1980-12-16', 149),
(150, 'André Cardoso', '704.935.821-50', '(011) 8886-3270', 'F', 2914.43, '1922-10-21', 150),
(151, 'Evelyn Souza', '891.203.654-89', '0300-042-4130', 'M', 7056.87, '1995-08-13', 151),
(152, 'Amanda Sales', '793.648.201-69', '+55 (051) 4244 6394', 'M', 9961.46, '1974-05-05', 152),
(153, 'Bruno da Rosa', '421.769.508-01', '+55 31 2594-7489', 'F', 5569.48, '1938-04-10', 153),
(154, 'Ana Vitória Pinto', '896.704.532-83', '21 4926-8521', 'M', 4450.19, '1950-11-14', 154),
(155, 'Daniel da Cunha', '047.891.362-13', '21 1752-0915', 'F', 9910.66, '1976-05-17', 155),
(156, 'Heitor Oliveira', '725.139.806-03', '+55 81 4174 2968', 'M', 6405.1, '1971-08-04', 156),
(157, 'Murilo Lima', '942.381.076-40', '+55 61 6959 2195', 'F', 9659.97, '1965-09-16', 157),
(158, 'João Miguel Pires', '653.127.498-00', '+55 81 7836-7326', 'M', 8825.41, '2022-02-19', 158),
(159, 'Pietra Pereira', '186.930.527-21', '(021) 2981-2359', 'M', 9790.36, '1965-03-20', 159),
(160, 'Giovanna Souza', '510.276.843-35', '+55 (061) 5798-9891', 'M', 3636.16, '1976-10-21', NULL),
(161, 'Clarice Jesus', '986.507.241-67', '51 2766 6091', 'M', 3124.51, '1941-11-03', NULL),
(162, 'Bryan Dias', '796.203.184-04', '11 4541 9574', 'M', 1600.56, '1989-07-29', NULL),
(163, 'Srta. Ana Sophia Campos', '385.079.162-95', '+55 31 9214-0748', 'F', 3438.38, '1922-04-16', NULL),
(164, 'Sr. Raul Novaes', '961.438.270-87', '11 6981-1010', 'F', 5590.18, '1915-02-18', NULL),
(165, 'Maria Vitória Rezende', '150.649.782-94', '(031) 6784 8642', 'F', 2289.72, '1962-01-09', NULL),
(166, 'Dra. Bruna Nunes', '764.189.230-22', '+55 (041) 3310 6506', 'F', 8111.22, '2001-10-28', NULL),
(167, 'Vitória Ramos', '375.842.016-44', '51 9123 0619', 'F', 8696.65, '1965-01-09', NULL),
(168, 'Gabriel das Neves', '209.187.365-95', '+55 (021) 1033 1914', 'F', 9184.63, '2008-04-17', NULL),
(169, 'Caio Sales', '508.274.631-62', '+55 (071) 8977-1053', 'M', 2386.04, '1948-01-06', NULL),
(170, 'Dr. Cauã Cunha', '107.546.298-30', '+55 (031) 7529 0649', 'F', 7713.5, '1971-10-21', NULL),
(171, 'Nina da Rocha', '371.602.589-59', '+55 (011) 6700 2078', 'F', 4527.69, '1959-02-22', NULL),
(172, 'Agatha Castro', '705.134.869-84', '81 6396 4645', 'F', 7361.81, '1913-09-07', NULL),
(173, 'Yago Pereira', '180.476.329-22', '+55 21 7270 5846', 'F', 7514.07, '1927-03-10', NULL),
(174, 'Enzo Cunha', '384.795.021-50', '+55 (061) 5568-8653', 'M', 6557.71, '1973-01-16', NULL),
(175, 'Emanuella Dias', '203.841.567-62', '51 4939 0901', 'F', 7450.32, '1916-09-28', NULL),
(176, 'Dr. Miguel Correia', '702.845.361-80', '+55 (051) 8236-8029', 'F', 8569.64, '1934-12-15', NULL),
(177, 'Sr. Nicolas Rezende', '869.321.740-22', '(061) 0647-7681', 'F', 3025.6, '1929-01-03', NULL),
(178, 'Thales Aragão', '157.643.829-55', '(061) 5923 1358', 'F', 7421.32, '2018-07-08', NULL),
(179, 'Davi Lucas da Cruz', '456.098.723-83', '+55 (031) 9347-8787', 'M', 8756.42, '1931-03-07', NULL),
(180, 'Felipe Pereira', '620.497.581-11', '+55 61 3525 7630', 'M', 8612.36, '1990-09-26', NULL),
(181, 'Valentina Sales', '267.451.930-43', '+55 (081) 8808-9768', 'M', 3364.79, '2007-12-08', NULL),
(182, 'Joaquim Caldeira', '218.495.370-97', '+55 (051) 9669-4885', 'F', 2954.29, '2020-07-19', NULL),
(183, 'Fernanda Nascimento', '609.835.174-01', '+55 (021) 5698 8510', 'F', 8713.07, '1909-08-22', NULL),
(184, 'Gustavo Henrique da Rosa', '814.709.623-22', '+55 (031) 7290 9123', 'F', 5704.76, '2013-03-16', NULL),
(185, 'Lavínia Sales', '206.935.781-30', '61 2192-7326', 'M', 7783.02, '1962-11-28', NULL),
(186, 'Daniel Cavalcanti', '356.281.790-86', '+55 (031) 9396 2064', 'M', 7622.27, '1920-11-14', NULL),
(187, 'Samuel Rocha', '748.192.036-22', '+55 11 7295 4380', 'M', 4817.22, '1982-03-14', NULL),
(188, 'Bruno Santos', '946.852.370-56', '(011) 1188-8896', 'F', 4515.03, '1924-03-10', NULL),
(189, 'João Monteiro', '235.806.749-00', '(011) 2212-1796', 'M', 2117.6, '1926-07-24', NULL),
(190, 'Gabrielly Barros', '731.658.029-12', '+55 (084) 8979 0447', 'M', 4484.91, '1950-01-01', NULL),
(191, 'Isabella Barbosa', '167.948.052-94', '+55 (021) 6001-6254', 'F', 2627.58, '1940-01-15', NULL),
(192, 'Ana Lívia Jesus', '782.560.194-76', '0300 669 9353', 'F', 4119.66, '1990-12-01', NULL),
(193, 'Lara Carvalho', '340.287.165-35', '(061) 4736-4796', 'M', 8669.63, '1988-02-05', NULL),
(194, 'Marina Gonçalves', '563.014.982-24', '(071) 5820 7706', 'M', 9086.31, '1996-01-06', NULL),
(195, 'Amanda da Costa', '903.265.471-34', '+55 (081) 8596 7456', 'M', 2104.22, '1983-10-11', NULL),
(196, 'Benício Nogueira', '627.408.139-96', '+55 61 4585-6547', 'F', 7037.71, '1950-08-03', NULL),
(197, 'Benício Cardoso', '762.138.045-44', '+55 (041) 1822-5110', 'M', 7161.19, '1925-09-04', NULL),
(198, 'Dra. Ana Sophia Gonçalves', '472.953.106-06', '+55 (081) 3107 9093', 'F', 7624.24, '2009-06-14', NULL),
(199, 'Isaac da Rocha', '841.369.025-06', '+55 41 1899 3212', 'M', 7883.29, '1936-10-14', NULL),
(200, 'Sr. Pedro Lucas Cunha', '507.329.841-14', '+55 41 0030 4250', 'M', 8204.16, '1997-03-31', NULL);

-- --------------------------------------------------------

--
-- Estrutura da tabela `parentes`
--

CREATE TABLE `parentes` (
  `idparente` int(11) UNSIGNED NOT NULL,
  `nome` varchar(18) DEFAULT NULL,
  `sexo` varchar(1) DEFAULT NULL,
  `cpf` bigint(20) DEFAULT NULL,
  `datanascimento` datetime DEFAULT NULL,
  `idmorador` int(11) DEFAULT NULL
) ENGINE=InnoDB DEFAULT CHARSET=utf8;

--
-- Extraindo dados da tabela `parentes`
--

INSERT INTO `parentes` (`idparente`, `nome`, `sexo`, `cpf`, `datanascimento`, `idmorador`) VALUES
(1, 'Santiago Silva', 'M', 42884533995, '1999-12-27 00:00:00', 47),
(2, 'Francisca Santos', 'F', 64352419547, '1981-02-16 00:00:00', 36),
(3, 'João Costa', 'M', 30513314039, '2000-09-23 00:00:00', 37),
(4, 'Afonso Souza', 'M', 94692192448, '1988-03-14 00:00:00', 78),
(5, 'Rodrigo Leal', 'M', 41201077707, '1992-01-02 00:00:00', 119),
(6, 'Martim Santanna', 'M', 17012788119, '1983-10-15 00:00:00', 41),
(7, 'Tomás Rêgo', 'M', 39240408096, '1990-07-21 00:00:00', 7),
(8, 'Duarte Freitas', 'M', 57986914847, '1986-01-19 00:00:00', 71),
(9, 'Miguel Leão', 'M', 31802421668, '1989-06-11 00:00:00', 12),
(10, 'Gabriela Lopes', 'F', 53551539974, '1983-12-04 00:00:00', 8),
(11, 'Lourenço Pinto', 'M', 26107282118, '1997-12-06 00:00:00', 5),
(12, 'Gonçalo Bahia', 'M', 58677291238, '1990-01-13 00:00:00', 157),
(13, 'Denise Sá', 'F', 58622153603, '1987-09-18 00:00:00', 132),
(14, 'Guilherme Diniz', 'M', 90744107477, '1982-07-12 00:00:00', 28),
(15, 'Pedro Vitória', 'M', 58828634043, '1992-09-15 00:00:00', 64),
(16, 'Salvador Duarte', 'M', 98433604669, '1997-05-03 00:00:00', 75),
(17, 'Rafaela Lima', 'F', 31794873127, '1980-10-27 00:00:00', 21),
(18, 'Lucas Dias', 'M', 78264598701, '1986-05-12 00:00:00', 40),
(19, 'Tiago Teles', 'M', 33256035894, '1990-06-14 00:00:00', 138),
(20, 'Gustavo Silveira', 'M', 94522897137, '1983-08-26 00:00:00', 89),
(21, 'Diogo Mendes', 'M', 97857782636, '1993-03-28 00:00:00', 32),
(22, 'Vicente Luz', 'M', 48841434593, '1996-09-25 00:00:00', 50),
(23, 'José Veloso', 'M', 26864322623, '1997-10-26 00:00:00', 153),
(24, 'David Buarque', 'M', 17301864398, '1989-10-02 00:00:00', 136),
(25, 'Mateus Dória', 'M', 35639502420, '1996-11-17 00:00:00', 58),
(26, 'Simão Gomes', 'M', 26133276780, '1985-08-13 00:00:00', 43),
(27, 'Antónia Batista', 'F', 75507778394, '1981-09-14 00:00:00', 41),
(28, 'Diego de Jesus', 'M', 99062220436, '1981-10-21 00:00:00', 75),
(29, 'Manuela de Souza', 'F', 44011596367, '1981-06-01 00:00:00', 94),
(30, 'Henrique Da Costa', 'M', 51664003037, '1980-12-24 00:00:00', 81),
(31, 'Daniela Oliveira', 'F', 33585322967, '1984-02-28 00:00:00', 124),
(32, 'Vasco Franco', 'M', 29046316472, '1992-09-27 00:00:00', 58),
(33, 'Bernardo Monteiro', 'M', 80176505633, '1992-12-08 00:00:00', 77),
(34, 'Enzo Varela', 'M', 80670801430, '1982-01-11 00:00:00', 52),
(35, 'André Rimenez', 'M', 30937478093, '1993-02-28 00:00:00', 26),
(36, 'Leonardo de Souza', 'M', 76172601061, '1997-10-14 00:00:00', 132),
(37, 'Luísa Da Costa', 'F', 83420369899, '1999-11-19 00:00:00', 104),
(38, 'Isaac Oliveira', 'M', 21169467451, '2000-02-04 00:00:00', 122),
(39, 'Eduarda Franco', 'F', 43662792329, '1996-06-21 00:00:00', 136),
(40, 'Alexandra Monteiro', 'F', 29131778496, '1991-05-01 00:00:00', 157),
(41, 'Kevin Varela', 'M', 37108521480, '1991-08-08 00:00:00', 53),
(42, 'Matias Rimenez', 'M', 21620766612, '1984-11-10 00:00:00', 115),
(43, 'Leandro de Souza', 'M', 48426225298, '2000-02-07 00:00:00', 95),
(44, 'Filipe Da Costa', 'M', 17360375923, '1998-10-26 00:00:00', 130),
(45, 'Xavier Silva', 'M', 13819867155, '1992-11-04 00:00:00', 45),
(46, 'Rúben Santos', 'M', 44790347453, '1987-12-03 00:00:00', 153),
(47, 'Samuel Costa', 'M', 54015704100, '1992-12-06 00:00:00', 152),
(48, 'Ricarda Souza', 'F', 88746382381, '1989-07-28 00:00:00', 140),
(49, 'Artur Leal', 'M', 81657889732, '1981-03-24 00:00:00', 84),
(50, 'Valentina Santanna', 'F', 62129008818, '1980-04-06 00:00:00', 160),
(51, 'Frederico Rêgo', 'M', 76357500895, '1980-08-28 00:00:00', 66),
(52, 'Lorenzo Freitas', 'M', 99550595202, '1998-03-02 00:00:00', 9),
(53, 'Bryan Leão', 'M', 82848248654, '1987-06-05 00:00:00', 7),
(54, 'Bruna Lopes', 'F', 25454556536, '1999-09-10 00:00:00', 9),
(55, 'Nuno Pinto', 'M', 70860451723, '1980-11-13 00:00:00', 20),
(56, 'Benjamim Bahia', 'M', 78665075655, '1999-02-18 00:00:00', 76),
(57, 'Carlos Sá', 'M', 25010553012, '1991-06-02 00:00:00', 160),
(58, 'Sebastiana Diniz', 'F', 38350955161, '1989-10-17 00:00:00', 90),
(59, 'Rui Vitória', 'M', 48213765557, '1997-03-04 00:00:00', 130),
(60, 'Davi Duarte', 'M', 49673005150, '1989-09-19 00:00:00', 58),
(61, 'Hugo Lima', 'M', 82164156337, '1985-01-20 00:00:00', 60),
(62, 'Noah Dias', 'M', 14605108963, '1994-06-18 00:00:00', 126),
(63, 'Joaquim Teles', 'M', 71116585547, '1993-07-02 00:00:00', 129),
(64, 'Maria Silveira', 'F', 51042071250, '2000-08-12 00:00:00', 106),
(65, 'Tomé Mendes', 'M', 37747720052, '1989-02-01 00:00:00', 142),
(66, 'Fábio Luz', 'M', 15894387917, '2000-04-13 00:00:00', 74),
(67, 'Paula Veloso', 'F', 35993019703, '1996-07-17 00:00:00', 103),
(68, 'Manela Buarque', 'F', 51807033634, '1999-09-22 00:00:00', 132),
(69, 'Renata Dória', 'F', 99321361415, '1998-04-05 00:00:00', 29),
(70, 'Jorge Gomes', 'M', 13989680120, '1997-12-05 00:00:00', 71),
(71, 'Jaime Batista', 'M', 89219826344, '1990-04-23 00:00:00', 104),
(72, 'Marco de Jesus', 'M', 11675866653, '1982-05-12 00:00:00', 150),
(73, 'Ângela de Souza', 'F', 45761638219, '1994-09-17 00:00:00', 118),
(74, 'Micaela Da Costa', 'F', 17256506752, '1999-09-14 00:00:00', 136),
(75, 'Liam Oliveira', 'M', 48959154590, '1982-04-12 00:00:00', 9),
(76, 'Ivan Franco', 'M', 45689756488, '1984-09-15 00:00:00', 115),
(77, 'Matheus Monteiro', 'M', 74235374575, '1986-09-25 00:00:00', 66),
(78, 'William Varela', 'M', 20652013232, '2000-10-02 00:00:00', 147),
(79, 'Gaspar Rimenez', 'M', 62405876181, '1987-06-11 00:00:00', 54),
(80, 'Cristiane de Souza', 'F', 63998772572, '1992-08-02 00:00:00', 148),
(81, 'Luca Da Costa', 'M', 82622637663, '1985-08-11 00:00:00', 99),
(82, 'Jonathan Oliveira', 'M', 46480064625, '2000-02-22 00:00:00', 52),
(83, 'Sérgio Franco', 'M', 46126441447, '1990-07-14 00:00:00', 120),
(84, 'Gil Monteiro', 'M', 45090513317, '1982-07-28 00:00:00', 123),
(85, 'Ivana Varela', 'F', 17091110899, '2000-12-11 00:00:00', 97),
(86, 'Brian Rimenez', 'M', 72035260446, '1990-08-26 00:00:00', 113),
(87, 'Arthur de Souza', 'M', 98378468833, '1982-05-19 00:00:00', 114),
(88, 'Christian Da Costa', 'M', 17987493255, '1990-04-17 00:00:00', 70),
(89, 'Vitória Silva', 'F', 85117914529, '1992-10-14 00:00:00', 8),
(90, 'Yuri Santos', 'M', 79805109837, '1996-12-09 00:00:00', 148),
(91, 'Fernanda Costa', 'F', 52333448623, '2000-08-13 00:00:00', 76),
(92, 'Dilan Souza', 'M', 89738700340, '2000-06-11 00:00:00', 97),
(93, 'Romeu Leal', 'M', 79318353944, '2000-09-13 00:00:00', 97),
(94, 'Cássia Santanna', 'F', 77429114148, '1980-08-07 00:00:00', 34),
(95, 'Isac Rêgo', 'M', 47335798782, '1981-10-18 00:00:00', 37),
(96, 'Emanuela Freitas', 'F', 15350214445, '1994-09-27 00:00:00', 81),
(97, 'Sandra Leão', 'F', 69134667156, '1987-11-07 00:00:00', 134),
(98, 'Igor Lopes', 'M', 15818610924, '1987-01-08 00:00:00', 109),
(99, 'Moisés Pinto', 'M', 88453617948, '1991-12-08 00:00:00', 141),
(100, 'Mauro Bahia', 'M', 37415176270, '1996-11-16 00:00:00', 60),
(101, 'César Sá', 'M', 91449806010, '1988-12-08 00:00:00', 33),
(102, 'Jose Diniz', 'F', 98764039238, '1992-10-12 00:00:00', 146),
(103, 'Edgar Vitória', 'M', 67686633385, '1984-09-09 00:00:00', 149),
(104, 'Elisandra Duarte', 'F', 42053723287, '1987-08-27 00:00:00', 146),
(105, 'Victor Lima', 'M', 79339533284, '1997-07-22 00:00:00', 124),
(106, 'Joel Dias', 'M', 45681697446, '1993-01-09 00:00:00', 23),
(107, 'Alexa Teles', 'F', 39405880700, '1993-07-08 00:00:00', 60),
(108, 'Telma Silveira', 'F', 23715170621, '1998-02-17 00:00:00', 71),
(109, 'Denise Mendes', 'F', 56890787566, '1986-02-24 00:00:00', 14),
(110, 'Marcela Luz', 'F', 70452596724, '1994-07-11 00:00:00', 18),
(111, 'Adrien Veloso', 'M', 60907921040, '1994-11-19 00:00:00', 48),
(112, 'Álvaro Buarque', 'M', 46237432568, '1996-12-06 00:00:00', 24),
(113, 'Dylan Dória', 'M', 87789347274, '1993-02-22 00:00:00', 136),
(114, 'Raúl Gomes', 'M', 97362512176, '1996-12-26 00:00:00', 126),
(115, 'Muhammad Batista', 'M', 81407019593, '1993-01-13 00:00:00', 64),
(116, 'Nelson de Jesus', 'M', 44155719703, '1983-10-10 00:00:00', 102),
(117, 'Dário de Souza', 'M', 58003904239, '1983-06-01 00:00:00', 156),
(118, 'Oliver Da Costa', 'M', 29461228531, '1995-02-16 00:00:00', 156),
(119, 'Thiago Oliveira', 'M', 83373003905, '1993-01-04 00:00:00', 149),
(120, 'Ismaela Franco', 'F', 31485646680, '1980-06-19 00:00:00', 118),
(121, 'Márcia Monteiro', 'F', 20921979558, '1990-06-25 00:00:00', 144),
(122, 'Iana Varela', 'F', 72129417003, '1984-01-11 00:00:00', 43),
(123, 'Lisandra Rimenez', 'M', 54063376137, '2000-01-02 00:00:00', 102),
(124, 'Erik de Souza', 'M', 13414837139, '1982-06-15 00:00:00', 62),
(125, 'Cláudio Da Costa', 'M', 44933917093, '1999-10-21 00:00:00', 5),
(126, 'Heitor Oliveira', 'M', 53510457149, '1980-03-04 00:00:00', 158),
(127, 'Martinha Franco', 'F', 56512509982, '1993-07-24 00:00:00', 132),
(128, 'Leo Monteiro', 'M', 47133761164, '1989-03-14 00:00:00', 28),
(129, 'Jonas Varela', 'M', 55406266647, '1982-12-28 00:00:00', 61),
(130, 'Wilson Rimenez', 'M', 48867477393, '1986-06-04 00:00:00', 62),
(131, 'Júlia de Souza', 'F', 20328397133, '1980-03-23 00:00:00', 127),
(132, 'Caetano Da Costa', 'M', 44639291698, '1999-07-11 00:00:00', 130),
(133, 'Benjamin Silva', 'M', 29012917509, '1985-06-18 00:00:00', 105),
(134, 'Adriano Santos', 'M', 39537686899, '1999-12-12 00:00:00', 137),
(135, 'Raphaela Costa', 'F', 36960854767, '1986-12-24 00:00:00', 47),
(136, 'Augusto Souza', 'M', 92511329547, '1996-03-03 00:00:00', 146),
(137, 'Martinha Leal', 'F', 95551731879, '1990-07-03 00:00:00', 107),
(138, 'Marcos Santanna', 'M', 70596755836, '1980-08-13 00:00:00', 98),
(139, 'Erica Rêgo', 'F', 86321885559, '1999-12-08 00:00:00', 7),
(140, 'Flávia Freitas', 'F', 93772088110, '1989-07-22 00:00:00', 61),
(141, 'Mikael Leão', 'M', 59404852412, '1990-06-20 00:00:00', 122),
(142, 'Erick Lopes', 'M', 35464030842, '1989-05-21 00:00:00', 109),
(143, 'Jason Pinto', 'M', 42384096534, '1998-03-21 00:00:00', 15),
(144, 'James Bahia', 'M', 58375265473, '1993-06-12 00:00:00', 71),
(145, 'Danilo Sá', 'M', 12433304051, '1999-12-14 00:00:00', 149),
(146, 'Tália Diniz', 'F', 47112604137, '1994-11-24 00:00:00', 51),
(147, 'Levi Vitória', 'M', 25768342039, '1990-09-01 00:00:00', 126),
(148, 'Martha Duarte', 'F', 76432401181, '1986-09-24 00:00:00', 159),
(149, 'Kelvin Lima', 'M', 33144533060, '2000-12-25 00:00:00', 95),
(150, 'Nicolas Dias', 'M', 58880455815, '1984-11-22 00:00:00', 160),
(151, 'Sebastiana Teles', 'F', 35708582917, '1983-08-02 00:00:00', 31),
(152, 'Cauã Silveira', 'M', 16559963502, '1985-08-06 00:00:00', 157),
(153, 'Thomas Mendes', 'M', 19572598426, '1985-11-27 00:00:00', 50),
(154, 'Isaque Luz', 'M', 19413222052, '1982-01-01 00:00:00', 101),
(155, 'Mikaela Veloso', 'F', 70408504297, '1990-10-08 00:00:00', 33),
(156, 'Alberto Buarque', 'M', 89684709299, '1986-03-07 00:00:00', 20),
(157, 'Israel Dória', 'M', 93484129562, '1988-10-25 00:00:00', 4),
(158, 'Edson Gomes', 'M', 99932453138, '1988-09-07 00:00:00', 116),
(159, 'Luana Batista', 'F', 94399401745, '1987-11-11 00:00:00', 90),
(160, 'Lukas de Jesus', 'M', 59719670597, '1988-06-08 00:00:00', 100),
(161, 'Mark de Souza', 'M', 38806134725, '1988-11-22 00:00:00', 72),
(162, 'Ruben Da Costa', 'M', 16193747167, '1994-04-23 00:00:00', 58),
(163, 'Adriele Oliveira', 'F', 99853421138, '1993-12-02 00:00:00', 75),
(164, 'Jesus Franco', 'M', 81468435726, '1981-09-27 00:00:00', 39),
(165, 'Dominga Monteiro', 'F', 47401985658, '1994-03-03 00:00:00', 130),
(166, 'Denzel Varela', 'M', 66439245510, '1994-07-14 00:00:00', 52),
(167, 'Apolo Rimenez', 'M', 40777405905, '1989-11-02 00:00:00', 29),
(168, 'Aryane de Souza', 'F', 38754334451, '1983-04-03 00:00:00', 148),
(169, 'Alana Da Costa', 'F', 78045967022, '1999-03-04 00:00:00', 13),
(170, 'Nicolau Oliveira', 'M', 34613629059, '1996-09-12 00:00:00', 99),
(171, 'Alfredo Franco', 'M', 99774118156, '1986-03-11 00:00:00', 135),
(172, 'Kévim Monteiro', 'M', 40309877570, '1999-04-03 00:00:00', 58),
(173, 'Axel Varela', 'M', 92645340937, '1983-03-01 00:00:00', 44),
(174, 'Patríca Rimenez', 'F', 48402788872, '1997-12-19 00:00:00', 48),
(175, 'Giovania de Souza', 'F', 72606501430, '1997-09-04 00:00:00', 104),
(176, 'Gerson Da Costa', 'M', 20390199408, '1999-11-02 00:00:00', 57),
(177, 'Aron Silva', 'M', 35583767077, '1981-01-22 00:00:00', 135),
(178, 'Luis Santos', 'M', 15887890416, '1997-04-24 00:00:00', 20),
(179, 'Leonel Costa', 'M', 19503951696, '1995-05-09 00:00:00', 15),
(180, 'Wesley Souza', 'M', 43454623743, '1995-05-10 00:00:00', 15),
(181, 'Ariadne Leal', 'F', 86294458036, '1999-09-16 00:00:00', 30),
(182, 'Roberto Santanna', 'M', 77700719591, '1985-10-14 00:00:00', 106),
(183, 'Hélder Rêgo', 'M', 61060320711, '1981-12-12 00:00:00', 119),
(184, 'Vitor Freitas', 'M', 87288970467, '1990-08-04 00:00:00', 118),
(185, 'Fausta Leão', 'F', 21253919462, '1981-01-27 00:00:00', 70);

-- --------------------------------------------------------

--
-- Estrutura da tabela `predios`
--

CREATE TABLE `predios` (
  `idpredio` int(11) NOT NULL,
  `nomepredio` varchar(255) DEFAULT NULL,
  `tipo` varchar(50) DEFAULT NULL,
  `idrua` int(11) DEFAULT NULL
) ENGINE=InnoDB DEFAULT CHARSET=latin1;

--
-- Extraindo dados da tabela `predios`
--

INSERT INTO `predios` (`idpredio`, `nomepredio`, `tipo`, `idrua`) VALUES
(1, 'Lisboa', 'popular', 2),
(2, 'Porto', 'luxo', 1),
(3, 'Braga', 'polular', 4),
(4, 'Coimbra', 'luxo', 3),
(5, 'Faro', 'popular', 2),
(6, 'Guimarães', 'luxo', 4),
(7, 'Aveiro', 'popular', 1),
(8, 'Évora', 'duplex', 5),
(9, 'Setúbal', 'popular', 3),
(10, 'Viseu', 'luxo', 5);

-- --------------------------------------------------------

--
-- Estrutura da tabela `ruas`
--

CREATE TABLE `ruas` (
  `idrua` int(11) NOT NULL,
  `nomerua` varchar(255) DEFAULT NULL,
  `cep` varchar(10) DEFAULT NULL
) ENGINE=InnoDB DEFAULT CHARSET=latin1;

--
-- Extraindo dados da tabela `ruas`
--

INSERT INTO `ruas` (`idrua`, `nomerua`, `cep`) VALUES
(1, 'A', '40100-001'),
(2, 'B', '40100-002'),
(3, 'C', '40100-003'),
(4, 'D', '40100-004'),
(5, 'E', '40100-005');

-- --------------------------------------------------------

--
-- Estrutura da tabela `veiculos`
--

CREATE TABLE `veiculos` (
  `idveiculo` int(11) NOT NULL,
  `marca` varchar(50) NOT NULL,
  `modelo` varchar(50) NOT NULL,
  `ano` int(4) NOT NULL,
  `placa` varchar(8) NOT NULL,
  `cor` varchar(20) NOT NULL,
  `idapartamento` int(11) DEFAULT NULL
) ENGINE=InnoDB DEFAULT CHARSET=utf8;

--
-- Extraindo dados da tabela `veiculos`
--

INSERT INTO `veiculos` (`idveiculo`, `marca`, `modelo`, `ano`, `placa`, `cor`, `idapartamento`) VALUES
(1, 'Fiat', 'Palio', 2010, 'ABC1234', 'prata', 157),
(2, 'Renault', 'Sandero', 2015, 'DEF5678', 'vermelho', 94),
(3, 'Honda', 'CG 160', 2020, 'GHI9012', 'preto', 160),
(4, 'Fiat', 'Doblò', 2012, 'JKL3456', 'branco', 35),
(5, 'Yamaha', 'NMax 160', 2019, 'MNO7890', 'azul', 14),
(6, 'Chevrolet', 'Onix', 2018, 'PQR1234', 'branco', 126),
(7, 'Volkswagen', 'Virtus', 2020, 'STU5678', 'prata', 106),
(8, 'Honda', 'CB 500X', 2019, 'VWX9012', 'vermelho', 154),
(9, 'Fiat', 'Strada', 2015, 'YZA3456', 'verde', 129),
(10, 'BMW', 'X3', 2017, 'BCD7890', 'preto', 24),
(11, 'Renault', 'Kwid', 2021, 'EFG2345', 'amarelo', 54),
(12, 'Harley-Davidson', 'Street Glide', 2022, 'HIJ6789', 'preto', 37),
(13, 'Ford', 'Fiesta', 2014, 'KLM0123', 'azul', 20),
(14, 'Hyundai', 'HB20', 2020, 'NOP4567', 'cinza', 149),
(15, 'Mitsubishi', 'L200 Triton', 2016, 'QRS8901', 'branca', 45),
(16, 'Kawasaki', 'Ninja 1000SX', 2021, 'TUV2345', 'verde', 97),
(17, 'Fiat', 'Uno', 2015, 'BAS1234', 'azul', 31),
(18, 'Toyota', 'Corolla', 2021, 'VEF5678', 'preto', 22),
(19, 'Harley-Davidson', 'Iron 883', 2019, 'KEA9012', 'preto', 16),
(20, 'Ford', 'EcoSport', 2018, 'MNB3456', 'branco', 14),
(21, 'Kawasaki', 'Z900', 2020, 'UIO7890', 'verde', 21),
(22, 'Chevrolet', 'S10', 2017, 'PLK2345', 'prata', 63),
(23, 'Honda', 'Civic', 2016, 'JHJ6789', 'cinza', 91),
(24, 'Yamaha', 'R1', 2022, 'POI1234', 'azul', 107),
(25, 'Volkswagen', 'T-Cross', 2019, 'QWE5678', 'vermelho', 99),
(26, 'Ford', 'Ka', 2014, 'ZXC9012', 'verde', 15),
(27, 'Mitsubishi', 'Outlander', 2020, 'LKH3456', 'preto', 95),
(28, 'BMW', 'R 1250 GS', 2021, 'POU7890', 'vermelho', 112),
(29, 'Chevrolet', 'Prisma', 2018, 'JKL2345', 'branco', 115),
(30, 'Toyota', 'Hilux', 2015, 'WES5678', 'prata', 79),
(31, 'Suzuki', 'V-Strom 1050', 2022, 'TYU9012', 'amarelo', 47),
(32, 'Fiat', 'Cronos', 2019, 'ZXC3456', 'preto', 160),
(33, 'Ford', 'Ranger', 2017, 'BVC7890', 'vermelho', 16);

--
-- Indexes for dumped tables
--

--
-- Indexes for table `apartamentos`
--
ALTER TABLE `apartamentos`
  ADD PRIMARY KEY (`idapartamento`),
  ADD KEY `idpredio` (`idpredio`);

--
-- Indexes for table `moradores`
--
ALTER TABLE `moradores`
  ADD PRIMARY KEY (`idmorador`),
  ADD KEY `idapartamento` (`idapartamento`);

--
-- Indexes for table `parentes`
--
ALTER TABLE `parentes`
  ADD PRIMARY KEY (`idparente`) USING BTREE,
  ADD KEY `idmorador` (`idmorador`);

--
-- Indexes for table `predios`
--
ALTER TABLE `predios`
  ADD PRIMARY KEY (`idpredio`),
  ADD KEY `idrua` (`idrua`);

--
-- Indexes for table `ruas`
--
ALTER TABLE `ruas`
  ADD PRIMARY KEY (`idrua`);

--
-- Indexes for table `veiculos`
--
ALTER TABLE `veiculos`
  ADD PRIMARY KEY (`idveiculo`) USING BTREE;

--
-- AUTO_INCREMENT for dumped tables
--

--
-- AUTO_INCREMENT for table `apartamentos`
--
ALTER TABLE `apartamentos`
  MODIFY `idapartamento` int(11) NOT NULL AUTO_INCREMENT, AUTO_INCREMENT=161;
--
-- AUTO_INCREMENT for table `moradores`
--
ALTER TABLE `moradores`
  MODIFY `idmorador` int(11) NOT NULL AUTO_INCREMENT, AUTO_INCREMENT=201;
--
-- AUTO_INCREMENT for table `parentes`
--
ALTER TABLE `parentes`
  MODIFY `idparente` int(11) UNSIGNED NOT NULL AUTO_INCREMENT, AUTO_INCREMENT=186;
--
-- AUTO_INCREMENT for table `predios`
--
ALTER TABLE `predios`
  MODIFY `idpredio` int(11) NOT NULL AUTO_INCREMENT, AUTO_INCREMENT=11;
--
-- AUTO_INCREMENT for table `ruas`
--
ALTER TABLE `ruas`
  MODIFY `idrua` int(11) NOT NULL AUTO_INCREMENT, AUTO_INCREMENT=6;
--
-- AUTO_INCREMENT for table `veiculos`
--
ALTER TABLE `veiculos`
  MODIFY `idveiculo` int(11) NOT NULL AUTO_INCREMENT, AUTO_INCREMENT=34;
--
-- Constraints for dumped tables
--

--
-- Limitadores para a tabela `apartamentos`
--
ALTER TABLE `apartamentos`
  ADD CONSTRAINT `apartamentos_ibfk_1` FOREIGN KEY (`idpredio`) REFERENCES `predios` (`idpredio`);

--
-- Limitadores para a tabela `moradores`
--
ALTER TABLE `moradores`
  ADD CONSTRAINT `moradores_ibfk_1` FOREIGN KEY (`idapartamento`) REFERENCES `apartamentos` (`idapartamento`);

--
-- Limitadores para a tabela `parentes`
--
ALTER TABLE `parentes`
  ADD CONSTRAINT `FK_parentes_moradores` FOREIGN KEY (`idmorador`) REFERENCES `moradores` (`idmorador`) ON DELETE NO ACTION ON UPDATE NO ACTION;

--
-- Limitadores para a tabela `predios`
--
ALTER TABLE `predios`
  ADD CONSTRAINT `predios_ibfk_1` FOREIGN KEY (`idrua`) REFERENCES `ruas` (`idrua`);

/*!40101 SET CHARACTER_SET_CLIENT=@OLD_CHARACTER_SET_CLIENT */;
/*!40101 SET CHARACTER_SET_RESULTS=@OLD_CHARACTER_SET_RESULTS */;
/*!40101 SET COLLATION_CONNECTION=@OLD_COLLATION_CONNECTION */;
