-- --------------------------------------------------------
-- Servidor:                     D:\OneDrive\Documentos\SQLITE\Livraria\banco_livraria.sqlite3
-- Versão do servidor:           3.44.0
-- OS do Servidor:               
-- HeidiSQL Versão:              12.6.0.6765
-- --------------------------------------------------------

/*!40101 SET @OLD_CHARACTER_SET_CLIENT=@@CHARACTER_SET_CLIENT */;
/*!40101 SET NAMES  */;
/*!40103 SET @OLD_TIME_ZONE=@@TIME_ZONE */;
/*!40103 SET TIME_ZONE='+00:00' */;
/*!40014 SET @OLD_FOREIGN_KEY_CHECKS=@@FOREIGN_KEY_CHECKS, FOREIGN_KEY_CHECKS=0 */;
/*!40101 SET @OLD_SQL_MODE=@@SQL_MODE, SQL_MODE='NO_AUTO_VALUE_ON_ZERO' */;
/*!40111 SET @OLD_SQL_NOTES=@@SQL_NOTES, SQL_NOTES=0 */;


-- Copiando estrutura do banco de dados para banco_livraria
CREATE DATABASE IF NOT EXISTS "banco_livraria";
;

-- Copiando estrutura para tabela banco_livraria.autores
CREATE TABLE IF NOT EXISTS `autores` (
`idautor` INTEGER  NOT NULL ,
`nome` TEXT NOT NULL,
`sexo` TEXT DEFAULT NULL,
PRIMARY KEY (`idautor`)
);

-- Copiando dados para a tabela banco_livraria.autores: -1 rows
/*!40000 ALTER TABLE "autores" DISABLE KEYS */;
REPLACE INTO "autores" ("idautor", "nome", "sexo") VALUES
	(1, 'Machado de Assis', 'm'),
	(2, 'Aluísio Azevedo', 'm'),
	(3, 'João Guimarães Rosa', 'm'),
	(4, 'J.R.R. Tolkien', 'm'),
	(5, 'George R. R. Martin', 'm'),
	(6, 'J.K. Rowling', 'f'),
	(7, 'Markus Zusak', 'm'),
	(8, 'Anne Frank', 'f'),
	(9, 'Jane Austen', 'f'),
	(10, 'George Orwell', 'm'),
	(11, 'Clarice Lispector', 'f'),
	(12, 'Carlos Drummond de Andrade', 'm'),
	(13, 'Ovídio', 'm'),
	(14, 'Platão', 'm'),
	(15, 'Marco Aurélio', 'm'),
	(16, 'Dan Brown', 'm'),
	(17, 'Paulo Coelho', 'm'),
	(18, 'Augusto Cury', 'm'),
	(19, 'Yuval Noah Harari', 'm'),
	(20, 'Charles Duhigg', 'm'),
	(21, 'Brené Brown', 'm'),
	(22, 'Napoleon Hill', 'm'),
	(23, 'Carol Dweck', 'f'),
	(24, 'Eckhart Tolle', 'm'),
	(25, 'Hal Elrod', 'm'),
	(26, 'T. Harv Eker', 'm'),
	(27, 'Stephen King', 'm');
/*!40000 ALTER TABLE "autores" ENABLE KEYS */;

-- Copiando estrutura para tabela banco_livraria.categorias
CREATE TABLE IF NOT EXISTS `categorias` (
`idcategoria` INTEGER  NOT NULL ,
`nome` TEXT NOT NULL,
PRIMARY KEY (`idcategoria`)
);

-- Copiando dados para a tabela banco_livraria.categorias: -1 rows
/*!40000 ALTER TABLE "categorias" DISABLE KEYS */;
REPLACE INTO "categorias" ("idcategoria", "nome") VALUES
	(1, 'Ficção literária'),
	(2, 'Não-ficção literária'),
	(3, 'Romance'),
	(4, 'Mistério/Thriller'),
	(5, 'Fantasia'),
	(6, 'Ficção científica'),
	(7, 'História'),
	(8, 'Biografia/Memórias'),
	(9, 'Ciência'),
	(10, 'Saúde e bem-estar'),
	(11, 'Autoajuda'),
	(12, 'Negócios/Economia'),
	(13, 'Tecnologia'),
	(14, 'Artes e entretenimento'),
	(15, 'Culinária'),
	(16, 'Viagem'),
	(17, 'Esporte e lazer'),
	(18, 'Infantil'),
	(19, 'Jovem adulto'),
	(20, 'Religião/Filosofia');
/*!40000 ALTER TABLE "categorias" ENABLE KEYS */;

-- Copiando estrutura para tabela banco_livraria.clientes
CREATE TABLE IF NOT EXISTS `clientes` (
`idcliente` INTEGER  NOT NULL ,
`nome` TEXT NOT NULL,
`sexo` TEXT DEFAULT NULL,
`telefone` TEXT DEFAULT NULL,
`email` TEXT DEFAULT NULL,
`datanascimento` date DEFAULT NULL,
PRIMARY KEY (`idcliente`)
);

-- Copiando dados para a tabela banco_livraria.clientes: -1 rows
/*!40000 ALTER TABLE "clientes" DISABLE KEYS */;
REPLACE INTO "clientes" ("idcliente", "nome", "sexo", "telefone", "email", "datanascimento") VALUES
	(1, 'João Ribeiro', 'M', '(629) 555-4246', 'joão.ribeiro@exemplo.com', '2000-11-23'),
	(2, 'Lucas Silva', 'M', '(466) 555-7746', 'lucas.silva@exemplo.com', '1997-03-01'),
	(3, 'Marcos Lima', 'M', '(889) 555-9283', 'marcos.lima@exemplo.com', '1977-11-17'),
	(4, 'Pedro Gomes', 'M', '(942) 555-6309', 'pedro.gomes@exemplo.com', '1988-09-25'),
	(5, 'Julia Gomes', 'F', '(681) 555-8970', 'julia.gomes@exemplo.com', '1996-01-27'),
	(6, 'Marcos Silva', 'M', '(389) 555-4735', 'marcos.silva@exemplo.com', '1977-12-12'),
	(7, 'Mariana Costa', 'F', '(498) 555-2404', 'mariana.costa@exemplo.com', '1974-06-09'),
	(8, 'Pedro Almeida', 'M', '(569) 555-1006', 'pedro.almeida@exemplo.com', '1965-06-13'),
	(9, 'Mariana Santos', 'F', '(360) 555-2089', 'mariana.santos@exemplo.com', '1980-08-25'),
	(10, 'José Ribeiro', 'M', '(234) 555-9387', 'josé.ribeiro@exemplo.com', '1954-05-18'),
	(11, 'Pedro Lima', 'M', '(728) 555-1988', 'pedro.lima@exemplo.com', '1977-12-19'),
	(12, 'Pedro Santos', 'M', '(617) 555-9511', 'pedro.santos@exemplo.com', '1989-01-18'),
	(13, 'José Silva', 'M', '(249) 555-2071', 'josé.silva@exemplo.com', '1952-05-22'),
	(14, 'Mariana Souza', 'F', '(667) 555-1719', 'mariana.souza@exemplo.com', '1972-12-24'),
	(15, 'João Santos', 'M', '(394) 555-5770', 'joão.santos@exemplo.com', '1994-08-16'),
	(16, 'Maria Souza', 'F', '(337) 555-3731', 'maria.souza@exemplo.com', '1956-12-22'),
	(17, 'Mariana Gomes', 'F', '(50) 555-2593', 'mariana.gomes@exemplo.com', '1951-05-22'),
	(18, 'Mariana Almeida', 'F', '(704) 555-6163', 'mariana.almeida@exemplo.com', '1967-05-07'),
	(19, 'Carla Gomes', 'F', '(164) 555-4750', 'carla.gomes@exemplo.com', '1975-08-18'),
	(20, 'Lucas Costa', 'M', '(604) 555-4166', 'lucas.costa@exemplo.com', '1998-09-15'),
	(21, 'Ana Santos', 'F', '(519) 555-7724', 'ana.santos@exemplo.com', '1965-07-01'),
	(22, 'Julia Almeida', 'F', '(993) 555-5676', 'julia.almeida@exemplo.com', '1976-06-11'),
	(23, 'José Gomes', 'M', '(567) 555-8467', 'josé.gomes@exemplo.com', '1986-08-29'),
	(24, 'Carla Silva', 'F', '(582) 555-7093', 'carla.silva@exemplo.com', '1972-07-03'),
	(25, 'João Oliveira', 'M', '(194) 555-5102', 'joão.oliveira@exemplo.com', '1977-09-04'),
	(26, 'Julia Oliveira', 'F', '(130) 555-7839', 'julia.oliveira@exemplo.com', '1984-07-29'),
	(27, 'Julia Lima', 'F', '(342) 555-6599', 'julia.lima@exemplo.com', '1969-11-19'),
	(28, 'Maria Costa', 'F', '(219) 555-1354', 'maria.costa@exemplo.com', '1951-02-03'),
	(29, 'Lucas Oliveira', 'M', '(105) 555-9499', 'lucas.oliveira@exemplo.com', '1997-03-10'),
	(30, 'Marcos Gomes', 'M', '(871) 555-9764', 'marcos.gomes@exemplo.com', '1956-12-17'),
	(31, 'José Pereira', 'M', '(169) 555-4532', 'josé.pereira@exemplo.com', '1958-05-07'),
	(32, 'Lucas Lima', 'M', '(542) 555-4693', 'lucas.lima@exemplo.com', '1955-07-15'),
	(33, 'Lucas Souza', 'M', '(372) 555-3752', 'lucas.souza@exemplo.com', '1978-06-15'),
	(34, 'Maria Lima', 'F', '(976) 555-2644', 'maria.lima@exemplo.com', '1981-01-25'),
	(35, 'Ana Oliveira', 'F', '(108) 555-6514', 'ana.oliveira@exemplo.com', '1985-04-05'),
	(36, 'Carla Oliveira', 'F', '(64) 555-2328', 'carla.oliveira@exemplo.com', '1989-09-23'),
	(37, 'Julia Souza', 'F', '(320) 555-7747', 'julia.souza@exemplo.com', '1965-08-07'),
	(38, 'Marcos Oliveira', 'M', '(513) 555-9087', 'marcos.oliveira@exemplo.com', '1980-06-09'),
	(39, 'Carla Souza', 'F', '(812) 555-7576', 'carla.souza@exemplo.com', '1974-04-13'),
	(40, 'Carla Lima', 'F', '(188) 555-4861', 'carla.lima@exemplo.com', '1959-05-09'),
	(41, 'João Lima', 'M', '(780) 555-4136', 'joão.lima@exemplo.com', '1996-08-26'),
	(42, 'Ana Gomes', 'M', '(565) 555-7822', 'ana.gomes@exemplo.com', '1969-07-03'),
	(43, 'Ana Almeida', 'F', '(287) 555-6425', 'ana.almeida@exemplo.com', '1983-07-02'),
	(44, 'Ana Pereira', 'F', '(87) 555-3087', 'ana.pereira@exemplo.com', '1953-10-05'),
	(45, 'Maria Santos', 'F', '(237) 555-3876', 'maria.santos@exemplo.com', '1965-11-17'),
	(46, 'Julia Ribeiro', 'F', '(376) 555-6595', 'julia.ribeiro@exemplo.com', '1972-12-21'),
	(47, 'José Souza', 'M', '(61) 555-5992', 'josé.souza@exemplo.com', '1982-01-08'),
	(48, 'Ana Lima', 'F', '(983) 555-4831', 'ana.lima@exemplo.com', '1959-01-02'),
	(49, 'Lucas Santos', 'M', '(913) 555-4119', 'lucas.santos@exemplo.com', '1990-07-25'),
	(50, 'Pedro Souza', 'M', '(938) 555-5001', 'pedro.souza@exemplo.com', '1991-01-18'),
	(51, 'José Costa', 'M', '(466) 555-6642', 'josé.costa@exemplo.com', '1962-11-13'),
	(52, 'João Pereira', 'M', '(901) 555-3436', 'joão.pereira@exemplo.com', '1990-10-26'),
	(53, 'Pedro Ribeiro', 'M', '(84) 555-9526', 'pedro.ribeiro@exemplo.com', '1958-09-06'),
	(54, 'Julia Costa', 'F', '(503) 555-1211', 'julia.costa@exemplo.com', '1959-01-02'),
	(55, 'João Gomes', 'M', '(810) 555-1558', 'joão.gomes@exemplo.com', '1968-02-11'),
	(56, 'Carla Ribeiro', 'F', '(265) 555-1974', 'carla.ribeiro@exemplo.com', '1953-12-24'),
	(57, 'Ana Souza', 'F', '(264) 555-5187', 'ana.souza@exemplo.com', '1983-11-21'),
	(58, 'João Costa', 'M', '(669) 555-1685', 'joão.costa@exemplo.com', '1991-06-30'),
	(59, 'Marcos Costa', 'M', '(149) 555-7473', 'marcos.costa@exemplo.com', '1950-07-15'),
	(60, 'Marcos Pereira', 'M', '(990) 555-4103', 'marcos.pereira@exemplo.com', '1961-01-28'),
	(61, 'José Almeida', 'M', '(764) 555-5929', 'josé.almeida@exemplo.com', '1973-03-23'),
	(62, 'Marcos Almeida', 'M', '(316) 555-3195', 'marcos.almeida@exemplo.com', '1992-08-23'),
	(63, 'João Souza', 'M', '(37) 555-5227', 'joão.souza@exemplo.com', '1999-08-20'),
	(64, 'Maria Pereira', 'F', '(804) 555-4247', 'maria.pereira@exemplo.com', '1962-02-11'),
	(65, 'Maria Silva', 'F', '(840) 555-5881', 'maria.silva@exemplo.com', '1980-04-23'),
	(66, 'Carla Almeida', 'F', '(510) 555-2021', 'carla.almeida@exemplo.com', '1976-03-25'),
	(67, 'Pedro Silva', 'M', '(979) 555-6277', 'pedro.silva@exemplo.com', '1992-03-19'),
	(68, 'João Silva', 'M', '(6) 555-4030', 'joão.silva@exemplo.com', '1962-09-18'),
	(69, 'Pedro Costa', 'M', '(289) 555-7182', 'pedro.costa@exemplo.com', '1963-11-11'),
	(70, 'Maria Oliveira', 'F', '(40) 555-7972', 'maria.oliveira@exemplo.com', '1976-01-20'),
	(71, 'Lucas Pereira', 'M', '(115) 555-5151', 'lucas.pereira@exemplo.com', '1952-03-02'),
	(72, 'Lucas Gomes', 'M', '(973) 555-4950', 'lucas.gomes@exemplo.com', '1976-01-18'),
	(73, 'Ana Costa', 'F', '(519) 555-3227', 'ana.costa@exemplo.com', '1992-11-08'),
	(74, 'Pedro Oliveira', 'M', '(578) 555-8368', 'pedro.oliveira@exemplo.com', '1951-04-21'),
	(75, 'João Almeida', 'M', '(707) 555-2679', 'joão.almeida@exemplo.com', '1992-12-09'),
	(76, 'José Oliveira', 'M', '(333) 555-8925', 'josé.oliveira@exemplo.com', '2000-11-13'),
	(77, 'Mariana Pereira', 'F', '(804) 555-8402', 'mariana.pereira@exemplo.com', '1971-11-29'),
	(78, 'Lucas Almeida', 'M', '(795) 555-1094', 'lucas.almeida@exemplo.com', '2004-03-07'),
	(79, 'Marcos Souza', 'M', '(175) 555-7725', 'marcos.souza@exemplo.com', '1952-05-12'),
	(80, 'Maria Almeida', 'F', '(578) 555-8827', 'maria.almeida@exemplo.com', '1950-06-12'),
	(81, 'Julia Pereira', 'F', '(822) 555-1142', 'julia.pereira@exemplo.com', '1951-10-17'),
	(82, 'Ana Silva', 'F', '(447) 555-8227', 'ana.silva@exemplo.com', '1994-05-31'),
	(83, 'Lucas Ribeiro', 'M', '(117) 555-2688', 'lucas.ribeiro@exemplo.com', '1975-07-21'),
	(84, 'Julia Santos', 'F', '(939) 555-4108', 'julia.santos@exemplo.com', '1956-06-18'),
	(85, 'Maria Gomes', 'F', '(270) 555-3037', 'maria.gomes@exemplo.com', '1970-07-13'),
	(86, 'José Santos', 'F', '(918) 555-6487', 'josé.santos@exemplo.com', '1986-03-23'),
	(87, 'Pedro Pereira', 'M', '(891) 555-7335', 'pedro.pereira@exemplo.com', '1963-10-06'),
	(88, 'Marcos Santos', 'M', '(403) 555-7083', 'marcos.santos@exemplo.com', '1992-10-10'),
	(89, 'Mariana Silva', 'F', '(826) 555-9186', 'mariana.silva@exemplo.com', '1990-07-28'),
	(90, 'Maria Ribeiro', 'F', '(30) 555-1479', 'maria.ribeiro@exemplo.com', '1988-04-09'),
	(91, 'Mariana Lima', 'F', '(923) 555-4887', 'mariana.lima@exemplo.com', '1989-11-12'),
	(92, 'Carla Costa', 'F', '(744) 555-1481', 'carla.costa@exemplo.com', '1980-06-25'),
	(93, 'Mariana Oliveira', 'F', '(264) 555-8513', 'mariana.oliveira@exemplo.com', '1977-02-19'),
	(94, 'Ana Ribeiro', 'F', '(392) 555-7732', 'ana.ribeiro@exemplo.com', '1953-12-02'),
	(95, 'Carla Pereira', 'F', '(583) 555-4919', 'carla.pereira@exemplo.com', '1958-10-25'),
	(96, 'Mariana Ribeiro', 'F', '(304) 555-9581', 'mariana.ribeiro@exemplo.com', '1960-05-30'),
	(97, 'Marcos Ribeiro', 'M', '(121) 555-8785', 'marcos.ribeiro@exemplo.com', '1963-07-09'),
	(98, 'José Lima', 'F', '(306) 555-8992', 'josé.lima@exemplo.com', '1998-03-24'),
	(99, 'Carla Santos', 'F', '(348) 555-8912', 'carla.santos@exemplo.com', '1984-01-10'),
	(100, 'Julia Silva', 'F', '(577) 555-7973', 'julia.silva@exemplo.com', '1952-01-14');
/*!40000 ALTER TABLE "clientes" ENABLE KEYS */;

-- Copiando estrutura para tabela banco_livraria.editoras
CREATE TABLE IF NOT EXISTS `editoras` (
`ideditora` INTEGER  NOT NULL ,
`nome` TEXT NOT NULL,
PRIMARY KEY (`ideditora`)
);

-- Copiando dados para a tabela banco_livraria.editoras: -1 rows
/*!40000 ALTER TABLE "editoras" DISABLE KEYS */;
REPLACE INTO "editoras" ("ideditora", "nome") VALUES
	(1, 'Companhia das Letras'),
	(2, 'Editora Record'),
	(3, 'Intrínseca'),
	(4, 'Editora Sextante'),
	(5, 'Editora Objetiva'),
	(6, 'Grupo Editorial Record'),
	(7, 'Editora Rocco'),
	(8, 'Editora Aleph'),
	(9, 'Editora Globo'),
	(10, 'Editora Nova Fronteira'),
	(11, 'Editora Zahar'),
	(12, 'Editora Martins Fontes'),
	(13, 'Editora 34'),
	(14, 'Editora Paz e Terra'),
	(15, 'Editora UNESP'),
	(16, 'Editora Vozes'),
	(17, 'Editora Ática'),
	(18, 'Editora Saraiva'),
	(19, 'Editora Moderna'),
	(20, 'Editora Scipione');
/*!40000 ALTER TABLE "editoras" ENABLE KEYS */;

-- Copiando estrutura para tabela banco_livraria.itens_venda
CREATE TABLE IF NOT EXISTS `itens_venda` (
`idvenda` INTEGER  NOT NULL,
`idlivro` INTEGER  NOT NULL,
`quantidade` INTEGER NOT NULL,
`preco_unitario` decimal(10,2) NOT NULL DEFAULT 0.00,
`subtotal` decimal(10,2) NOT NULL DEFAULT 0.00,
PRIMARY KEY (`idvenda`,`idlivro`),
FOREIGN KEY (`idvenda`) REFERENCES `vendas` (`idvenda`),
FOREIGN KEY (`idlivro`) REFERENCES `livros` (`idlivro`)
);

-- Copiando dados para a tabela banco_livraria.itens_venda: -1 rows
/*!40000 ALTER TABLE "itens_venda" DISABLE KEYS */;
REPLACE INTO "itens_venda" ("idvenda", "idlivro", "quantidade", "preco_unitario", "subtotal") VALUES
	(1, 38, 7, 29.9, 209.3),
	(2, 9, 9, 44.9, 404.1),
	(2, 27, 6, 23.9, 143.4),
	(3, 5, 3, 49.9, 149.7),
	(3, 16, 4, 49.99, 199.96),
	(5, 47, 6, 29.9, 179.4),
	(6, 20, 0, 28.9, 0),
	(7, 11, 6, 39.99, 239.94),
	(7, 21, 6, 29.9, 179.4),
	(7, 37, 2, 34.9, 69.8),
	(8, 18, 8, 39.9, 319.2),
	(8, 23, 8, 19.9, 159.2),
	(8, 30, 5, 59.9, 299.5),
	(9, 9, 3, 44.9, 134.7),
	(9, 10, 4, 49.9, 199.6),
	(9, 28, 2, 29.9, 59.8),
	(9, 46, 0, 34.9, 0),
	(10, 6, 5, 59.9, 299.5),
	(10, 14, 4, 54.99, 219.96),
	(11, 1, 4, 29.9, 119.6),
	(11, 40, 3, 59.9, 179.7),
	(12, 12, 5, 44.99, 224.95),
	(12, 15, 8, 49.99, 399.92),
	(12, 41, 4, 59.9, 239.6),
	(13, 18, 7, 39.9, 279.3),
	(13, 45, 7, 29.9, 209.3),
	(14, 2, 3, 27.99, 83.97),
	(14, 44, 5, 39.9, 199.5),
	(15, 25, 5, 35.9, 179.5),
	(15, 33, 2, 29.9, 59.8),
	(15, 44, 5, 39.9, 199.5),
	(15, 46, 7, 34.9, 244.3),
	(15, 48, 9, 24.9, 224.1),
	(15, 49, 8, 39.9, 319.2),
	(16, 1, 1, 29.9, 29.9),
	(16, 8, 7, 49.99, 349.93),
	(16, 11, 2, 39.99, 79.98),
	(16, 40, 1, 59.9, 59.9),
	(17, 3, 2, 18.5, 37),
	(17, 17, 7, 59.99, 419.93),
	(18, 15, 4, 49.99, 199.96),
	(18, 28, 7, 29.9, 209.3),
	(19, 35, 3, 24.9, 74.7),
	(19, 37, 5, 34.9, 174.5),
	(19, 39, 8, 39.9, 319.2),
	(19, 40, 8, 59.9, 479.2),
	(20, 23, 1, 19.9, 19.9),
	(20, 46, 4, 34.9, 139.6),
	(21, 2, 9, 27.99, 251.91),
	(21, 38, 5, 29.9, 149.5),
	(22, 4, 0, 42, 0),
	(22, 26, 3, 29.9, 89.7),
	(22, 27, 3, 23.9, 71.7),
	(22, 45, 2, 29.9, 59.8),
	(23, 8, 7, 49.99, 349.93),
	(23, 11, 7, 39.99, 279.93),
	(23, 29, 5, 27.99, 139.95),
	(24, 7, 2, 59.9, 119.8),
	(25, 12, 6, 44.99, 269.94),
	(25, 20, 5, 28.9, 144.5),
	(26, 7, 1, 59.9, 59.9),
	(26, 16, 4, 49.99, 199.96),
	(26, 42, 6, 49.9, 299.4),
	(27, 6, 4, 59.9, 239.6),
	(28, 4, 7, 42, 294),
	(28, 32, 5, 49.9, 249.5),
	(29, 12, 0, 44.99, 0),
	(29, 23, 6, 19.9, 119.4),
	(30, 9, 1, 44.9, 44.9),
	(30, 23, 1, 19.9, 19.9),
	(31, 35, 6, 24.9, 149.4),
	(32, 11, 1, 39.99, 39.99),
	(32, 26, 7, 29.9, 209.3),
	(32, 40, 1, 59.9, 59.9),
	(33, 10, 8, 49.9, 399.2),
	(33, 21, 1, 29.9, 29.9),
	(33, 44, 4, 39.9, 159.6),
	(34, 12, 1, 44.99, 44.99),
	(34, 20, 9, 28.9, 260.1),
	(35, 8, 7, 49.99, 349.93),
	(35, 22, 1, 25.99, 25.99),
	(35, 31, 0, 39.9, 0),
	(36, 11, 8, 39.99, 319.92),
	(36, 41, 9, 59.9, 539.1),
	(37, 43, 1, 44.9, 44.9),
	(40, 21, 7, 29.9, 209.3),
	(40, 27, 4, 23.9, 95.6),
	(41, 2, 7, 27.99, 195.93),
	(41, 24, 9, 26.9, 242.1),
	(41, 30, 5, 59.9, 299.5),
	(41, 34, 9, 19.9, 179.1),
	(41, 48, 3, 24.9, 74.7),
	(41, 49, 4, 39.9, 159.6),
	(42, 8, 3, 49.99, 149.97),
	(42, 34, 9, 19.9, 179.1),
	(42, 35, 9, 24.9, 224.1),
	(43, 14, 8, 54.99, 439.92),
	(43, 38, 2, 29.9, 59.8),
	(43, 47, 5, 29.9, 149.5),
	(45, 16, 3, 49.99, 149.97),
	(46, 13, 0, 49.99, 0),
	(46, 21, 3, 29.9, 89.7),
	(47, 39, 1, 39.9, 39.9),
	(48, 29, 0, 27.99, 0),
	(49, 4, 1, 42, 42),
	(49, 8, 9, 49.99, 449.91),
	(49, 40, 0, 59.9, 0),
	(51, 36, 3, 27.9, 83.7),
	(52, 7, 3, 59.9, 179.7),
	(53, 47, 3, 29.9, 89.7),
	(56, 45, 1, 29.9, 29.9),
	(58, 5, 2, 49.9, 99.8),
	(60, 12, 8, 44.99, 359.92),
	(62, 37, 3, 34.9, 104.7),
	(62, 43, 9, 44.9, 404.1),
	(63, 23, 9, 19.9, 179.1),
	(64, 36, 2, 27.9, 55.8),
	(65, 47, 2, 29.9, 59.8),
	(72, 1, 6, 29.9, 179.4),
	(72, 9, 4, 44.9, 179.6),
	(77, 46, 1, 34.9, 34.9),
	(78, 1, 6, 29.9, 179.4),
	(81, 33, 7, 29.9, 209.3),
	(83, 9, 4, 44.9, 179.6),
	(84, 3, 7, 18.5, 129.5),
	(84, 49, 4, 39.9, 159.6),
	(86, 7, 1, 59.9, 59.9),
	(86, 8, 2, 49.99, 99.98),
	(87, 14, 9, 54.99, 494.91),
	(87, 24, 8, 26.9, 215.2),
	(90, 32, 6, 49.9, 299.4),
	(91, 25, 9, 35.9, 323.1),
	(92, 3, 7, 18.5, 129.5),
	(92, 18, 2, 39.9, 79.8),
	(92, 20, 4, 28.9, 115.6),
	(93, 23, 7, 19.9, 139.3),
	(95, 36, 0, 27.9, 0),
	(98, 12, 5, 44.99, 224.95),
	(99, 14, 7, 54.99, 384.93),
	(105, 39, 2, 39.9, 79.8),
	(107, 10, 3, 49.9, 149.7),
	(110, 10, 2, 49.9, 99.8),
	(110, 26, 9, 29.9, 269.1),
	(111, 41, 4, 59.9, 239.6),
	(115, 34, 6, 19.9, 119.4),
	(116, 32, 4, 49.9, 199.6),
	(117, 31, 4, 39.9, 159.6),
	(118, 5, 7, 49.9, 349.3),
	(118, 40, 2, 59.9, 119.8),
	(123, 2, 4, 27.99, 111.96),
	(126, 21, 3, 29.9, 89.7),
	(127, 8, 9, 49.99, 449.91),
	(127, 13, 4, 49.99, 199.96),
	(130, 20, 2, 28.9, 57.8),
	(130, 29, 0, 27.99, 0),
	(130, 34, 5, 19.9, 99.5),
	(131, 31, 2, 39.9, 79.8),
	(132, 48, 9, 24.9, 224.1),
	(134, 5, 6, 49.9, 299.4),
	(136, 5, 5, 49.9, 249.5),
	(138, 18, 9, 39.9, 359.1),
	(139, 37, 8, 34.9, 279.2),
	(139, 48, 9, 24.9, 224.1),
	(141, 10, 1, 49.9, 49.9),
	(142, 9, 0, 44.9, 0),
	(144, 37, 8, 34.9, 279.2),
	(150, 37, 7, 34.9, 244.3),
	(152, 18, 8, 39.9, 319.2),
	(157, 38, 7, 29.9, 209.3),
	(159, 20, 0, 28.9, 0),
	(165, 19, 8, 24.9, 199.2),
	(165, 26, 5, 29.9, 149.5),
	(167, 21, 0, 29.9, 0),
	(167, 33, 2, 29.9, 59.8),
	(168, 17, 5, 59.99, 299.95),
	(168, 42, 1, 49.9, 49.9),
	(170, 20, 8, 28.9, 231.2),
	(171, 39, 8, 39.9, 319.2),
	(171, 47, 6, 29.9, 179.4),
	(173, 41, 9, 59.9, 539.1),
	(174, 10, 8, 49.9, 399.2),
	(176, 6, 4, 59.9, 239.6),
	(176, 49, 8, 39.9, 319.2),
	(182, 38, 6, 29.9, 179.4),
	(185, 19, 7, 24.9, 174.3),
	(185, 36, 3, 27.9, 83.7),
	(185, 45, 3, 29.9, 89.7),
	(187, 25, 3, 35.9, 107.7),
	(187, 44, 1, 39.9, 39.9),
	(188, 14, 2, 54.99, 109.98),
	(188, 36, 4, 27.9, 111.6),
	(188, 47, 4, 29.9, 119.6),
	(190, 3, 0, 18.5, 0),
	(191, 30, 7, 59.9, 419.3),
	(192, 12, 9, 44.99, 404.91),
	(192, 45, 3, 29.9, 89.7),
	(193, 47, 4, 29.9, 119.6),
	(196, 25, 2, 35.9, 71.8),
	(197, 11, 8, 39.99, 319.92),
	(199, 10, 7, 49.9, 349.3),
	(203, 36, 2, 27.9, 55.8),
	(205, 44, 0, 39.9, 0),
	(206, 48, 4, 24.9, 99.6),
	(207, 43, 9, 44.9, 404.1),
	(208, 23, 9, 19.9, 179.1),
	(209, 1, 7, 29.9, 209.3),
	(209, 2, 8, 27.99, 223.92),
	(215, 12, 7, 44.99, 314.93),
	(216, 45, 1, 29.9, 29.9),
	(218, 6, 2, 59.9, 119.8),
	(220, 19, 5, 24.9, 124.5),
	(220, 31, 6, 39.9, 239.4),
	(222, 41, 7, 59.9, 419.3),
	(223, 9, 4, 44.9, 179.6),
	(231, 32, 7, 49.9, 349.3),
	(232, 1, 5, 29.9, 149.5),
	(233, 25, 0, 35.9, 0),
	(233, 28, 2, 29.9, 59.8),
	(234, 11, 6, 39.99, 239.94),
	(234, 21, 6, 29.9, 179.4),
	(237, 31, 5, 39.9, 199.5),
	(238, 17, 2, 59.99, 119.98),
	(238, 33, 7, 29.9, 209.3),
	(239, 28, 2, 29.9, 59.8),
	(239, 48, 2, 24.9, 49.8),
	(240, 1, 5, 29.9, 149.5),
	(240, 25, 8, 35.9, 287.2),
	(240, 34, 8, 19.9, 159.2),
	(243, 8, 2, 49.99, 99.98),
	(244, 27, 0, 23.9, 0),
	(244, 44, 8, 39.9, 319.2),
	(248, 40, 3, 59.9, 179.7),
	(249, 20, 3, 28.9, 86.7),
	(253, 27, 0, 23.9, 0),
	(254, 24, 7, 26.9, 188.3),
	(255, 4, 7, 42, 294),
	(255, 26, 9, 29.9, 269.1),
	(256, 17, 0, 59.99, 0),
	(258, 25, 8, 35.9, 287.2),
	(260, 3, 6, 18.5, 111),
	(261, 39, 2, 39.9, 79.8),
	(262, 33, 6, 29.9, 179.4),
	(265, 26, 8, 29.9, 239.2),
	(266, 5, 7, 49.9, 349.3),
	(266, 22, 4, 25.99, 103.96),
	(269, 27, 9, 23.9, 215.1),
	(273, 5, 7, 49.9, 349.3),
	(273, 12, 4, 44.99, 179.96),
	(275, 40, 1, 59.9, 59.9),
	(279, 39, 1, 39.9, 39.9),
	(279, 40, 2, 59.9, 119.8),
	(283, 23, 4, 19.9, 79.6),
	(284, 49, 0, 39.9, 0),
	(285, 34, 5, 19.9, 99.5),
	(291, 43, 3, 44.9, 134.7),
	(294, 26, 7, 29.9, 209.3),
	(295, 2, 2, 27.99, 55.98),
	(295, 30, 0, 59.9, 0),
	(295, 37, 8, 34.9, 279.2),
	(300, 44, 4, 39.9, 159.6),
	(303, 37, 7, 34.9, 244.3),
	(304, 17, 7, 59.99, 419.93),
	(304, 35, 5, 24.9, 124.5),
	(305, 39, 9, 39.9, 359.1),
	(305, 46, 5, 34.9, 174.5),
	(306, 14, 4, 54.99, 219.96),
	(310, 32, 1, 49.9, 49.9),
	(311, 1, 0, 29.9, 0),
	(313, 42, 1, 49.9, 49.9),
	(316, 17, 6, 59.99, 359.94),
	(318, 45, 4, 29.9, 119.6),
	(319, 35, 4, 24.9, 99.6),
	(319, 38, 7, 29.9, 209.3),
	(320, 13, 2, 49.99, 99.98),
	(320, 16, 5, 49.99, 249.95),
	(323, 10, 9, 49.9, 449.1),
	(323, 27, 6, 23.9, 143.4),
	(323, 46, 5, 34.9, 174.5),
	(326, 20, 8, 28.9, 231.2),
	(328, 22, 0, 25.99, 0),
	(329, 4, 2, 42, 84),
	(329, 7, 5, 59.9, 299.5),
	(336, 45, 3, 29.9, 89.7),
	(340, 4, 1, 42, 42),
	(343, 20, 7, 28.9, 202.3),
	(345, 39, 6, 39.9, 239.4),
	(348, 12, 9, 44.99, 404.91),
	(348, 37, 4, 34.9, 139.6),
	(352, 9, 6, 44.9, 269.4),
	(353, 32, 8, 49.9, 399.2),
	(358, 32, 8, 49.9, 399.2),
	(359, 13, 9, 49.99, 449.91),
	(359, 38, 4, 29.9, 119.6),
	(360, 17, 3, 59.99, 179.97),
	(363, 3, 8, 18.5, 148),
	(363, 30, 6, 59.9, 359.4),
	(364, 5, 1, 49.9, 49.9),
	(365, 5, 1, 49.9, 49.9),
	(366, 21, 7, 29.9, 209.3),
	(367, 12, 8, 44.99, 359.92),
	(370, 47, 2, 29.9, 59.8),
	(373, 2, 7, 27.99, 195.93),
	(373, 10, 5, 49.9, 249.5),
	(374, 14, 9, 54.99, 494.91),
	(374, 34, 9, 19.9, 179.1),
	(375, 20, 5, 28.9, 144.5),
	(380, 30, 4, 59.9, 239.6),
	(380, 42, 7, 49.9, 349.3),
	(381, 32, 6, 49.9, 299.4),
	(383, 8, 3, 49.99, 149.97),
	(384, 45, 9, 29.9, 269.1),
	(385, 15, 9, 49.99, 449.91),
	(387, 47, 1, 29.9, 29.9),
	(389, 24, 8, 26.9, 215.2),
	(389, 25, 9, 35.9, 323.1),
	(394, 17, 1, 59.99, 59.99),
	(394, 29, 3, 27.99, 83.97),
	(394, 36, 0, 27.9, 0),
	(396, 25, 9, 35.9, 323.1),
	(396, 33, 6, 29.9, 179.4),
	(397, 21, 5, 29.9, 149.5),
	(398, 47, 0, 29.9, 0),
	(399, 39, 3, 39.9, 119.7),
	(400, 18, 1, 39.9, 39.9),
	(402, 11, 4, 39.99, 159.96),
	(403, 27, 0, 23.9, 0),
	(406, 35, 8, 24.9, 199.2),
	(407, 9, 2, 44.9, 89.8),
	(409, 40, 3, 59.9, 179.7),
	(411, 6, 9, 59.9, 539.1),
	(413, 5, 7, 49.9, 349.3),
	(415, 25, 7, 35.9, 251.3),
	(416, 2, 5, 27.99, 139.95),
	(417, 42, 4, 49.9, 199.6),
	(418, 15, 7, 49.99, 349.93),
	(419, 17, 0, 59.99, 0),
	(420, 19, 1, 24.9, 24.9),
	(421, 18, 9, 39.9, 359.1),
	(422, 34, 5, 19.9, 99.5),
	(422, 36, 8, 27.9, 223.2),
	(424, 39, 1, 39.9, 39.9),
	(424, 44, 5, 39.9, 199.5),
	(425, 5, 7, 49.9, 349.3),
	(426, 18, 9, 39.9, 359.1),
	(428, 1, 3, 29.9, 89.7),
	(428, 30, 1, 59.9, 59.9),
	(432, 19, 1, 24.9, 24.9),
	(436, 46, 7, 34.9, 244.3),
	(438, 35, 6, 24.9, 149.4),
	(439, 19, 9, 24.9, 224.1),
	(442, 32, 2, 49.9, 99.8),
	(444, 10, 0, 49.9, 0),
	(445, 19, 9, 24.9, 224.1),
	(447, 13, 3, 49.99, 149.97),
	(449, 27, 7, 23.9, 167.3),
	(449, 35, 5, 24.9, 124.5);
/*!40000 ALTER TABLE "itens_venda" ENABLE KEYS */;

-- Copiando estrutura para tabela banco_livraria.livros
CREATE TABLE IF NOT EXISTS `livros` (
`idlivro` INTEGER  NOT NULL ,
`titulo` TEXT NOT NULL,
`idautor` INTEGER  DEFAULT NULL,
`ideditora` INTEGER  NOT NULL,
`idcategoria` INTEGER  NOT NULL,
`anopublicacao` INTEGER NOT NULL,
`preco` decimal(10,2) NOT NULL,
`estoque` INTEGER DEFAULT NULL,
PRIMARY KEY (`idlivro`),
FOREIGN KEY (`idautor`) REFERENCES `autores` (`idautor`),
FOREIGN KEY (`ideditora`) REFERENCES `editoras` (`ideditora`),
FOREIGN KEY (`idcategoria`) REFERENCES `categorias` (`idcategoria`)
);

-- Copiando dados para a tabela banco_livraria.livros: -1 rows
/*!40000 ALTER TABLE "livros" DISABLE KEYS */;
REPLACE INTO "livros" ("idlivro", "titulo", "idautor", "ideditora", "idcategoria", "anopublicacao", "preco", "estoque") VALUES
	(1, 'Dom Casmurro', 1, 4, 1, 1899, 29.9, 3),
	(2, 'Memórias Póstumas de Brás Cubas', 1, 4, 1, 1881, 27.99, 9),
	(3, 'O Cortiço', 2, 6, 1, 1890, 18.5, 8),
	(4, 'Grande Sertão: Veredas', 3, 1, 2, 1956, 42, 1),
	(5, 'O Senhor dos Anéis: A Sociedade do Anel', 4, 5, 2, 1954, 49.9, 1),
	(6, 'O Senhor dos Anéis: As Duas Torres', 4, 5, 2, 1954, 59.9, 4),
	(7, 'O Senhor dos Anéis: O Retorno do Rei', 4, 5, 2, 1955, 59.9, 8),
	(8, 'Game of Thrones', 5, 2, 2, 1996, 49.99, 6),
	(9, 'O Festim dos Corvos', 5, 2, 2, 2005, 44.9, 8),
	(10, 'A Dança dos Dragões', 5, 2, 2, 2011, 49.9, 1),
	(11, 'Harry Potter e a Pedra Filosofal', 6, 5, 2, 1997, 39.99, 3),
	(12, 'Harry Potter e a Câmara Secreta', 6, 5, 2, 1998, 44.99, 3),
	(13, 'Harry Potter e o Prisioneiro de Azkaban', 6, 5, 2, 1999, 49.99, 6),
	(14, 'Harry Potter e o Cálice de Fogo', 6, 5, 2, 2000, 54.99, 1),
	(15, 'Harry Potter e a Ordem da Fênix', 6, 5, 2, 2003, 49.99, 8),
	(16, 'Harry Potter e o Enigma do Príncipe', 6, 5, 2, 2005, 49.99, 8),
	(17, 'Harry Potter e as Relíquias da Morte', 6, 5, 2, 2007, 59.99, 6),
	(18, 'A Menina que Roubava Livros', 7, 4, 3, 2005, 39.9, 8),
	(19, 'O Diário de Anne Frank', 8, 3, 3, 1947, 24.9, 3),
	(20, 'Orgulho e Preconceito', 9, 7, 4, 1813, 28.9, 0),
	(21, 'Razão e Sensibilidade', 9, 7, 4, 1811, 29.9, 1),
	(22, 'Emma', 11, 7, 4, 1815, 25.99, 7),
	(23, 'A Revolução dos Bichos', 10, 4, 5, 1945, 19.9, 1),
	(24, 'A Hora da Estrela', 11, 4, 6, 1977, 26.9, 5),
	(25, 'A Paixão Segundo G.H.', 11, 4, 6, 1964, 35.9, 2),
	(26, 'Claro Enigma', 12, 4, 6, 1951, 29.9, 5),
	(27, 'A Arte de Amar', 13, 3, 7, 2, 23.9, 0),
	(28, 'O Banquete', 14, 3, 7, -380, 29.9, 7),
	(29, 'Meditações', 15, 3, 7, 180, 27.99, 6),
	(30, 'O Código Da Vinci', 16, 3, 4, 2003, 59.9, 7),
	(31, 'O Símbolo Perdido', 16, 3, 4, 2009, 39.9, 8),
	(32, 'Anjos e Demônios', 16, 3, 4, 2000, 49.9, 0),
	(33, 'Fortaleza Digital', 16, 3, 4, 1998, 29.9, 5),
	(34, 'O Alquimista', 17, 1, 7, 1988, 19.9, 6),
	(35, 'Brida', 17, 1, 7, 1990, 24.9, 7),
	(36, 'Veronika Decide Morrer', 17, 1, 7, 1998, 27.9, 5),
	(37, 'O Diário de um Mago', 17, 1, 7, 1987, 34.9, 4),
	(38, 'O Vendedor de Sonhos', 18, 1, 7, 2008, 29.9, 5),
	(39, 'O Aleph', 17, 1, 7, 2010, 39.9, 6),
	(40, 'Sapiens: Uma Breve História da Humanidade', 19, 5, 2, 2011, 59.9, 4),
	(41, 'Homo Deus: Uma Breve História do Amanhã', 19, 5, 2, 2016, 59.9, 5),
	(42, '21 Lições para o Século 21', 19, 5, 2, 2018, 49.9, 0),
	(43, 'O Poder do Hábito', 18, 2, 8, 2012, 44.9, 7),
	(44, 'A Coragem de Ser Imperfeito', 18, 2, 8, 2010, 39.9, 7),
	(45, 'Mais Esperto que o Diabo', 22, 2, 8, 2011, 29.9, 5),
	(46, 'Mindset: A Nova Psicologia do Sucesso', 23, 2, 8, 2006, 34.9, 4),
	(47, 'O Poder do Agora', 24, 6, 9, 1997, 29.9, 3),
	(48, 'O Milagre da Manhã', 25, 6, 9, 2012, 24.9, 6),
	(49, 'Os Segredos da Mente Milionária', 26, 2, 8, 2005, 39.9, 1),
	(50, '1984', 10, 4, 3, 1949, 39.9, 9),
	(51, 'A Revolução dos Bichos', 10, 4, 3, 1945, 29.9, 3),
	(52, 'A Dança da Morte', 27, 4, 3, 1978, 59.9, 9),
	(53, 'A Coisa', 27, 4, 3, 1986, 49.9, 5),
	(54, 'It - A Coisa', 27, 4, 3, 1986, 49.9, 7),
	(55, 'O Iluminado', 27, 4, 3, 1977, 39.9, 3),
	(56, 'Doutor Sono', 27, 4, 3, 2013, 29.9, 5),
	(57, 'A Torre Negra - O Pistoleiro', 27, 4, 3, 1982, 24.9, 6),
	(58, 'O Talismã', 27, 4, 3, 1984, 39.9, 6),
	(59, 'Joyland', 27, 4, 3, 2013, 19.9, 3),
	(60, 'O Nome do Vento', 21, 7, 6, 2007, 59.9, 5);
/*!40000 ALTER TABLE "livros" ENABLE KEYS */;

-- Copiando estrutura para tabela banco_livraria.vendas
CREATE TABLE IF NOT EXISTS `vendas` (
`idvenda` INTEGER  NOT NULL ,
`idcliente` INTEGER  NOT NULL,
`datavenda` date NOT NULL,
`total` decimal(10,2) NOT NULL,
PRIMARY KEY (`idvenda`),
FOREIGN KEY (`idcliente`) REFERENCES `clientes` (`idcliente`)
);

-- Copiando dados para a tabela banco_livraria.vendas: -1 rows
/*!40000 ALTER TABLE "vendas" DISABLE KEYS */;
REPLACE INTO "vendas" ("idvenda", "idcliente", "datavenda", "total") VALUES
	(1, 19, '2020-01-29', 27),
	(2, 63, '2021-06-23', 39),
	(3, 45, '2020-10-23', 6),
	(4, 73, '2020-11-11', 18),
	(5, 86, '2020-08-13', 27),
	(6, 3, '2021-07-16', 34),
	(7, 79, '2022-06-06', 2),
	(8, 60, '2022-05-06', 23),
	(9, 78, '2021-05-23', 9),
	(10, 42, '2021-07-14', 26),
	(11, 94, '2020-05-15', 42),
	(12, 84, '2021-11-05', 41),
	(13, 16, '2020-11-16', 5),
	(14, 54, '2021-02-06', 19),
	(15, 74, '2021-07-03', 25),
	(16, 93, '2020-05-09', 41),
	(17, 80, '2021-05-05', 2),
	(18, 77, '2022-01-16', 19),
	(19, 72, '2021-04-06', 6),
	(20, 22, '2022-02-13', 9),
	(21, 60, '2021-04-24', 28),
	(22, 43, '2021-04-13', 1),
	(23, 72, '2021-07-17', 31),
	(24, 45, '2021-02-01', 30),
	(25, 88, '2021-08-13', 14),
	(26, 67, '2021-05-01', 20),
	(27, 64, '2022-08-04', 40),
	(28, 20, '2021-09-06', 22),
	(29, 38, '2021-08-16', 40),
	(30, 26, '2022-06-10', 33),
	(31, 65, '2020-09-30', 20),
	(32, 21, '2022-05-05', 31),
	(33, 59, '2020-03-08', 28),
	(34, 60, '2020-11-18', 40),
	(35, 8, '2020-01-07', 38),
	(36, 81, '2022-02-04', 19),
	(37, 64, '2020-02-12', 14),
	(38, 31, '2021-12-07', 29),
	(39, 83, '2021-01-21', 21),
	(40, 3, '2022-05-17', 11),
	(41, 52, '2022-07-31', 6),
	(42, 87, '2022-08-04', 5),
	(43, 72, '2020-10-30', 16),
	(44, 73, '2021-11-13', 10),
	(45, 1, '2021-03-14', 7),
	(46, 41, '2021-10-12', 49),
	(47, 4, '2020-07-24', 45),
	(48, 92, '2022-06-27', 37),
	(49, 7, '2020-03-22', 9),
	(50, 71, '2022-09-05', 38),
	(51, 87, '2020-04-19', 45),
	(52, 21, '2020-12-04', 2),
	(53, 25, '2020-04-24', 40),
	(54, 69, '2020-02-03', 4),
	(55, 37, '2021-07-27', 37),
	(56, 5, '2020-01-17', 45),
	(57, 50, '2022-03-24', 26),
	(58, 24, '2021-09-08', 17),
	(59, 87, '2020-12-20', 6),
	(60, 62, '2021-12-21', 36),
	(61, 45, '2020-04-10', 7),
	(62, 40, '2021-08-28', 40),
	(63, 23, '2021-12-29', 47),
	(64, 55, '2022-07-07', 46),
	(65, 92, '2022-03-28', 15),
	(66, 11, '2021-09-13', 38),
	(67, 98, '2021-08-27', 3),
	(68, 55, '2021-07-15', 6),
	(70, 48, '2020-07-28', 30),
	(71, 38, '2020-04-24', 20),
	(72, 75, '2021-05-31', 15),
	(73, 3, '2020-08-29', 4),
	(74, 73, '2021-02-05', 39),
	(75, 79, '2021-07-09', 20),
	(76, 36, '2021-09-11', 49),
	(77, 11, '2021-08-06', 28),
	(78, 13, '2022-07-12', 11),
	(79, 36, '2020-06-03', 33),
	(80, 88, '2021-02-15', 20),
	(81, 80, '2022-02-27', 26),
	(82, 31, '2022-08-04', 40),
	(83, 17, '2021-04-05', 38),
	(84, 51, '2020-09-09', 35),
	(85, 77, '2022-01-14', 20),
	(86, 78, '2021-12-19', 11),
	(87, 1, '2020-12-22', 37),
	(88, 68, '2020-06-07', 37),
	(89, 24, '2020-01-16', 16),
	(90, 58, '2022-08-16', 1),
	(91, 27, '2020-10-29', 33),
	(92, 47, '2020-11-20', 10),
	(93, 8, '2022-02-09', 30),
	(94, 74, '2022-06-13', 11),
	(95, 48, '2021-12-14', 6),
	(96, 46, '2022-08-28', 22),
	(97, 34, '2020-12-28', 39),
	(98, 83, '2022-03-13', 26),
	(99, 20, '2021-03-18', 30),
	(100, 70, '2021-12-04', 20),
	(101, 90, '2020-11-10', 42),
	(102, 35, '2020-07-06', 43),
	(103, 83, '2021-06-24', 9),
	(104, 34, '2020-05-20', 33),
	(105, 92, '2021-09-27', 19),
	(106, 4, '2020-03-03', 8),
	(107, 66, '2022-03-31', 5),
	(108, 5, '2022-08-19', 32),
	(109, 34, '2022-02-20', 43),
	(110, 3, '2021-07-22', 36),
	(111, 91, '2021-02-13', 14),
	(112, 26, '2021-02-23', 15),
	(113, 28, '2021-05-18', 33),
	(114, 78, '2022-08-24', 23),
	(115, 41, '2021-11-26', 11),
	(116, 3, '2021-06-02', 23),
	(117, 82, '2021-12-12', 3),
	(118, 22, '2022-07-07', 45),
	(119, 79, '2020-09-13', 44),
	(120, 67, '2021-12-22', 28),
	(121, 70, '2022-02-27', 41),
	(122, 83, '2021-09-26', 34),
	(123, 49, '2021-03-25', 37),
	(124, 41, '2022-04-07', 44),
	(125, 93, '2020-01-28', 16),
	(126, 57, '2022-06-01', 34),
	(127, 77, '2022-04-03', 39),
	(128, 48, '2020-02-03', 36),
	(129, 53, '2021-05-01', 41),
	(130, 69, '2022-09-05', 40),
	(131, 11, '2020-05-28', 19),
	(132, 53, '2021-04-13', 37),
	(133, 33, '2021-03-17', 9),
	(134, 64, '2021-10-14', 16),
	(135, 65, '2020-10-13', 24),
	(136, 54, '2020-10-22', 41),
	(137, 27, '2022-05-21', 26),
	(138, 7, '2022-01-27', 28),
	(139, 54, '2020-02-12', 28),
	(140, 72, '2022-07-16', 22),
	(141, 48, '2020-03-25', 47),
	(142, 51, '2021-11-23', 46),
	(143, 58, '2020-05-27', 48),
	(144, 40, '2020-04-17', 16),
	(145, 32, '2021-09-22', 9),
	(146, 1, '2021-06-20', 31),
	(147, 55, '2022-05-08', 31),
	(148, 61, '2020-06-25', 1),
	(149, 60, '2022-08-07', 46),
	(150, 80, '2020-08-08', 34),
	(151, 81, '2020-01-01', 27),
	(152, 74, '2020-03-26', 9),
	(153, 66, '2022-02-25', 46),
	(154, 28, '2021-09-15', 13),
	(155, 48, '2021-09-23', 34),
	(156, 55, '2021-11-25', 40),
	(157, 99, '2021-05-29', 29),
	(158, 44, '2021-03-20', 44),
	(159, 6, '2021-11-19', 12),
	(160, 16, '2020-03-27', 46),
	(161, 43, '2020-12-05', 20),
	(163, 46, '2021-02-09', 31),
	(164, 97, '2022-08-15', 43),
	(165, 45, '2021-10-23', 47),
	(166, 78, '2020-02-21', 45),
	(167, 39, '2020-09-12', 4),
	(168, 65, '2020-01-14', 5),
	(169, 49, '2020-06-12', 16),
	(170, 14, '2022-01-17', 14),
	(171, 25, '2021-01-11', 5),
	(172, 45, '2022-07-22', 14),
	(173, 68, '2021-07-06', 34),
	(174, 80, '2022-08-25', 20),
	(175, 14, '2021-04-30', 0),
	(176, 54, '2021-12-20', 48),
	(177, 66, '2021-03-10', 8),
	(178, 57, '2020-12-08', 49),
	(179, 93, '2021-11-28', 34),
	(180, 31, '2021-06-17', 36),
	(182, 88, '2021-06-26', 2),
	(183, 65, '2020-04-04', 25),
	(184, 30, '2022-08-15', 44),
	(185, 53, '2020-01-11', 23),
	(186, 27, '2022-09-24', 7),
	(187, 80, '2021-06-12', 11),
	(188, 61, '2020-11-29', 41),
	(189, 19, '2021-03-25', 33),
	(190, 99, '2022-08-22', 42),
	(191, 31, '2020-02-24', 16),
	(192, 46, '2020-11-30', 14),
	(193, 41, '2020-09-03', 48),
	(194, 11, '2021-10-29', 49),
	(195, 93, '2021-12-17', 38),
	(196, 72, '2020-11-12', 19),
	(197, 3, '2022-08-31', 38),
	(198, 92, '2020-11-21', 42),
	(199, 26, '2022-03-09', 9),
	(200, 51, '2020-02-10', 32),
	(201, 12, '2021-11-17', 2),
	(202, 20, '2022-05-02', 32),
	(203, 71, '2021-09-18', 48),
	(204, 1, '2020-05-16', 32),
	(205, 79, '2020-01-30', 38),
	(206, 80, '2021-11-12', 49),
	(207, 93, '2021-11-26', 33),
	(208, 25, '2020-09-15', 26),
	(209, 90, '2022-07-03', 43),
	(210, 55, '2020-07-31', 19),
	(211, 29, '2020-11-05', 33),
	(212, 41, '2020-02-18', 0),
	(213, 90, '2021-05-29', 42),
	(214, 68, '2022-06-03', 18),
	(215, 19, '2022-05-09', 35),
	(216, 1, '2022-07-03', 26),
	(217, 89, '2022-06-28', 42),
	(218, 52, '2020-04-01', 43),
	(219, 7, '2022-02-17', 32),
	(220, 95, '2022-02-23', 3),
	(221, 99, '2022-01-22', 39),
	(222, 68, '2020-02-16', 9),
	(223, 79, '2021-02-05', 31),
	(224, 95, '2022-06-12', 29),
	(225, 27, '2021-08-26', 9),
	(226, 15, '2020-07-03', 23),
	(227, 77, '2021-04-05', 49),
	(228, 57, '2022-06-11', 37),
	(229, 4, '2022-09-04', 38),
	(230, 87, '2020-03-26', 40),
	(231, 77, '2021-03-26', 46),
	(232, 29, '2021-11-28', 29),
	(233, 88, '2021-10-08', 28),
	(234, 91, '2022-05-09', 27),
	(235, 20, '2020-12-03', 4),
	(236, 41, '2022-03-24', 41),
	(237, 69, '2022-08-31', 39),
	(238, 6, '2022-07-16', 22),
	(239, 45, '2022-07-19', 14),
	(240, 65, '2021-03-01', 7),
	(241, 47, '2022-07-26', 12),
	(242, 45, '2021-05-21', 8),
	(243, 34, '2020-07-04', 45),
	(244, 97, '2020-06-19', 45),
	(245, 7, '2021-08-29', 40),
	(246, 27, '2022-07-05', 37),
	(247, 4, '2022-08-08', 30),
	(248, 23, '2020-11-22', 46),
	(249, 64, '2021-03-19', 14),
	(250, 10, '2021-10-27', 0),
	(251, 5, '2020-09-06', 3),
	(252, 64, '2022-08-27', 46),
	(253, 72, '2022-04-13', 0),
	(254, 50, '2021-06-04', 4),
	(255, 87, '2020-05-02', 49),
	(256, 53, '2021-12-30', 2),
	(257, 4, '2020-03-23', 13),
	(258, 14, '2022-06-05', 49),
	(259, 33, '2021-11-14', 20),
	(260, 99, '2021-12-30', 33),
	(261, 19, '2022-07-29', 6),
	(262, 78, '2021-07-13', 22),
	(263, 54, '2021-01-20', 14),
	(264, 32, '2021-12-15', 30),
	(265, 91, '2022-01-25', 1),
	(266, 83, '2020-04-29', 4),
	(267, 8, '2020-06-21', 29),
	(268, 47, '2021-07-21', 21),
	(269, 41, '2022-02-21', 34),
	(270, 7, '2020-10-31', 15),
	(271, 61, '2020-06-28', 1),
	(272, 65, '2020-05-27', 39),
	(273, 45, '2022-08-06', 18),
	(275, 14, '2021-08-30', 8),
	(277, 32, '2021-09-25', 9),
	(278, 3, '2022-03-02', 36),
	(279, 13, '2020-07-26', 9),
	(280, 17, '2020-07-13', 45),
	(281, 47, '2022-09-17', 6),
	(282, 33, '2022-08-28', 41),
	(283, 14, '2022-06-13', 31),
	(284, 22, '2021-01-22', 28),
	(285, 35, '2022-03-17', 45),
	(286, 8, '2020-04-03', 48),
	(287, 26, '2021-12-27', 3),
	(288, 7, '2021-07-29', 20),
	(289, 16, '2021-03-08', 7),
	(290, 25, '2020-01-29', 31),
	(291, 5, '2021-09-22', 41),
	(292, 11, '2021-11-10', 35),
	(293, 24, '2021-01-01', 17),
	(294, 30, '2022-09-19', 7),
	(295, 39, '2021-06-08', 11),
	(296, 28, '2020-06-30', 9),
	(297, 19, '2020-12-20', 31),
	(298, 3, '2021-05-02', 10),
	(299, 30, '2021-02-21', 12),
	(300, 49, '2020-08-04', 5),
	(301, 43, '2020-03-11', 36),
	(302, 19, '2022-03-29', 45),
	(303, 2, '2021-07-21', 33),
	(304, 32, '2020-09-24', 18),
	(305, 1, '2020-03-11', 12),
	(306, 2, '2021-03-25', 6),
	(307, 14, '2020-02-08', 17),
	(308, 30, '2022-09-10', 5),
	(309, 29, '2021-09-03', 14),
	(310, 32, '2020-12-23', 42),
	(311, 6, '2020-04-24', 9),
	(312, 30, '2021-05-17', 33),
	(313, 40, '2020-03-12', 46),
	(314, 19, '2020-06-27', 36),
	(315, 5, '2020-12-07', 19),
	(316, 47, '2021-06-22', 43),
	(317, 34, '2022-04-27', 8),
	(318, 17, '2020-09-02', 7),
	(319, 2, '2022-02-04', 34),
	(320, 6, '2021-09-25', 37),
	(321, 42, '2022-09-07', 18),
	(322, 44, '2020-12-20', 5),
	(323, 22, '2022-07-10', 13),
	(324, 29, '2020-04-23', 40),
	(325, 36, '2020-07-25', 42),
	(326, 29, '2021-03-15', 20),
	(327, 38, '2021-08-23', 34),
	(328, 32, '2020-07-19', 1),
	(329, 29, '2022-05-01', 23),
	(330, 41, '2021-12-08', 2),
	(331, 7, '2021-08-01', 22),
	(332, 24, '2020-05-28', 12),
	(333, 40, '2020-10-20', 1),
	(334, 15, '2021-04-06', 17),
	(335, 20, '2022-08-29', 31),
	(336, 11, '2020-10-01', 33),
	(337, 27, '2021-12-21', 47),
	(338, 30, '2020-07-23', 9),
	(339, 14, '2022-07-24', 39),
	(340, 6, '2020-10-19', 3),
	(341, 23, '2020-04-18', 7),
	(342, 22, '2022-03-24', 34),
	(343, 2, '2020-04-27', 23),
	(344, 48, '2021-04-01', 18),
	(345, 24, '2020-11-06', 5),
	(346, 28, '2021-07-12', 3),
	(347, 35, '2020-10-31', 20),
	(348, 4, '2020-10-08', 5),
	(349, 36, '2020-10-15', 13),
	(350, 22, '2021-05-15', 6),
	(351, 6, '2020-10-02', 49),
	(352, 4, '2021-04-26', 7),
	(353, 15, '2020-04-15', 29),
	(354, 32, '2021-03-29', 16),
	(355, 14, '2021-03-18', 17),
	(356, 22, '2020-05-19', 18),
	(357, 23, '2020-08-30', 39),
	(358, 10, '2021-10-08', 31),
	(359, 10, '2020-07-11', 15),
	(360, 48, '2022-07-08', 34),
	(361, 34, '2020-12-12', 34),
	(362, 20, '2022-07-27', 24),
	(363, 31, '2021-11-03', 24),
	(364, 19, '2021-04-20', 11),
	(365, 35, '2022-05-02', 7),
	(366, 7, '2020-11-29', 10),
	(367, 3, '2021-10-30', 7),
	(368, 39, '2021-03-25', 44),
	(369, 5, '2022-06-10', 5),
	(370, 45, '2020-07-05', 10),
	(371, 24, '2022-05-10', 40),
	(372, 22, '2022-03-14', 34),
	(373, 1, '2020-03-25', 16),
	(374, 20, '2020-03-10', 5),
	(375, 16, '2020-10-29', 26),
	(376, 39, '2020-11-23', 13),
	(377, 18, '2020-02-26', 7),
	(378, 31, '2021-10-01', 16),
	(379, 36, '2021-10-03', 1),
	(380, 11, '2020-02-17', 27),
	(381, 31, '2021-05-03', 27),
	(382, 14, '2022-03-10', 6),
	(383, 11, '2022-01-07', 1),
	(384, 45, '2021-03-12', 23),
	(385, 4, '2022-09-21', 35),
	(386, 29, '2022-02-24', 8),
	(387, 25, '2022-09-23', 23),
	(388, 19, '2021-05-14', 17),
	(389, 10, '2020-02-19', 30),
	(390, 42, '2021-04-29', 42),
	(391, 39, '2021-03-18', 40),
	(392, 37, '2020-10-22', 11),
	(393, 14, '2021-12-15', 36),
	(394, 23, '2020-05-28', 17),
	(395, 16, '2021-08-15', 48),
	(396, 3, '2021-02-09', 42),
	(397, 49, '2021-04-10', 16),
	(398, 13, '2020-11-07', 38),
	(399, 46, '2020-12-12', 46),
	(400, 30, '2020-10-15', 29),
	(401, 4, '2021-12-19', 14),
	(402, 15, '2021-12-14', 30),
	(403, 44, '2021-09-29', 25),
	(404, 32, '2022-01-22', 39),
	(405, 33, '2022-08-20', 41),
	(406, 11, '2021-12-22', 44),
	(407, 13, '2021-12-23', 38),
	(408, 36, '2020-10-31', 16),
	(409, 38, '2022-04-02', 40),
	(410, 30, '2021-07-25', 2),
	(411, 26, '2021-05-13', 45),
	(412, 1, '2021-02-23', 0),
	(413, 41, '2020-05-06', 6),
	(414, 11, '2022-03-15', 16),
	(415, 9, '2022-08-27', 14),
	(416, 26, '2022-03-08', 19),
	(417, 28, '2021-10-06', 26),
	(418, 36, '2020-01-30', 48),
	(419, 38, '2022-09-04', 27),
	(420, 40, '2021-01-21', 25),
	(421, 20, '2021-05-12', 13),
	(422, 41, '2020-12-21', 14),
	(423, 19, '2020-02-05', 1),
	(424, 3, '2020-07-22', 41),
	(425, 28, '2020-12-22', 3),
	(426, 11, '2022-09-11', 11),
	(427, 8, '2020-05-24', 11),
	(428, 36, '2022-09-12', 35),
	(429, 30, '2022-07-23', 41),
	(430, 15, '2020-04-25', 31),
	(431, 39, '2020-02-15', 43),
	(432, 11, '2021-05-30', 44),
	(433, 46, '2022-09-04', 4),
	(434, 25, '2020-11-14', 2),
	(435, 12, '2020-04-28', 42),
	(436, 44, '2022-05-09', 32),
	(437, 35, '2021-08-07', 39),
	(438, 9, '2021-06-25', 8),
	(439, 10, '2021-06-03', 49),
	(440, 19, '2022-08-08', 30),
	(441, 8, '2020-01-25', 31),
	(442, 1, '2020-11-26', 26),
	(443, 33, '2022-01-17', 36),
	(444, 21, '2022-07-04', 15),
	(445, 39, '2020-02-15', 42),
	(446, 4, '2022-06-13', 10),
	(447, 19, '2020-11-29', 23),
	(448, 19, '2021-05-24', 19),
	(449, 19, '2022-02-18', 36),
	(450, 18, '2021-08-04', 41),
	(451, 19, '2021-05-16', 15),
	(452, 4, '2021-03-25', 0),
	(453, 34, '2021-01-23', 44),
	(454, 16, '2022-08-10', 38);
/*!40000 ALTER TABLE "vendas" ENABLE KEYS */;

/*!40103 SET TIME_ZONE=IFNULL(@OLD_TIME_ZONE, 'system') */;
/*!40101 SET SQL_MODE=IFNULL(@OLD_SQL_MODE, '') */;
/*!40014 SET FOREIGN_KEY_CHECKS=IFNULL(@OLD_FOREIGN_KEY_CHECKS, 1) */;
/*!40101 SET CHARACTER_SET_CLIENT=@OLD_CHARACTER_SET_CLIENT */;
/*!40111 SET SQL_NOTES=IFNULL(@OLD_SQL_NOTES, 1) */;
