-- phpMyAdmin SQL Dump
-- version 4.6.5.2
-- https://www.phpmyadmin.net/
--
-- Host: 127.0.0.1
-- Generation Time: 11-Abr-2023 às 01:36
-- Versão do servidor: 10.1.21-MariaDB
-- PHP Version: 5.6.30

SET SQL_MODE = "NO_AUTO_VALUE_ON_ZERO";
SET time_zone = "+00:00";


/*!40101 SET @OLD_CHARACTER_SET_CLIENT=@@CHARACTER_SET_CLIENT */;
/*!40101 SET @OLD_CHARACTER_SET_RESULTS=@@CHARACTER_SET_RESULTS */;
/*!40101 SET @OLD_COLLATION_CONNECTION=@@COLLATION_CONNECTION */;
/*!40101 SET NAMES utf8mb4 */;

--
-- Database: `livraria2023`
--

-- --------------------------------------------------------

--
-- Estrutura da tabela `autores`
--

CREATE TABLE `autores` (
  `idautor` int(10) UNSIGNED NOT NULL,
  `nome` varchar(255) NOT NULL,
  `sexo` varchar(1) DEFAULT NULL
) ENGINE=InnoDB DEFAULT CHARSET=utf8;

--
-- Extraindo dados da tabela `autores`
--

INSERT INTO `autores` (`idautor`, `nome`, `sexo`) VALUES
(1, 'Machado de Assis', 'm'),
(2, 'Aluísio Azevedo', 'm'),
(3, 'João Guimarães Rosa', 'm'),
(4, 'J.R.R. Tolkien', 'm'),
(5, 'George R. R. Martin', 'm'),
(6, 'J.K. Rowling', 'f'),
(7, 'Markus Zusak', 'm'),
(8, 'Anne Frank', 'f'),
(9, 'Jane Austen', 'f'),
(10, 'George Orwell', 'm'),
(11, 'Clarice Lispector', 'f'),
(12, 'Carlos Drummond de Andrade', 'm'),
(13, 'Ovídio', 'm'),
(14, 'Platão', 'm'),
(15, 'Marco Aurélio', 'm'),
(16, 'Dan Brown', 'm'),
(17, 'Paulo Coelho', 'm'),
(18, 'Augusto Cury', 'm'),
(19, 'Yuval Noah Harari', 'm'),
(20, 'Charles Duhigg', 'm'),
(21, 'Brené Brown', 'm'),
(22, 'Napoleon Hill', 'm'),
(23, 'Carol Dweck', 'f'),
(24, 'Eckhart Tolle', 'm'),
(25, 'Hal Elrod', 'm'),
(26, 'T. Harv Eker', 'm'),
(27, 'Stephen King', 'm');

-- --------------------------------------------------------

--
-- Estrutura da tabela `categorias`
--

CREATE TABLE `categorias` (
  `idcategoria` int(10) UNSIGNED NOT NULL,
  `nome` varchar(255) NOT NULL
) ENGINE=InnoDB DEFAULT CHARSET=utf8;

--
-- Extraindo dados da tabela `categorias`
--

INSERT INTO `categorias` (`idcategoria`, `nome`) VALUES
(1, 'Ficção literária'),
(2, 'Não-ficção literária'),
(3, 'Romance'),
(4, 'Mistério/Thriller'),
(5, 'Fantasia'),
(6, 'Ficção científica'),
(7, 'História'),
(8, 'Biografia/Memórias'),
(9, 'Ciência'),
(10, 'Saúde e bem-estar'),
(11, 'Autoajuda'),
(12, 'Negócios/Economia'),
(13, 'Tecnologia'),
(14, 'Artes e entretenimento'),
(15, 'Culinária'),
(16, 'Viagem'),
(17, 'Esporte e lazer'),
(18, 'Infantil'),
(19, 'Jovem adulto'),
(20, 'Religião/Filosofia');

-- --------------------------------------------------------

--
-- Estrutura da tabela `clientes`
--

CREATE TABLE `clientes` (
  `idcliente` int(10) UNSIGNED NOT NULL,
  `nome` varchar(255) NOT NULL,
  `sexo` varchar(1) DEFAULT NULL,
  `telefone` varchar(20) DEFAULT NULL,
  `email` varchar(255) DEFAULT NULL,
  `datanascimento` date DEFAULT NULL
) ENGINE=InnoDB DEFAULT CHARSET=utf8;

--
-- Extraindo dados da tabela `clientes`
--

INSERT INTO `clientes` (`idcliente`, `nome`, `sexo`, `telefone`, `email`, `datanascimento`) VALUES
(1, 'João Ribeiro', 'M', '(629) 555-4246', 'joão.ribeiro@exemplo.com', '2000-11-23'),
(2, 'Lucas Silva', 'M', '(466) 555-7746', 'lucas.silva@exemplo.com', '1997-03-01'),
(3, 'Marcos Lima', 'M', '(889) 555-9283', 'marcos.lima@exemplo.com', '1977-11-17'),
(4, 'Pedro Gomes', 'M', '(942) 555-6309', 'pedro.gomes@exemplo.com', '1988-09-25'),
(5, 'Julia Gomes', 'F', '(681) 555-8970', 'julia.gomes@exemplo.com', '1996-01-27'),
(6, 'Marcos Silva', 'M', '(389) 555-4735', 'marcos.silva@exemplo.com', '1977-12-12'),
(7, 'Mariana Costa', 'F', '(498) 555-2404', 'mariana.costa@exemplo.com', '1974-06-09'),
(8, 'Pedro Almeida', 'M', '(569) 555-1006', 'pedro.almeida@exemplo.com', '1965-06-13'),
(9, 'Mariana Santos', 'F', '(360) 555-2089', 'mariana.santos@exemplo.com', '1980-08-25'),
(10, 'José Ribeiro', 'M', '(234) 555-9387', 'josé.ribeiro@exemplo.com', '1954-05-18'),
(11, 'Pedro Lima', 'M', '(728) 555-1988', 'pedro.lima@exemplo.com', '1977-12-19'),
(12, 'Pedro Santos', 'M', '(617) 555-9511', 'pedro.santos@exemplo.com', '1989-01-18'),
(13, 'José Silva', 'M', '(249) 555-2071', 'josé.silva@exemplo.com', '1952-05-22'),
(14, 'Mariana Souza', 'F', '(667) 555-1719', 'mariana.souza@exemplo.com', '1972-12-24'),
(15, 'João Santos', 'M', '(394) 555-5770', 'joão.santos@exemplo.com', '1994-08-16'),
(16, 'Maria Souza', 'F', '(337) 555-3731', 'maria.souza@exemplo.com', '1956-12-22'),
(17, 'Mariana Gomes', 'F', '(50) 555-2593', 'mariana.gomes@exemplo.com', '1951-05-22'),
(18, 'Mariana Almeida', 'F', '(704) 555-6163', 'mariana.almeida@exemplo.com', '1967-05-07'),
(19, 'Carla Gomes', 'F', '(164) 555-4750', 'carla.gomes@exemplo.com', '1975-08-18'),
(20, 'Lucas Costa', 'M', '(604) 555-4166', 'lucas.costa@exemplo.com', '1998-09-15'),
(21, 'Ana Santos', 'F', '(519) 555-7724', 'ana.santos@exemplo.com', '1965-07-01'),
(22, 'Julia Almeida', 'F', '(993) 555-5676', 'julia.almeida@exemplo.com', '1976-06-11'),
(23, 'José Gomes', 'M', '(567) 555-8467', 'josé.gomes@exemplo.com', '1986-08-29'),
(24, 'Carla Silva', 'F', '(582) 555-7093', 'carla.silva@exemplo.com', '1972-07-03'),
(25, 'João Oliveira', 'M', '(194) 555-5102', 'joão.oliveira@exemplo.com', '1977-09-04'),
(26, 'Julia Oliveira', 'F', '(130) 555-7839', 'julia.oliveira@exemplo.com', '1984-07-29'),
(27, 'Julia Lima', 'F', '(342) 555-6599', 'julia.lima@exemplo.com', '1969-11-19'),
(28, 'Maria Costa', 'F', '(219) 555-1354', 'maria.costa@exemplo.com', '1951-02-03'),
(29, 'Lucas Oliveira', 'M', '(105) 555-9499', 'lucas.oliveira@exemplo.com', '1997-03-10'),
(30, 'Marcos Gomes', 'M', '(871) 555-9764', 'marcos.gomes@exemplo.com', '1956-12-17'),
(31, 'José Pereira', 'M', '(169) 555-4532', 'josé.pereira@exemplo.com', '1958-05-07'),
(32, 'Lucas Lima', 'M', '(542) 555-4693', 'lucas.lima@exemplo.com', '1955-07-15'),
(33, 'Lucas Souza', 'M', '(372) 555-3752', 'lucas.souza@exemplo.com', '1978-06-15'),
(34, 'Maria Lima', 'F', '(976) 555-2644', 'maria.lima@exemplo.com', '1981-01-25'),
(35, 'Ana Oliveira', 'F', '(108) 555-6514', 'ana.oliveira@exemplo.com', '1985-04-05'),
(36, 'Carla Oliveira', 'F', '(64) 555-2328', 'carla.oliveira@exemplo.com', '1989-09-23'),
(37, 'Julia Souza', 'F', '(320) 555-7747', 'julia.souza@exemplo.com', '1965-08-07'),
(38, 'Marcos Oliveira', 'M', '(513) 555-9087', 'marcos.oliveira@exemplo.com', '1980-06-09'),
(39, 'Carla Souza', 'F', '(812) 555-7576', 'carla.souza@exemplo.com', '1974-04-13'),
(40, 'Carla Lima', 'F', '(188) 555-4861', 'carla.lima@exemplo.com', '1959-05-09'),
(41, 'João Lima', 'M', '(780) 555-4136', 'joão.lima@exemplo.com', '1996-08-26'),
(42, 'Ana Gomes', 'M', '(565) 555-7822', 'ana.gomes@exemplo.com', '1969-07-03'),
(43, 'Ana Almeida', 'F', '(287) 555-6425', 'ana.almeida@exemplo.com', '1983-07-02'),
(44, 'Ana Pereira', 'F', '(87) 555-3087', 'ana.pereira@exemplo.com', '1953-10-05'),
(45, 'Maria Santos', 'F', '(237) 555-3876', 'maria.santos@exemplo.com', '1965-11-17'),
(46, 'Julia Ribeiro', 'F', '(376) 555-6595', 'julia.ribeiro@exemplo.com', '1972-12-21'),
(47, 'José Souza', 'M', '(61) 555-5992', 'josé.souza@exemplo.com', '1982-01-08'),
(48, 'Ana Lima', 'F', '(983) 555-4831', 'ana.lima@exemplo.com', '1959-01-02'),
(49, 'Lucas Santos', 'M', '(913) 555-4119', 'lucas.santos@exemplo.com', '1990-07-25'),
(50, 'Pedro Souza', 'M', '(938) 555-5001', 'pedro.souza@exemplo.com', '1991-01-18'),
(51, 'José Costa', 'M', '(466) 555-6642', 'josé.costa@exemplo.com', '1962-11-13'),
(52, 'João Pereira', 'M', '(901) 555-3436', 'joão.pereira@exemplo.com', '1990-10-26'),
(53, 'Pedro Ribeiro', 'M', '(84) 555-9526', 'pedro.ribeiro@exemplo.com', '1958-09-06'),
(54, 'Julia Costa', 'F', '(503) 555-1211', 'julia.costa@exemplo.com', '1959-01-02'),
(55, 'João Gomes', 'M', '(810) 555-1558', 'joão.gomes@exemplo.com', '1968-02-11'),
(56, 'Carla Ribeiro', 'F', '(265) 555-1974', 'carla.ribeiro@exemplo.com', '1953-12-24'),
(57, 'Ana Souza', 'F', '(264) 555-5187', 'ana.souza@exemplo.com', '1983-11-21'),
(58, 'João Costa', 'M', '(669) 555-1685', 'joão.costa@exemplo.com', '1991-06-30'),
(59, 'Marcos Costa', 'M', '(149) 555-7473', 'marcos.costa@exemplo.com', '1950-07-15'),
(60, 'Marcos Pereira', 'M', '(990) 555-4103', 'marcos.pereira@exemplo.com', '1961-01-28'),
(61, 'José Almeida', 'M', '(764) 555-5929', 'josé.almeida@exemplo.com', '1973-03-23'),
(62, 'Marcos Almeida', 'M', '(316) 555-3195', 'marcos.almeida@exemplo.com', '1992-08-23'),
(63, 'João Souza', 'M', '(37) 555-5227', 'joão.souza@exemplo.com', '1999-08-20'),
(64, 'Maria Pereira', 'F', '(804) 555-4247', 'maria.pereira@exemplo.com', '1962-02-11'),
(65, 'Maria Silva', 'F', '(840) 555-5881', 'maria.silva@exemplo.com', '1980-04-23'),
(66, 'Carla Almeida', 'F', '(510) 555-2021', 'carla.almeida@exemplo.com', '1976-03-25'),
(67, 'Pedro Silva', 'M', '(979) 555-6277', 'pedro.silva@exemplo.com', '1992-03-19'),
(68, 'João Silva', 'M', '(6) 555-4030', 'joão.silva@exemplo.com', '1962-09-18'),
(69, 'Pedro Costa', 'M', '(289) 555-7182', 'pedro.costa@exemplo.com', '1963-11-11'),
(70, 'Maria Oliveira', 'F', '(40) 555-7972', 'maria.oliveira@exemplo.com', '1976-01-20'),
(71, 'Lucas Pereira', 'M', '(115) 555-5151', 'lucas.pereira@exemplo.com', '1952-03-02'),
(72, 'Lucas Gomes', 'M', '(973) 555-4950', 'lucas.gomes@exemplo.com', '1976-01-18'),
(73, 'Ana Costa', 'F', '(519) 555-3227', 'ana.costa@exemplo.com', '1992-11-08'),
(74, 'Pedro Oliveira', 'M', '(578) 555-8368', 'pedro.oliveira@exemplo.com', '1951-04-21'),
(75, 'João Almeida', 'M', '(707) 555-2679', 'joão.almeida@exemplo.com', '1992-12-09'),
(76, 'José Oliveira', 'M', '(333) 555-8925', 'josé.oliveira@exemplo.com', '2000-11-13'),
(77, 'Mariana Pereira', 'F', '(804) 555-8402', 'mariana.pereira@exemplo.com', '1971-11-29'),
(78, 'Lucas Almeida', 'M', '(795) 555-1094', 'lucas.almeida@exemplo.com', '2004-03-07'),
(79, 'Marcos Souza', 'M', '(175) 555-7725', 'marcos.souza@exemplo.com', '1952-05-12'),
(80, 'Maria Almeida', 'F', '(578) 555-8827', 'maria.almeida@exemplo.com', '1950-06-12'),
(81, 'Julia Pereira', 'F', '(822) 555-1142', 'julia.pereira@exemplo.com', '1951-10-17'),
(82, 'Ana Silva', 'F', '(447) 555-8227', 'ana.silva@exemplo.com', '1994-05-31'),
(83, 'Lucas Ribeiro', 'M', '(117) 555-2688', 'lucas.ribeiro@exemplo.com', '1975-07-21'),
(84, 'Julia Santos', 'F', '(939) 555-4108', 'julia.santos@exemplo.com', '1956-06-18'),
(85, 'Maria Gomes', 'F', '(270) 555-3037', 'maria.gomes@exemplo.com', '1970-07-13'),
(86, 'José Santos', 'F', '(918) 555-6487', 'josé.santos@exemplo.com', '1986-03-23'),
(87, 'Pedro Pereira', 'M', '(891) 555-7335', 'pedro.pereira@exemplo.com', '1963-10-06'),
(88, 'Marcos Santos', 'M', '(403) 555-7083', 'marcos.santos@exemplo.com', '1992-10-10'),
(89, 'Mariana Silva', 'F', '(826) 555-9186', 'mariana.silva@exemplo.com', '1990-07-28'),
(90, 'Maria Ribeiro', 'F', '(30) 555-1479', 'maria.ribeiro@exemplo.com', '1988-04-09'),
(91, 'Mariana Lima', 'F', '(923) 555-4887', 'mariana.lima@exemplo.com', '1989-11-12'),
(92, 'Carla Costa', 'F', '(744) 555-1481', 'carla.costa@exemplo.com', '1980-06-25'),
(93, 'Mariana Oliveira', 'F', '(264) 555-8513', 'mariana.oliveira@exemplo.com', '1977-02-19'),
(94, 'Ana Ribeiro', 'F', '(392) 555-7732', 'ana.ribeiro@exemplo.com', '1953-12-02'),
(95, 'Carla Pereira', 'F', '(583) 555-4919', 'carla.pereira@exemplo.com', '1958-10-25'),
(96, 'Mariana Ribeiro', 'F', '(304) 555-9581', 'mariana.ribeiro@exemplo.com', '1960-05-30'),
(97, 'Marcos Ribeiro', 'M', '(121) 555-8785', 'marcos.ribeiro@exemplo.com', '1963-07-09'),
(98, 'José Lima', 'F', '(306) 555-8992', 'josé.lima@exemplo.com', '1998-03-24'),
(99, 'Carla Santos', 'F', '(348) 555-8912', 'carla.santos@exemplo.com', '1984-01-10'),
(100, 'Julia Silva', 'F', '(577) 555-7973', 'julia.silva@exemplo.com', '1952-01-14');

-- --------------------------------------------------------

--
-- Estrutura da tabela `editoras`
--

CREATE TABLE `editoras` (
  `ideditora` int(10) UNSIGNED NOT NULL,
  `nome` varchar(255) NOT NULL
) ENGINE=InnoDB DEFAULT CHARSET=utf8;

--
-- Extraindo dados da tabela `editoras`
--

INSERT INTO `editoras` (`ideditora`, `nome`) VALUES
(1, 'Companhia das Letras'),
(2, 'Editora Record'),
(3, 'Intrínseca'),
(4, 'Editora Sextante'),
(5, 'Editora Objetiva'),
(6, 'Grupo Editorial Record'),
(7, 'Editora Rocco'),
(8, 'Editora Aleph'),
(9, 'Editora Globo'),
(10, 'Editora Nova Fronteira'),
(11, 'Editora Zahar'),
(12, 'Editora Martins Fontes'),
(13, 'Editora 34'),
(14, 'Editora Paz e Terra'),
(15, 'Editora UNESP'),
(16, 'Editora Vozes'),
(17, 'Editora Ática'),
(18, 'Editora Saraiva'),
(19, 'Editora Moderna'),
(20, 'Editora Scipione');

-- --------------------------------------------------------

--
-- Estrutura da tabela `itens_venda`
--

CREATE TABLE `itens_venda` (
  `idvenda` int(10) UNSIGNED NOT NULL,
  `idlivro` int(10) UNSIGNED NOT NULL,
  `quantidade` int(11) NOT NULL,
  `preco_unitario` decimal(10,2) NOT NULL DEFAULT '0.00',
  `subtotal` decimal(10,2) NOT NULL DEFAULT '0.00'
) ENGINE=InnoDB DEFAULT CHARSET=utf8;

--
-- Extraindo dados da tabela `itens_venda`
--

INSERT INTO `itens_venda` (`idvenda`, `idlivro`, `quantidade`, `preco_unitario`, `subtotal`) VALUES
(1, 38, 7, '0.00', '0.00'),
(2, 9, 9, '0.00', '0.00'),
(2, 27, 6, '0.00', '0.00'),
(3, 5, 3, '0.00', '0.00'),
(3, 16, 4, '0.00', '0.00'),
(5, 47, 6, '0.00', '0.00'),
(6, 20, 0, '0.00', '0.00'),
(7, 11, 6, '0.00', '0.00'),
(7, 21, 6, '0.00', '0.00'),
(7, 37, 2, '0.00', '0.00'),
(8, 18, 8, '0.00', '0.00'),
(8, 23, 8, '0.00', '0.00'),
(8, 30, 5, '0.00', '0.00'),
(9, 9, 3, '0.00', '0.00'),
(9, 10, 4, '0.00', '0.00'),
(9, 28, 2, '0.00', '0.00'),
(9, 46, 0, '0.00', '0.00'),
(10, 6, 5, '0.00', '0.00'),
(10, 14, 4, '0.00', '0.00'),
(11, 1, 4, '0.00', '0.00'),
(11, 40, 3, '0.00', '0.00'),
(12, 12, 5, '0.00', '0.00'),
(12, 15, 8, '0.00', '0.00'),
(12, 41, 4, '0.00', '0.00'),
(13, 18, 7, '0.00', '0.00'),
(13, 45, 7, '0.00', '0.00'),
(14, 2, 3, '0.00', '0.00'),
(14, 44, 5, '0.00', '0.00'),
(15, 25, 5, '0.00', '0.00'),
(15, 33, 2, '0.00', '0.00'),
(15, 44, 5, '0.00', '0.00'),
(15, 46, 7, '0.00', '0.00'),
(15, 48, 9, '0.00', '0.00'),
(15, 49, 8, '0.00', '0.00'),
(16, 1, 1, '0.00', '0.00'),
(16, 8, 7, '0.00', '0.00'),
(16, 11, 2, '0.00', '0.00'),
(16, 40, 1, '0.00', '0.00'),
(17, 3, 2, '0.00', '0.00'),
(17, 17, 7, '0.00', '0.00'),
(18, 15, 4, '0.00', '0.00'),
(18, 28, 7, '0.00', '0.00'),
(19, 35, 3, '0.00', '0.00'),
(19, 37, 5, '0.00', '0.00'),
(19, 39, 8, '0.00', '0.00'),
(19, 40, 8, '0.00', '0.00'),
(20, 23, 1, '0.00', '0.00'),
(20, 46, 4, '0.00', '0.00'),
(21, 2, 9, '0.00', '0.00'),
(21, 38, 5, '0.00', '0.00'),
(22, 4, 0, '0.00', '0.00'),
(22, 26, 3, '0.00', '0.00'),
(22, 27, 3, '0.00', '0.00'),
(22, 45, 2, '0.00', '0.00'),
(23, 8, 7, '0.00', '0.00'),
(23, 11, 7, '0.00', '0.00'),
(23, 29, 5, '0.00', '0.00'),
(24, 7, 2, '0.00', '0.00'),
(25, 12, 6, '0.00', '0.00'),
(25, 20, 5, '0.00', '0.00'),
(26, 7, 1, '0.00', '0.00'),
(26, 16, 4, '0.00', '0.00'),
(26, 42, 6, '0.00', '0.00'),
(27, 6, 4, '0.00', '0.00'),
(28, 4, 7, '0.00', '0.00'),
(28, 32, 5, '0.00', '0.00'),
(29, 12, 0, '0.00', '0.00'),
(29, 23, 6, '0.00', '0.00'),
(30, 9, 1, '0.00', '0.00'),
(30, 23, 1, '0.00', '0.00'),
(31, 35, 6, '0.00', '0.00'),
(32, 11, 1, '0.00', '0.00'),
(32, 26, 7, '0.00', '0.00'),
(32, 40, 1, '0.00', '0.00'),
(33, 10, 8, '0.00', '0.00'),
(33, 21, 1, '0.00', '0.00'),
(33, 44, 4, '0.00', '0.00'),
(34, 12, 1, '0.00', '0.00'),
(34, 20, 9, '0.00', '0.00'),
(35, 8, 7, '0.00', '0.00'),
(35, 22, 1, '0.00', '0.00'),
(35, 31, 0, '0.00', '0.00'),
(36, 11, 8, '0.00', '0.00'),
(36, 41, 9, '0.00', '0.00'),
(37, 43, 1, '0.00', '0.00'),
(40, 21, 7, '0.00', '0.00'),
(40, 27, 4, '0.00', '0.00'),
(41, 2, 7, '0.00', '0.00'),
(41, 24, 9, '0.00', '0.00'),
(41, 30, 5, '0.00', '0.00'),
(41, 34, 9, '0.00', '0.00'),
(41, 48, 3, '0.00', '0.00'),
(41, 49, 4, '0.00', '0.00'),
(42, 8, 3, '0.00', '0.00'),
(42, 34, 9, '0.00', '0.00'),
(42, 35, 9, '0.00', '0.00'),
(43, 14, 8, '0.00', '0.00'),
(43, 38, 2, '0.00', '0.00'),
(43, 47, 5, '0.00', '0.00'),
(45, 16, 3, '0.00', '0.00'),
(46, 13, 0, '0.00', '0.00'),
(46, 21, 3, '0.00', '0.00'),
(47, 39, 1, '0.00', '0.00'),
(48, 29, 0, '0.00', '0.00'),
(49, 4, 1, '0.00', '0.00'),
(49, 8, 9, '0.00', '0.00'),
(49, 40, 0, '0.00', '0.00'),
(51, 36, 3, '0.00', '0.00'),
(52, 7, 3, '0.00', '0.00'),
(53, 47, 3, '0.00', '0.00'),
(56, 45, 1, '0.00', '0.00'),
(58, 5, 2, '0.00', '0.00'),
(60, 12, 8, '0.00', '0.00'),
(62, 37, 3, '0.00', '0.00'),
(62, 43, 9, '0.00', '0.00'),
(63, 23, 9, '0.00', '0.00'),
(64, 36, 2, '0.00', '0.00'),
(65, 47, 2, '0.00', '0.00'),
(72, 1, 6, '0.00', '0.00'),
(72, 9, 4, '0.00', '0.00'),
(77, 46, 1, '0.00', '0.00'),
(78, 1, 6, '0.00', '0.00'),
(81, 33, 7, '0.00', '0.00'),
(83, 9, 4, '0.00', '0.00'),
(84, 3, 7, '0.00', '0.00'),
(84, 49, 4, '0.00', '0.00'),
(86, 7, 1, '0.00', '0.00'),
(86, 8, 2, '0.00', '0.00'),
(87, 14, 9, '0.00', '0.00'),
(87, 24, 8, '0.00', '0.00'),
(90, 32, 6, '0.00', '0.00'),
(91, 25, 9, '0.00', '0.00'),
(92, 3, 7, '0.00', '0.00'),
(92, 18, 2, '0.00', '0.00'),
(92, 20, 4, '0.00', '0.00'),
(93, 23, 7, '0.00', '0.00'),
(95, 36, 0, '0.00', '0.00'),
(98, 12, 5, '0.00', '0.00'),
(99, 14, 7, '0.00', '0.00'),
(105, 39, 2, '0.00', '0.00'),
(107, 10, 3, '0.00', '0.00'),
(110, 10, 2, '0.00', '0.00'),
(110, 26, 9, '0.00', '0.00'),
(111, 41, 4, '0.00', '0.00'),
(115, 34, 6, '0.00', '0.00'),
(116, 32, 4, '0.00', '0.00'),
(117, 31, 4, '0.00', '0.00'),
(118, 5, 7, '0.00', '0.00'),
(118, 40, 2, '0.00', '0.00'),
(123, 2, 4, '0.00', '0.00'),
(126, 21, 3, '0.00', '0.00'),
(127, 8, 9, '0.00', '0.00'),
(127, 13, 4, '0.00', '0.00'),
(130, 20, 2, '0.00', '0.00'),
(130, 29, 0, '0.00', '0.00'),
(130, 34, 5, '0.00', '0.00'),
(131, 31, 2, '0.00', '0.00'),
(132, 48, 9, '0.00', '0.00'),
(134, 5, 6, '0.00', '0.00'),
(136, 5, 5, '0.00', '0.00'),
(138, 18, 9, '0.00', '0.00'),
(139, 37, 8, '0.00', '0.00'),
(139, 48, 9, '0.00', '0.00'),
(141, 10, 1, '0.00', '0.00'),
(142, 9, 0, '0.00', '0.00'),
(144, 37, 8, '0.00', '0.00'),
(150, 37, 7, '0.00', '0.00'),
(152, 18, 8, '0.00', '0.00'),
(157, 38, 7, '0.00', '0.00'),
(159, 20, 0, '0.00', '0.00'),
(165, 19, 8, '0.00', '0.00'),
(165, 26, 5, '0.00', '0.00'),
(167, 21, 0, '0.00', '0.00'),
(167, 33, 2, '0.00', '0.00'),
(168, 17, 5, '0.00', '0.00'),
(168, 42, 1, '0.00', '0.00'),
(170, 20, 8, '0.00', '0.00'),
(171, 39, 8, '0.00', '0.00'),
(171, 47, 6, '0.00', '0.00'),
(173, 41, 9, '0.00', '0.00'),
(174, 10, 8, '0.00', '0.00'),
(176, 6, 4, '0.00', '0.00'),
(176, 49, 8, '0.00', '0.00'),
(182, 38, 6, '0.00', '0.00'),
(185, 19, 7, '0.00', '0.00'),
(185, 36, 3, '0.00', '0.00'),
(185, 45, 3, '0.00', '0.00'),
(187, 25, 3, '0.00', '0.00'),
(187, 44, 1, '0.00', '0.00'),
(188, 14, 2, '0.00', '0.00'),
(188, 36, 4, '0.00', '0.00'),
(188, 47, 4, '0.00', '0.00'),
(190, 3, 0, '0.00', '0.00'),
(191, 30, 7, '0.00', '0.00'),
(192, 12, 9, '0.00', '0.00'),
(192, 45, 3, '0.00', '0.00'),
(193, 47, 4, '0.00', '0.00'),
(196, 25, 2, '0.00', '0.00'),
(197, 11, 8, '0.00', '0.00'),
(199, 10, 7, '0.00', '0.00'),
(203, 36, 2, '0.00', '0.00'),
(205, 44, 0, '0.00', '0.00'),
(206, 48, 4, '0.00', '0.00'),
(207, 43, 9, '0.00', '0.00'),
(208, 23, 9, '0.00', '0.00'),
(209, 1, 7, '0.00', '0.00'),
(209, 2, 8, '0.00', '0.00'),
(215, 12, 7, '0.00', '0.00'),
(216, 45, 1, '0.00', '0.00'),
(218, 6, 2, '0.00', '0.00'),
(220, 19, 5, '0.00', '0.00'),
(220, 31, 6, '0.00', '0.00'),
(222, 41, 7, '0.00', '0.00'),
(223, 9, 4, '0.00', '0.00'),
(231, 32, 7, '0.00', '0.00'),
(232, 1, 5, '0.00', '0.00'),
(233, 25, 0, '0.00', '0.00'),
(233, 28, 2, '0.00', '0.00'),
(234, 11, 6, '0.00', '0.00'),
(234, 21, 6, '0.00', '0.00'),
(237, 31, 5, '0.00', '0.00'),
(238, 17, 2, '0.00', '0.00'),
(238, 33, 7, '0.00', '0.00'),
(239, 28, 2, '0.00', '0.00'),
(239, 48, 2, '0.00', '0.00'),
(240, 1, 5, '0.00', '0.00'),
(240, 25, 8, '0.00', '0.00'),
(240, 34, 8, '0.00', '0.00'),
(243, 8, 2, '0.00', '0.00'),
(244, 27, 0, '0.00', '0.00'),
(244, 44, 8, '0.00', '0.00'),
(248, 40, 3, '0.00', '0.00'),
(249, 20, 3, '0.00', '0.00'),
(253, 27, 0, '0.00', '0.00'),
(254, 24, 7, '0.00', '0.00'),
(255, 4, 7, '0.00', '0.00'),
(255, 26, 9, '0.00', '0.00'),
(256, 17, 0, '0.00', '0.00'),
(258, 25, 8, '0.00', '0.00'),
(260, 3, 6, '0.00', '0.00'),
(261, 39, 2, '0.00', '0.00'),
(262, 33, 6, '0.00', '0.00'),
(265, 26, 8, '0.00', '0.00'),
(266, 5, 7, '0.00', '0.00'),
(266, 22, 4, '0.00', '0.00'),
(269, 27, 9, '0.00', '0.00'),
(273, 5, 7, '0.00', '0.00'),
(273, 12, 4, '0.00', '0.00'),
(275, 40, 1, '0.00', '0.00'),
(279, 39, 1, '0.00', '0.00'),
(279, 40, 2, '0.00', '0.00'),
(283, 23, 4, '0.00', '0.00'),
(284, 49, 0, '0.00', '0.00'),
(285, 34, 5, '0.00', '0.00'),
(291, 43, 3, '0.00', '0.00'),
(294, 26, 7, '0.00', '0.00'),
(295, 2, 2, '0.00', '0.00'),
(295, 30, 0, '0.00', '0.00'),
(295, 37, 8, '0.00', '0.00'),
(300, 44, 4, '0.00', '0.00'),
(303, 37, 7, '0.00', '0.00'),
(304, 17, 7, '0.00', '0.00'),
(304, 35, 5, '0.00', '0.00'),
(305, 39, 9, '0.00', '0.00'),
(305, 46, 5, '0.00', '0.00'),
(306, 14, 4, '0.00', '0.00'),
(310, 32, 1, '0.00', '0.00'),
(311, 1, 0, '0.00', '0.00'),
(313, 42, 1, '0.00', '0.00'),
(316, 17, 6, '0.00', '0.00'),
(318, 45, 4, '0.00', '0.00'),
(319, 35, 4, '0.00', '0.00'),
(319, 38, 7, '0.00', '0.00'),
(320, 13, 2, '0.00', '0.00'),
(320, 16, 5, '0.00', '0.00'),
(323, 10, 9, '0.00', '0.00'),
(323, 27, 6, '0.00', '0.00'),
(323, 46, 5, '0.00', '0.00'),
(326, 20, 8, '0.00', '0.00'),
(328, 22, 0, '0.00', '0.00'),
(329, 4, 2, '0.00', '0.00'),
(329, 7, 5, '0.00', '0.00'),
(336, 45, 3, '0.00', '0.00'),
(340, 4, 1, '0.00', '0.00'),
(343, 20, 7, '0.00', '0.00'),
(345, 39, 6, '0.00', '0.00'),
(348, 12, 9, '0.00', '0.00'),
(348, 37, 4, '0.00', '0.00'),
(352, 9, 6, '0.00', '0.00'),
(353, 32, 8, '0.00', '0.00'),
(358, 32, 8, '0.00', '0.00'),
(359, 13, 9, '0.00', '0.00'),
(359, 38, 4, '0.00', '0.00'),
(360, 17, 3, '0.00', '0.00'),
(363, 3, 8, '0.00', '0.00'),
(363, 30, 6, '0.00', '0.00'),
(364, 5, 1, '0.00', '0.00'),
(365, 5, 1, '0.00', '0.00'),
(366, 21, 7, '0.00', '0.00'),
(367, 12, 8, '0.00', '0.00'),
(370, 47, 2, '0.00', '0.00'),
(373, 2, 7, '0.00', '0.00'),
(373, 10, 5, '0.00', '0.00'),
(374, 14, 9, '0.00', '0.00'),
(374, 34, 9, '0.00', '0.00'),
(375, 20, 5, '0.00', '0.00'),
(380, 30, 4, '0.00', '0.00'),
(380, 42, 7, '0.00', '0.00'),
(381, 32, 6, '0.00', '0.00'),
(383, 8, 3, '0.00', '0.00'),
(384, 45, 9, '0.00', '0.00'),
(385, 15, 9, '0.00', '0.00'),
(387, 47, 1, '0.00', '0.00'),
(389, 24, 8, '0.00', '0.00'),
(389, 25, 9, '0.00', '0.00'),
(394, 17, 1, '0.00', '0.00'),
(394, 29, 3, '0.00', '0.00'),
(394, 36, 0, '0.00', '0.00'),
(396, 25, 9, '0.00', '0.00'),
(396, 33, 6, '0.00', '0.00'),
(397, 21, 5, '0.00', '0.00'),
(398, 47, 0, '0.00', '0.00'),
(399, 39, 3, '0.00', '0.00'),
(400, 18, 1, '0.00', '0.00'),
(402, 11, 4, '0.00', '0.00'),
(403, 27, 0, '0.00', '0.00'),
(406, 35, 8, '0.00', '0.00'),
(407, 9, 2, '0.00', '0.00'),
(409, 40, 3, '0.00', '0.00'),
(411, 6, 9, '0.00', '0.00'),
(413, 5, 7, '0.00', '0.00'),
(415, 25, 7, '0.00', '0.00'),
(416, 2, 5, '0.00', '0.00'),
(417, 42, 4, '0.00', '0.00'),
(418, 15, 7, '0.00', '0.00'),
(419, 17, 0, '0.00', '0.00'),
(420, 19, 1, '0.00', '0.00'),
(421, 18, 9, '0.00', '0.00'),
(422, 34, 5, '0.00', '0.00'),
(422, 36, 8, '0.00', '0.00'),
(424, 39, 1, '0.00', '0.00'),
(424, 44, 5, '0.00', '0.00'),
(425, 5, 7, '0.00', '0.00'),
(426, 18, 9, '0.00', '0.00'),
(428, 1, 3, '0.00', '0.00'),
(428, 30, 1, '0.00', '0.00'),
(432, 19, 1, '0.00', '0.00'),
(436, 46, 7, '0.00', '0.00'),
(438, 35, 6, '0.00', '0.00'),
(439, 19, 9, '0.00', '0.00'),
(442, 32, 2, '0.00', '0.00'),
(444, 10, 0, '0.00', '0.00'),
(445, 19, 9, '0.00', '0.00'),
(447, 13, 3, '0.00', '0.00'),
(449, 27, 7, '0.00', '0.00'),
(449, 35, 5, '0.00', '0.00');

-- --------------------------------------------------------

--
-- Estrutura da tabela `livros`
--

CREATE TABLE `livros` (
  `idlivro` int(10) UNSIGNED NOT NULL,
  `titulo` varchar(255) NOT NULL,
  `idautor` int(10) UNSIGNED DEFAULT NULL,
  `ideditora` int(10) UNSIGNED NOT NULL,
  `idcategoria` int(10) UNSIGNED NOT NULL,
  `anopublicacao` int(11) NOT NULL,
  `preco` decimal(10,2) NOT NULL,
  `estoque` int(11) DEFAULT NULL
) ENGINE=InnoDB DEFAULT CHARSET=utf8;

--
-- Extraindo dados da tabela `livros`
--

INSERT INTO `livros` (`idlivro`, `titulo`, `idautor`, `ideditora`, `idcategoria`, `anopublicacao`, `preco`, `estoque`) VALUES
(1, 'Dom Casmurro', NULL, 4, 1, 1899, '29.90', 3),
(2, 'Memórias Póstumas de Brás Cubas', NULL, 4, 1, 1881, '27.99', 9),
(3, 'O Cortiço', NULL, 6, 1, 1890, '18.50', 8),
(4, 'Grande Sertão: Veredas', NULL, 1, 2, 1956, '42.00', 1),
(5, 'O Senhor dos Anéis: A Sociedade do Anel', NULL, 5, 2, 1954, '49.90', 1),
(6, 'O Senhor dos Anéis: As Duas Torres', NULL, 5, 2, 1954, '59.90', 4),
(7, 'O Senhor dos Anéis: O Retorno do Rei', NULL, 5, 2, 1955, '59.90', 8),
(8, 'Game of Thrones', NULL, 2, 2, 1996, '49.99', 6),
(9, 'O Festim dos Corvos', NULL, 2, 2, 2005, '44.90', 8),
(10, 'A Dança dos Dragões', NULL, 2, 2, 2011, '49.90', 1),
(11, 'Harry Potter e a Pedra Filosofal', NULL, 5, 2, 1997, '39.99', 3),
(12, 'Harry Potter e a Câmara Secreta', NULL, 5, 2, 1998, '44.99', 3),
(13, 'Harry Potter e o Prisioneiro de Azkaban', NULL, 5, 2, 1999, '49.99', 6),
(14, 'Harry Potter e o Cálice de Fogo', NULL, 5, 2, 2000, '54.99', 1),
(15, 'Harry Potter e a Ordem da Fênix', NULL, 5, 2, 2003, '49.99', 8),
(16, 'Harry Potter e o Enigma do Príncipe', NULL, 5, 2, 2005, '49.99', 8),
(17, 'Harry Potter e as Relíquias da Morte', NULL, 5, 2, 2007, '59.99', 6),
(18, 'A Menina que Roubava Livros', NULL, 4, 3, 2005, '39.90', 8),
(19, 'O Diário de Anne Frank', NULL, 3, 3, 1947, '24.90', 3),
(20, 'Orgulho e Preconceito', NULL, 7, 4, 1813, '28.90', 0),
(21, 'Razão e Sensibilidade', NULL, 7, 4, 1811, '29.90', 1),
(22, 'Emma', NULL, 7, 4, 1815, '25.99', 7),
(23, 'A Revolução dos Bichos', NULL, 4, 5, 1945, '19.90', 1),
(24, 'A Hora da Estrela', NULL, 4, 6, 1977, '26.90', 5),
(25, 'A Paixão Segundo G.H.', NULL, 4, 6, 1964, '35.90', 2),
(26, 'Claro Enigma', NULL, 4, 6, 1951, '29.90', 5),
(27, 'A Arte de Amar', NULL, 3, 7, 2, '23.90', 0),
(28, 'O Banquete', NULL, 3, 7, -380, '29.90', 7),
(29, 'Meditações', NULL, 3, 7, 180, '27.99', 6),
(30, 'O Código Da Vinci', NULL, 3, 4, 2003, '59.90', 7),
(31, 'O Símbolo Perdido', NULL, 3, 4, 2009, '39.90', 8),
(32, 'Anjos e Demônios', NULL, 3, 4, 2000, '49.90', 0),
(33, 'Fortaleza Digital', NULL, 3, 4, 1998, '29.90', 5),
(34, 'O Alquimista', NULL, 1, 7, 1988, '19.90', 6),
(35, 'Brida', NULL, 1, 7, 1990, '24.90', 7),
(36, 'Veronika Decide Morrer', NULL, 1, 7, 1998, '27.90', 5),
(37, 'O Diário de um Mago', NULL, 1, 7, 1987, '34.90', 4),
(38, 'O Vendedor de Sonhos', NULL, 1, 7, 2008, '29.90', 5),
(39, 'O Aleph', NULL, 1, 7, 2010, '39.90', 6),
(40, 'Sapiens: Uma Breve História da Humanidade', NULL, 5, 2, 2011, '59.90', 4),
(41, 'Homo Deus: Uma Breve História do Amanhã', NULL, 5, 2, 2016, '59.90', 5),
(42, '21 Lições para o Século 21', NULL, 5, 2, 2018, '49.90', 0),
(43, 'O Poder do Hábito', NULL, 2, 8, 2012, '44.90', 7),
(44, 'A Coragem de Ser Imperfeito', NULL, 2, 8, 2010, '39.90', 7),
(45, 'Mais Esperto que o Diabo', NULL, 2, 8, 2011, '29.90', 5),
(46, 'Mindset: A Nova Psicologia do Sucesso', NULL, 2, 8, 2006, '34.90', 4),
(47, 'O Poder do Agora', NULL, 6, 9, 1997, '29.90', 3),
(48, 'O Milagre da Manhã', NULL, 6, 9, 2012, '24.90', 6),
(49, 'Os Segredos da Mente Milionária', NULL, 2, 8, 2005, '39.90', 1),
(50, '1984', NULL, 4, 3, 1949, '39.90', 9),
(51, 'A Revolução dos Bichos', NULL, 4, 3, 1945, '29.90', 3),
(52, 'A Dança da Morte', NULL, 4, 3, 1978, '59.90', 9),
(53, 'A Coisa', NULL, 4, 3, 1986, '49.90', 5),
(54, 'It - A Coisa', NULL, 4, 3, 1986, '49.90', 7),
(55, 'O Iluminado', NULL, 4, 3, 1977, '39.90', 3),
(56, 'Doutor Sono', NULL, 4, 3, 2013, '29.90', 5),
(57, 'A Torre Negra - O Pistoleiro', NULL, 4, 3, 1982, '24.90', 6),
(58, 'O Talismã', NULL, 4, 3, 1984, '39.90', 6),
(59, 'Joyland', NULL, 4, 3, 2013, '19.90', 3),
(60, 'O Nome do Vento', NULL, 7, 6, 2007, '59.90', 5);

-- --------------------------------------------------------

--
-- Estrutura da tabela `vendas`
--

CREATE TABLE `vendas` (
  `idvenda` int(10) UNSIGNED NOT NULL,
  `idcliente` int(10) UNSIGNED NOT NULL,
  `datavenda` date NOT NULL,
  `total` decimal(10,2) NOT NULL
) ENGINE=InnoDB DEFAULT CHARSET=utf8;

--
-- Extraindo dados da tabela `vendas`
--

INSERT INTO `vendas` (`idvenda`, `idcliente`, `datavenda`, `total`) VALUES
(1, 19, '2020-01-29', '27.00'),
(2, 63, '2021-06-23', '39.00'),
(3, 45, '2020-10-23', '6.00'),
(4, 73, '2020-11-11', '18.00'),
(5, 86, '2020-08-13', '27.00'),
(6, 3, '2021-07-16', '34.00'),
(7, 79, '2022-06-06', '2.00'),
(8, 60, '2022-05-06', '23.00'),
(9, 78, '2021-05-23', '9.00'),
(10, 42, '2021-07-14', '26.00'),
(11, 94, '2020-05-15', '42.00'),
(12, 84, '2021-11-05', '41.00'),
(13, 16, '2020-11-16', '5.00'),
(14, 54, '2021-02-06', '19.00'),
(15, 74, '2021-07-03', '25.00'),
(16, 93, '2020-05-09', '41.00'),
(17, 80, '2021-05-05', '2.00'),
(18, 77, '2022-01-16', '19.00'),
(19, 72, '2021-04-06', '6.00'),
(20, 22, '2022-02-13', '9.00'),
(21, 60, '2021-04-24', '28.00'),
(22, 43, '2021-04-13', '1.00'),
(23, 72, '2021-07-17', '31.00'),
(24, 45, '2021-02-01', '30.00'),
(25, 88, '2021-08-13', '14.00'),
(26, 67, '2021-05-01', '20.00'),
(27, 64, '2022-08-04', '40.00'),
(28, 20, '2021-09-06', '22.00'),
(29, 38, '2021-08-16', '40.00'),
(30, 26, '2022-06-10', '33.00'),
(31, 65, '2020-09-30', '20.00'),
(32, 21, '2022-05-05', '31.00'),
(33, 59, '2020-03-08', '28.00'),
(34, 60, '2020-11-18', '40.00'),
(35, 8, '2020-01-07', '38.00'),
(36, 81, '2022-02-04', '19.00'),
(37, 64, '2020-02-12', '14.00'),
(38, 31, '2021-12-07', '29.00'),
(39, 83, '2021-01-21', '21.00'),
(40, 3, '2022-05-17', '11.00'),
(41, 52, '2022-07-31', '6.00'),
(42, 87, '2022-08-04', '5.00'),
(43, 72, '2020-10-30', '16.00'),
(44, 73, '2021-11-13', '10.00'),
(45, 1, '2021-03-14', '7.00'),
(46, 41, '2021-10-12', '49.00'),
(47, 4, '2020-07-24', '45.00'),
(48, 92, '2022-06-27', '37.00'),
(49, 7, '2020-03-22', '9.00'),
(50, 71, '2022-09-05', '38.00'),
(51, 87, '2020-04-19', '45.00'),
(52, 21, '2020-12-04', '2.00'),
(53, 25, '2020-04-24', '40.00'),
(54, 69, '2020-02-03', '4.00'),
(55, 37, '2021-07-27', '37.00'),
(56, 5, '2020-01-17', '45.00'),
(57, 50, '2022-03-24', '26.00'),
(58, 24, '2021-09-08', '17.00'),
(59, 87, '2020-12-20', '6.00'),
(60, 62, '2021-12-21', '36.00'),
(61, 45, '2020-04-10', '7.00'),
(62, 40, '2021-08-28', '40.00'),
(63, 23, '2021-12-29', '47.00'),
(64, 55, '2022-07-07', '46.00'),
(65, 92, '2022-03-28', '15.00'),
(66, 11, '2021-09-13', '38.00'),
(67, 98, '2021-08-27', '3.00'),
(68, 55, '2021-07-15', '6.00'),
(70, 48, '2020-07-28', '30.00'),
(71, 38, '2020-04-24', '20.00'),
(72, 75, '2021-05-31', '15.00'),
(73, 3, '2020-08-29', '4.00'),
(74, 73, '2021-02-05', '39.00'),
(75, 79, '2021-07-09', '20.00'),
(76, 36, '2021-09-11', '49.00'),
(77, 11, '2021-08-06', '28.00'),
(78, 13, '2022-07-12', '11.00'),
(79, 36, '2020-06-03', '33.00'),
(80, 88, '2021-02-15', '20.00'),
(81, 80, '2022-02-27', '26.00'),
(82, 31, '2022-08-04', '40.00'),
(83, 17, '2021-04-05', '38.00'),
(84, 51, '2020-09-09', '35.00'),
(85, 77, '2022-01-14', '20.00'),
(86, 78, '2021-12-19', '11.00'),
(87, 1, '2020-12-22', '37.00'),
(88, 68, '2020-06-07', '37.00'),
(89, 24, '2020-01-16', '16.00'),
(90, 58, '2022-08-16', '1.00'),
(91, 27, '2020-10-29', '33.00'),
(92, 47, '2020-11-20', '10.00'),
(93, 8, '2022-02-09', '30.00'),
(94, 74, '2022-06-13', '11.00'),
(95, 48, '2021-12-14', '6.00'),
(96, 46, '2022-08-28', '22.00'),
(97, 34, '2020-12-28', '39.00'),
(98, 83, '2022-03-13', '26.00'),
(99, 20, '2021-03-18', '30.00'),
(100, 70, '2021-12-04', '20.00'),
(101, 90, '2020-11-10', '42.00'),
(102, 35, '2020-07-06', '43.00'),
(103, 83, '2021-06-24', '9.00'),
(104, 34, '2020-05-20', '33.00'),
(105, 92, '2021-09-27', '19.00'),
(106, 4, '2020-03-03', '8.00'),
(107, 66, '2022-03-31', '5.00'),
(108, 5, '2022-08-19', '32.00'),
(109, 34, '2022-02-20', '43.00'),
(110, 3, '2021-07-22', '36.00'),
(111, 91, '2021-02-13', '14.00'),
(112, 26, '2021-02-23', '15.00'),
(113, 28, '2021-05-18', '33.00'),
(114, 78, '2022-08-24', '23.00'),
(115, 41, '2021-11-26', '11.00'),
(116, 3, '2021-06-02', '23.00'),
(117, 82, '2021-12-12', '3.00'),
(118, 22, '2022-07-07', '45.00'),
(119, 79, '2020-09-13', '44.00'),
(120, 67, '2021-12-22', '28.00'),
(121, 70, '2022-02-27', '41.00'),
(122, 83, '2021-09-26', '34.00'),
(123, 49, '2021-03-25', '37.00'),
(124, 41, '2022-04-07', '44.00'),
(125, 93, '2020-01-28', '16.00'),
(126, 57, '2022-06-01', '34.00'),
(127, 77, '2022-04-03', '39.00'),
(128, 48, '2020-02-03', '36.00'),
(129, 53, '2021-05-01', '41.00'),
(130, 69, '2022-09-05', '40.00'),
(131, 11, '2020-05-28', '19.00'),
(132, 53, '2021-04-13', '37.00'),
(133, 33, '2021-03-17', '9.00'),
(134, 64, '2021-10-14', '16.00'),
(135, 65, '2020-10-13', '24.00'),
(136, 54, '2020-10-22', '41.00'),
(137, 27, '2022-05-21', '26.00'),
(138, 7, '2022-01-27', '28.00'),
(139, 54, '2020-02-12', '28.00'),
(140, 72, '2022-07-16', '22.00'),
(141, 48, '2020-03-25', '47.00'),
(142, 51, '2021-11-23', '46.00'),
(143, 58, '2020-05-27', '48.00'),
(144, 40, '2020-04-17', '16.00'),
(145, 32, '2021-09-22', '9.00'),
(146, 1, '2021-06-20', '31.00'),
(147, 55, '2022-05-08', '31.00'),
(148, 61, '2020-06-25', '1.00'),
(149, 60, '2022-08-07', '46.00'),
(150, 80, '2020-08-08', '34.00'),
(151, 81, '2020-01-01', '27.00'),
(152, 74, '2020-03-26', '9.00'),
(153, 66, '2022-02-25', '46.00'),
(154, 28, '2021-09-15', '13.00'),
(155, 48, '2021-09-23', '34.00'),
(156, 55, '2021-11-25', '40.00'),
(157, 99, '2021-05-29', '29.00'),
(158, 44, '2021-03-20', '44.00'),
(159, 6, '2021-11-19', '12.00'),
(160, 16, '2020-03-27', '46.00'),
(161, 43, '2020-12-05', '20.00'),
(163, 46, '2021-02-09', '31.00'),
(164, 97, '2022-08-15', '43.00'),
(165, 45, '2021-10-23', '47.00'),
(166, 78, '2020-02-21', '45.00'),
(167, 39, '2020-09-12', '4.00'),
(168, 65, '2020-01-14', '5.00'),
(169, 49, '2020-06-12', '16.00'),
(170, 14, '2022-01-17', '14.00'),
(171, 25, '2021-01-11', '5.00'),
(172, 45, '2022-07-22', '14.00'),
(173, 68, '2021-07-06', '34.00'),
(174, 80, '2022-08-25', '20.00'),
(175, 14, '2021-04-30', '0.00'),
(176, 54, '2021-12-20', '48.00'),
(177, 66, '2021-03-10', '8.00'),
(178, 57, '2020-12-08', '49.00'),
(179, 93, '2021-11-28', '34.00'),
(180, 31, '2021-06-17', '36.00'),
(182, 88, '2021-06-26', '2.00'),
(183, 65, '2020-04-04', '25.00'),
(184, 30, '2022-08-15', '44.00'),
(185, 53, '2020-01-11', '23.00'),
(186, 27, '2022-09-24', '7.00'),
(187, 80, '2021-06-12', '11.00'),
(188, 61, '2020-11-29', '41.00'),
(189, 19, '2021-03-25', '33.00'),
(190, 99, '2022-08-22', '42.00'),
(191, 31, '2020-02-24', '16.00'),
(192, 46, '2020-11-30', '14.00'),
(193, 41, '2020-09-03', '48.00'),
(194, 11, '2021-10-29', '49.00'),
(195, 93, '2021-12-17', '38.00'),
(196, 72, '2020-11-12', '19.00'),
(197, 3, '2022-08-31', '38.00'),
(198, 92, '2020-11-21', '42.00'),
(199, 26, '2022-03-09', '9.00'),
(200, 51, '2020-02-10', '32.00'),
(201, 12, '2021-11-17', '2.00'),
(202, 20, '2022-05-02', '32.00'),
(203, 71, '2021-09-18', '48.00'),
(204, 1, '2020-05-16', '32.00'),
(205, 79, '2020-01-30', '38.00'),
(206, 80, '2021-11-12', '49.00'),
(207, 93, '2021-11-26', '33.00'),
(208, 25, '2020-09-15', '26.00'),
(209, 90, '2022-07-03', '43.00'),
(210, 55, '2020-07-31', '19.00'),
(211, 29, '2020-11-05', '33.00'),
(212, 41, '2020-02-18', '0.00'),
(213, 90, '2021-05-29', '42.00'),
(214, 68, '2022-06-03', '18.00'),
(215, 19, '2022-05-09', '35.00'),
(216, 1, '2022-07-03', '26.00'),
(217, 89, '2022-06-28', '42.00'),
(218, 52, '2020-04-01', '43.00'),
(219, 7, '2022-02-17', '32.00'),
(220, 95, '2022-02-23', '3.00'),
(221, 99, '2022-01-22', '39.00'),
(222, 68, '2020-02-16', '9.00'),
(223, 79, '2021-02-05', '31.00'),
(224, 95, '2022-06-12', '29.00'),
(225, 27, '2021-08-26', '9.00'),
(226, 15, '2020-07-03', '23.00'),
(227, 77, '2021-04-05', '49.00'),
(228, 57, '2022-06-11', '37.00'),
(229, 4, '2022-09-04', '38.00'),
(230, 87, '2020-03-26', '40.00'),
(231, 77, '2021-03-26', '46.00'),
(232, 29, '2021-11-28', '29.00'),
(233, 88, '2021-10-08', '28.00'),
(234, 91, '2022-05-09', '27.00'),
(235, 20, '2020-12-03', '4.00'),
(236, 41, '2022-03-24', '41.00'),
(237, 69, '2022-08-31', '39.00'),
(238, 6, '2022-07-16', '22.00'),
(239, 45, '2022-07-19', '14.00'),
(240, 65, '2021-03-01', '7.00'),
(241, 47, '2022-07-26', '12.00'),
(242, 45, '2021-05-21', '8.00'),
(243, 34, '2020-07-04', '45.00'),
(244, 97, '2020-06-19', '45.00'),
(245, 7, '2021-08-29', '40.00'),
(246, 27, '2022-07-05', '37.00'),
(247, 4, '2022-08-08', '30.00'),
(248, 23, '2020-11-22', '46.00'),
(249, 64, '2021-03-19', '14.00'),
(250, 10, '2021-10-27', '0.00'),
(251, 5, '2020-09-06', '3.00'),
(252, 64, '2022-08-27', '46.00'),
(253, 72, '2022-04-13', '0.00'),
(254, 50, '2021-06-04', '4.00'),
(255, 87, '2020-05-02', '49.00'),
(256, 53, '2021-12-30', '2.00'),
(257, 4, '2020-03-23', '13.00'),
(258, 14, '2022-06-05', '49.00'),
(259, 33, '2021-11-14', '20.00'),
(260, 99, '2021-12-30', '33.00'),
(261, 19, '2022-07-29', '6.00'),
(262, 78, '2021-07-13', '22.00'),
(263, 54, '2021-01-20', '14.00'),
(264, 32, '2021-12-15', '30.00'),
(265, 91, '2022-01-25', '1.00'),
(266, 83, '2020-04-29', '4.00'),
(267, 8, '2020-06-21', '29.00'),
(268, 47, '2021-07-21', '21.00'),
(269, 41, '2022-02-21', '34.00'),
(270, 7, '2020-10-31', '15.00'),
(271, 61, '2020-06-28', '1.00'),
(272, 65, '2020-05-27', '39.00'),
(273, 45, '2022-08-06', '18.00'),
(275, 14, '2021-08-30', '8.00'),
(277, 32, '2021-09-25', '9.00'),
(278, 3, '2022-03-02', '36.00'),
(279, 13, '2020-07-26', '9.00'),
(280, 17, '2020-07-13', '45.00'),
(281, 47, '2022-09-17', '6.00'),
(282, 33, '2022-08-28', '41.00'),
(283, 14, '2022-06-13', '31.00'),
(284, 22, '2021-01-22', '28.00'),
(285, 35, '2022-03-17', '45.00'),
(286, 8, '2020-04-03', '48.00'),
(287, 26, '2021-12-27', '3.00'),
(288, 7, '2021-07-29', '20.00'),
(289, 16, '2021-03-08', '7.00'),
(290, 25, '2020-01-29', '31.00'),
(291, 5, '2021-09-22', '41.00'),
(292, 11, '2021-11-10', '35.00'),
(293, 24, '2021-01-01', '17.00'),
(294, 30, '2022-09-19', '7.00'),
(295, 39, '2021-06-08', '11.00'),
(296, 28, '2020-06-30', '9.00'),
(297, 19, '2020-12-20', '31.00'),
(298, 3, '2021-05-02', '10.00'),
(299, 30, '2021-02-21', '12.00'),
(300, 49, '2020-08-04', '5.00'),
(301, 43, '2020-03-11', '36.00'),
(302, 19, '2022-03-29', '45.00'),
(303, 2, '2021-07-21', '33.00'),
(304, 32, '2020-09-24', '18.00'),
(305, 1, '2020-03-11', '12.00'),
(306, 2, '2021-03-25', '6.00'),
(307, 14, '2020-02-08', '17.00'),
(308, 30, '2022-09-10', '5.00'),
(309, 29, '2021-09-03', '14.00'),
(310, 32, '2020-12-23', '42.00'),
(311, 6, '2020-04-24', '9.00'),
(312, 30, '2021-05-17', '33.00'),
(313, 40, '2020-03-12', '46.00'),
(314, 19, '2020-06-27', '36.00'),
(315, 5, '2020-12-07', '19.00'),
(316, 47, '2021-06-22', '43.00'),
(317, 34, '2022-04-27', '8.00'),
(318, 17, '2020-09-02', '7.00'),
(319, 2, '2022-02-04', '34.00'),
(320, 6, '2021-09-25', '37.00'),
(321, 42, '2022-09-07', '18.00'),
(322, 44, '2020-12-20', '5.00'),
(323, 22, '2022-07-10', '13.00'),
(324, 29, '2020-04-23', '40.00'),
(325, 36, '2020-07-25', '42.00'),
(326, 29, '2021-03-15', '20.00'),
(327, 38, '2021-08-23', '34.00'),
(328, 32, '2020-07-19', '1.00'),
(329, 29, '2022-05-01', '23.00'),
(330, 41, '2021-12-08', '2.00'),
(331, 7, '2021-08-01', '22.00'),
(332, 24, '2020-05-28', '12.00'),
(333, 40, '2020-10-20', '1.00'),
(334, 15, '2021-04-06', '17.00'),
(335, 20, '2022-08-29', '31.00'),
(336, 11, '2020-10-01', '33.00'),
(337, 27, '2021-12-21', '47.00'),
(338, 30, '2020-07-23', '9.00'),
(339, 14, '2022-07-24', '39.00'),
(340, 6, '2020-10-19', '3.00'),
(341, 23, '2020-04-18', '7.00'),
(342, 22, '2022-03-24', '34.00'),
(343, 2, '2020-04-27', '23.00'),
(344, 48, '2021-04-01', '18.00'),
(345, 24, '2020-11-06', '5.00'),
(346, 28, '2021-07-12', '3.00'),
(347, 35, '2020-10-31', '20.00'),
(348, 4, '2020-10-08', '5.00'),
(349, 36, '2020-10-15', '13.00'),
(350, 22, '2021-05-15', '6.00'),
(351, 6, '2020-10-02', '49.00'),
(352, 4, '2021-04-26', '7.00'),
(353, 15, '2020-04-15', '29.00'),
(354, 32, '2021-03-29', '16.00'),
(355, 14, '2021-03-18', '17.00'),
(356, 22, '2020-05-19', '18.00'),
(357, 23, '2020-08-30', '39.00'),
(358, 10, '2021-10-08', '31.00'),
(359, 10, '2020-07-11', '15.00'),
(360, 48, '2022-07-08', '34.00'),
(361, 34, '2020-12-12', '34.00'),
(362, 20, '2022-07-27', '24.00'),
(363, 31, '2021-11-03', '24.00'),
(364, 19, '2021-04-20', '11.00'),
(365, 35, '2022-05-02', '7.00'),
(366, 7, '2020-11-29', '10.00'),
(367, 3, '2021-10-30', '7.00'),
(368, 39, '2021-03-25', '44.00'),
(369, 5, '2022-06-10', '5.00'),
(370, 45, '2020-07-05', '10.00'),
(371, 24, '2022-05-10', '40.00'),
(372, 22, '2022-03-14', '34.00'),
(373, 1, '2020-03-25', '16.00'),
(374, 20, '2020-03-10', '5.00'),
(375, 16, '2020-10-29', '26.00'),
(376, 39, '2020-11-23', '13.00'),
(377, 18, '2020-02-26', '7.00'),
(378, 31, '2021-10-01', '16.00'),
(379, 36, '2021-10-03', '1.00'),
(380, 11, '2020-02-17', '27.00'),
(381, 31, '2021-05-03', '27.00'),
(382, 14, '2022-03-10', '6.00'),
(383, 11, '2022-01-07', '1.00'),
(384, 45, '2021-03-12', '23.00'),
(385, 4, '2022-09-21', '35.00'),
(386, 29, '2022-02-24', '8.00'),
(387, 25, '2022-09-23', '23.00'),
(388, 19, '2021-05-14', '17.00'),
(389, 10, '2020-02-19', '30.00'),
(390, 42, '2021-04-29', '42.00'),
(391, 39, '2021-03-18', '40.00'),
(392, 37, '2020-10-22', '11.00'),
(393, 14, '2021-12-15', '36.00'),
(394, 23, '2020-05-28', '17.00'),
(395, 16, '2021-08-15', '48.00'),
(396, 3, '2021-02-09', '42.00'),
(397, 49, '2021-04-10', '16.00'),
(398, 13, '2020-11-07', '38.00'),
(399, 46, '2020-12-12', '46.00'),
(400, 30, '2020-10-15', '29.00'),
(401, 4, '2021-12-19', '14.00'),
(402, 15, '2021-12-14', '30.00'),
(403, 44, '2021-09-29', '25.00'),
(404, 32, '2022-01-22', '39.00'),
(405, 33, '2022-08-20', '41.00'),
(406, 11, '2021-12-22', '44.00'),
(407, 13, '2021-12-23', '38.00'),
(408, 36, '2020-10-31', '16.00'),
(409, 38, '2022-04-02', '40.00'),
(410, 30, '2021-07-25', '2.00'),
(411, 26, '2021-05-13', '45.00'),
(412, 1, '2021-02-23', '0.00'),
(413, 41, '2020-05-06', '6.00'),
(414, 11, '2022-03-15', '16.00'),
(415, 9, '2022-08-27', '14.00'),
(416, 26, '2022-03-08', '19.00'),
(417, 28, '2021-10-06', '26.00'),
(418, 36, '2020-01-30', '48.00'),
(419, 38, '2022-09-04', '27.00'),
(420, 40, '2021-01-21', '25.00'),
(421, 20, '2021-05-12', '13.00'),
(422, 41, '2020-12-21', '14.00'),
(423, 19, '2020-02-05', '1.00'),
(424, 3, '2020-07-22', '41.00'),
(425, 28, '2020-12-22', '3.00'),
(426, 11, '2022-09-11', '11.00'),
(427, 8, '2020-05-24', '11.00'),
(428, 36, '2022-09-12', '35.00'),
(429, 30, '2022-07-23', '41.00'),
(430, 15, '2020-04-25', '31.00'),
(431, 39, '2020-02-15', '43.00'),
(432, 11, '2021-05-30', '44.00'),
(433, 46, '2022-09-04', '4.00'),
(434, 25, '2020-11-14', '2.00'),
(435, 12, '2020-04-28', '42.00'),
(436, 44, '2022-05-09', '32.00'),
(437, 35, '2021-08-07', '39.00'),
(438, 9, '2021-06-25', '8.00'),
(439, 10, '2021-06-03', '49.00'),
(440, 19, '2022-08-08', '30.00'),
(441, 8, '2020-01-25', '31.00'),
(442, 1, '2020-11-26', '26.00'),
(443, 33, '2022-01-17', '36.00'),
(444, 21, '2022-07-04', '15.00'),
(445, 39, '2020-02-15', '42.00'),
(446, 4, '2022-06-13', '10.00'),
(447, 19, '2020-11-29', '23.00'),
(448, 19, '2021-05-24', '19.00'),
(449, 19, '2022-02-18', '36.00'),
(450, 18, '2021-08-04', '41.00'),
(451, 19, '2021-05-16', '15.00'),
(452, 4, '2021-03-25', '0.00'),
(453, 34, '2021-01-23', '44.00'),
(454, 16, '2022-08-10', '38.00');

--
-- Indexes for dumped tables
--

--
-- Indexes for table `autores`
--
ALTER TABLE `autores`
  ADD PRIMARY KEY (`idautor`);

--
-- Indexes for table `categorias`
--
ALTER TABLE `categorias`
  ADD PRIMARY KEY (`idcategoria`);

--
-- Indexes for table `clientes`
--
ALTER TABLE `clientes`
  ADD PRIMARY KEY (`idcliente`);

--
-- Indexes for table `editoras`
--
ALTER TABLE `editoras`
  ADD PRIMARY KEY (`ideditora`);

--
-- Indexes for table `itens_venda`
--
ALTER TABLE `itens_venda`
  ADD PRIMARY KEY (`idvenda`,`idlivro`),
  ADD KEY `idlivro` (`idlivro`);

--
-- Indexes for table `livros`
--
ALTER TABLE `livros`
  ADD PRIMARY KEY (`idlivro`),
  ADD KEY `idautor` (`idautor`),
  ADD KEY `ideditora` (`ideditora`),
  ADD KEY `idcategoria` (`idcategoria`);

--
-- Indexes for table `vendas`
--
ALTER TABLE `vendas`
  ADD PRIMARY KEY (`idvenda`),
  ADD KEY `idcliente` (`idcliente`);

--
-- AUTO_INCREMENT for dumped tables
--

--
-- AUTO_INCREMENT for table `autores`
--
ALTER TABLE `autores`
  MODIFY `idautor` int(10) UNSIGNED NOT NULL AUTO_INCREMENT, AUTO_INCREMENT=28;
--
-- AUTO_INCREMENT for table `categorias`
--
ALTER TABLE `categorias`
  MODIFY `idcategoria` int(10) UNSIGNED NOT NULL AUTO_INCREMENT, AUTO_INCREMENT=21;
--
-- AUTO_INCREMENT for table `clientes`
--
ALTER TABLE `clientes`
  MODIFY `idcliente` int(10) UNSIGNED NOT NULL AUTO_INCREMENT, AUTO_INCREMENT=5208;
--
-- AUTO_INCREMENT for table `editoras`
--
ALTER TABLE `editoras`
  MODIFY `ideditora` int(10) UNSIGNED NOT NULL AUTO_INCREMENT, AUTO_INCREMENT=21;
--
-- AUTO_INCREMENT for table `livros`
--
ALTER TABLE `livros`
  MODIFY `idlivro` int(10) UNSIGNED NOT NULL AUTO_INCREMENT, AUTO_INCREMENT=61;
--
-- AUTO_INCREMENT for table `vendas`
--
ALTER TABLE `vendas`
  MODIFY `idvenda` int(10) UNSIGNED NOT NULL AUTO_INCREMENT, AUTO_INCREMENT=457;
--
-- Constraints for dumped tables
--

--
-- Limitadores para a tabela `itens_venda`
--
ALTER TABLE `itens_venda`
  ADD CONSTRAINT `itens_venda_ibfk_1` FOREIGN KEY (`idvenda`) REFERENCES `vendas` (`idvenda`),
  ADD CONSTRAINT `itens_venda_ibfk_2` FOREIGN KEY (`idlivro`) REFERENCES `livros` (`idlivro`);

--
-- Limitadores para a tabela `livros`
--
ALTER TABLE `livros`
  ADD CONSTRAINT `livros_ibfk_1` FOREIGN KEY (`idautor`) REFERENCES `autores` (`idautor`),
  ADD CONSTRAINT `livros_ibfk_2` FOREIGN KEY (`ideditora`) REFERENCES `editoras` (`ideditora`),
  ADD CONSTRAINT `livros_ibfk_3` FOREIGN KEY (`idcategoria`) REFERENCES `categorias` (`idcategoria`);

--
-- Limitadores para a tabela `vendas`
--
ALTER TABLE `vendas`
  ADD CONSTRAINT `vendas_ibfk_1` FOREIGN KEY (`idcliente`) REFERENCES `clientes` (`idcliente`);

/*!40101 SET CHARACTER_SET_CLIENT=@OLD_CHARACTER_SET_CLIENT */;
/*!40101 SET CHARACTER_SET_RESULTS=@OLD_CHARACTER_SET_RESULTS */;
/*!40101 SET COLLATION_CONNECTION=@OLD_COLLATION_CONNECTION */;
