-- phpMyAdmin SQL Dump
-- version 4.6.5.2
-- https://www.phpmyadmin.net/
--
-- Host: 127.0.0.1
-- Generation Time: 11-Abr-2023 às 01:36
-- Versão do servidor: 10.1.21-MariaDB
-- PHP Version: 5.6.30

SET SQL_MODE = "NO_AUTO_VALUE_ON_ZERO";
SET time_zone = "+00:00";


/*!40101 SET @OLD_CHARACTER_SET_CLIENT=@@CHARACTER_SET_CLIENT */;
/*!40101 SET @OLD_CHARACTER_SET_RESULTS=@@CHARACTER_SET_RESULTS */;
/*!40101 SET @OLD_COLLATION_CONNECTION=@@COLLATION_CONNECTION */;
/*!40101 SET NAMES utf8mb4 */;

--
-- Database: `locadora`
--

-- --------------------------------------------------------

--
-- Estrutura da tabela `alugueis`
--

CREATE TABLE `alugueis` (
  `idaluguel` int(10) UNSIGNED NOT NULL,
  `idcliente` int(10) UNSIGNED DEFAULT NULL,
  `idveiculo` int(10) UNSIGNED DEFAULT NULL,
  `datainicial` date DEFAULT NULL,
  `datafinal` date DEFAULT NULL,
  `km_inicial` int(11) DEFAULT NULL,
  `idformapagamento` int(10) UNSIGNED DEFAULT NULL,
  `idfuncionario` int(11) UNSIGNED DEFAULT NULL,
  `valor` float DEFAULT NULL
) ENGINE=InnoDB DEFAULT CHARSET=utf8;

--
-- Extraindo dados da tabela `alugueis`
--

INSERT INTO `alugueis` (`idaluguel`, `idcliente`, `idveiculo`, `datainicial`, `datafinal`, `km_inicial`, `idformapagamento`, `idfuncionario`, `valor`) VALUES
(1, 64, 13, '2021-02-27', '2021-02-28', 5411, 4, 6, NULL),
(2, 53, 1, '2022-09-07', '2022-09-12', 5699, 4, 3, NULL),
(3, 54, 9, '2020-09-15', '2020-09-20', 5266, 1, 7, NULL),
(4, 64, 8, '2021-06-10', '2021-06-18', 5231, 4, 4, NULL),
(5, 49, 19, '2020-03-03', '2020-03-11', 5360, 1, 1, NULL),
(6, 56, 16, '2020-08-14', '2020-08-20', 5105, 2, 4, NULL),
(7, 69, 30, '2022-11-09', '2022-11-16', 5445, 6, 3, NULL),
(8, 66, 23, '2022-09-08', '2022-09-13', 5910, 3, 4, NULL),
(9, 6, 10, '2021-01-10', '2021-01-17', 5217, 4, 1, NULL),
(10, 16, 7, '2021-05-24', '2021-05-25', 5357, 4, 10, NULL),
(11, 37, 27, '2022-04-25', '2022-04-28', 5134, 2, 8, NULL),
(12, 19, 11, '2022-08-08', '2022-08-10', 5597, 3, 10, NULL),
(13, 41, 16, '2022-08-13', '2022-08-16', 5584, 6, 4, NULL),
(14, 60, 16, '2020-05-01', '2020-05-01', 5132, 5, 2, NULL),
(15, 38, 13, '2021-09-05', '2021-09-06', 5905, 3, 5, NULL),
(16, 51, 6, '2022-03-28', '2022-04-04', 5133, 2, 9, NULL),
(17, 62, 21, '2022-07-02', '2022-07-03', 5948, 2, 9, NULL),
(18, 23, 3, '2021-04-12', '2021-04-19', 5342, 5, 8, NULL),
(19, 60, 25, '2021-06-23', '2021-06-23', 5868, 6, 2, NULL),
(20, 33, 13, '2021-11-05', '2021-11-14', 5316, 6, 6, NULL),
(21, 31, 19, '2022-03-29', '2022-04-04', 5973, 6, 1, NULL),
(22, 34, 17, '2021-02-18', '2021-02-23', 5918, 1, 10, NULL),
(23, 28, 21, '2020-09-16', '2020-09-24', 5671, 6, 5, NULL),
(24, 21, 16, '2021-12-29', '2022-01-04', 5603, 5, 6, NULL),
(25, 8, 3, '2020-08-02', '2020-08-09', 5002, 3, 3, NULL),
(26, 64, 3, '2022-03-16', '2022-03-23', 5203, 3, 6, NULL),
(27, 5, 28, '2021-03-22', '2021-03-28', 5008, 2, 1, NULL),
(28, 58, 15, '2020-03-27', '2020-04-03', 5433, 4, 8, NULL),
(29, 12, 27, '2022-08-03', '2022-08-11', 5143, 5, 4, NULL),
(30, 24, 9, '2021-05-28', '2021-06-06', 5413, 3, 6, NULL),
(31, 41, 22, '2022-05-05', '2022-05-05', 5639, 6, 7, NULL),
(32, 68, 8, '2020-11-22', '2020-11-28', 5957, 4, 5, NULL),
(33, 24, 25, '2022-11-23', '2022-12-02', 5870, 4, 5, NULL),
(34, 65, 27, '2021-10-15', '2021-10-24', 5476, 3, 2, NULL),
(35, 67, 22, '2022-02-20', '2022-02-27', 5773, 3, 1, NULL),
(36, 11, 11, '2021-02-10', '2021-02-19', 5436, 4, 10, NULL),
(37, 17, 7, '2021-03-27', '2021-04-01', 5861, 2, 4, NULL),
(38, 21, 18, '2020-05-30', '2020-06-07', 5999, 4, 3, NULL),
(39, 4, 9, '2020-11-14', '2020-11-22', 5414, 3, 9, NULL),
(40, 29, 21, '2020-12-05', '2020-12-08', 5071, 2, 8, NULL),
(41, 50, 19, '2022-08-10', '2022-08-12', 5115, 4, 10, NULL),
(42, 43, 3, '2021-11-06', '2021-11-06', 5363, 5, 7, NULL),
(43, 12, 14, '2022-01-01', '2022-01-07', 5470, 1, 4, NULL),
(44, 17, 1, '2021-05-14', '2021-05-17', 5262, 1, 9, NULL),
(45, 16, 25, '2021-02-13', '2021-02-17', 5899, 2, 1, NULL),
(46, 42, 30, '2020-09-22', '2020-09-25', 5711, 1, 10, NULL),
(47, 38, 18, '2020-12-24', '2020-12-26', 5859, 5, 4, NULL),
(48, 61, 3, '2022-05-04', '2022-05-05', 5163, 5, 10, NULL),
(49, 21, 8, '2021-02-28', '2021-03-09', 5238, 1, 6, NULL),
(50, 22, 10, '2022-01-01', '2022-01-05', 5700, 3, 3, NULL),
(51, 67, 17, '2022-10-13', '2022-10-17', 5785, 1, 3, NULL),
(52, 46, 29, '2022-03-02', '2022-03-10', 5828, 6, 6, NULL),
(53, 4, 21, '2020-11-21', '2020-11-30', 5786, 2, 2, NULL),
(54, 45, 10, '2022-02-06', '2022-02-07', 5445, 4, 1, NULL),
(55, 50, 25, '2020-04-03', '2020-04-12', 5869, 5, 8, NULL),
(56, 20, 12, '2020-06-23', '2020-06-23', 5009, 3, 6, NULL),
(57, 44, 28, '2022-03-13', '2022-03-20', 5437, 6, 7, NULL),
(58, 38, 25, '2021-04-23', '2021-04-27', 5162, 5, 4, NULL),
(59, 12, 24, '2021-04-07', '2021-04-15', 5497, 5, 10, NULL),
(60, 10, 21, '2022-11-12', '2022-11-12', 5000, 6, 6, NULL),
(61, 36, 27, '2022-07-27', '2022-07-31', 5510, 5, 10, NULL),
(62, 6, 5, '2021-08-28', '2021-08-31', 5548, 2, 1, NULL),
(63, 47, 17, '2022-04-17', '2022-04-19', 5214, 2, 4, NULL),
(64, 54, 5, '2021-08-01', '2021-08-05', 5423, 1, 9, NULL),
(65, 68, 16, '2022-03-04', '2022-03-05', 5476, 1, 2, NULL),
(66, 16, 27, '2021-12-31', '2022-01-05', 5112, 5, 10, NULL),
(67, 50, 10, '2021-08-04', '2021-08-08', 5133, 4, 6, NULL),
(68, 35, 19, '2021-11-10', '2021-11-16', 5328, 2, 9, NULL),
(69, 25, 1, '2020-06-13', '2020-06-19', 5241, 3, 7, NULL),
(70, 58, 25, '2021-12-01', '2021-12-04', 5224, 5, 5, NULL),
(71, 56, 23, '2020-12-25', '2020-12-31', 5396, 2, 6, NULL),
(72, 40, 28, '2022-10-14', '2022-10-18', 5309, 1, 2, NULL),
(73, 10, 22, '2020-06-06', '2020-06-07', 5357, 3, 3, NULL),
(74, 40, 21, '2022-05-20', '2022-05-23', 5858, 6, 7, NULL),
(75, 24, 25, '2020-06-12', '2020-06-13', 5218, 1, 8, NULL),
(76, 66, 16, '2022-04-26', '2022-05-05', 5518, 3, 9, NULL),
(77, 40, 20, '2021-08-23', '2021-08-26', 5936, 5, 8, NULL),
(78, 17, 26, '2021-10-13', '2021-10-21', 5125, 3, 5, NULL),
(79, 10, 16, '2020-07-22', '2020-07-24', 5820, 2, 8, NULL),
(80, 39, 6, '2020-10-14', '2020-10-18', 5723, 4, 6, NULL),
(81, 24, 26, '2020-12-17', '2020-12-23', 5159, 6, 3, NULL),
(82, 38, 2, '2021-10-06', '2021-10-13', 5624, 5, 8, NULL),
(83, 20, 30, '2020-03-26', '2020-04-03', 5642, 2, 3, NULL),
(84, 69, 9, '2021-06-28', '2021-06-28', 5341, 4, 7, NULL),
(85, 25, 2, '2020-10-02', '2020-10-10', 5780, 6, 7, NULL),
(86, 69, 4, '2021-12-02', '2021-12-11', 5878, 6, 3, NULL),
(87, 28, 11, '2021-10-11', '2021-10-13', 5049, 6, 5, NULL),
(88, 50, 26, '2020-07-30', '2020-08-02', 5611, 2, 4, NULL),
(89, 36, 29, '2020-08-28', '2020-09-05', 5908, 1, 5, NULL),
(90, 64, 9, '2022-01-02', '2022-01-04', 5710, 4, 2, NULL),
(91, 41, 11, '2022-10-29', '2022-11-03', 5826, 6, 3, NULL),
(92, 19, 25, '2020-11-07', '2020-11-10', 5000, 5, 1, NULL),
(93, 29, 16, '2021-03-06', '2021-03-15', 5522, 2, 4, NULL),
(94, 30, 7, '2022-03-08', '2022-03-12', 5613, 1, 9, NULL),
(95, 13, 21, '2022-07-12', '2022-07-19', 5497, 2, 10, NULL),
(96, 54, 30, '2021-11-01', '2021-11-05', 5647, 1, 5, NULL),
(97, 56, 18, '2021-08-02', '2021-08-10', 5743, 6, 2, NULL),
(98, 53, 5, '2021-09-10', '2021-09-17', 5777, 2, 4, NULL),
(99, 61, 13, '2021-04-17', '2021-04-22', 5654, 6, 6, NULL),
(100, 4, 22, '2021-02-08', '2021-02-09', 5941, 4, 7, NULL),
(101, 4, 12, '2022-05-22', '2022-05-25', 5741, 6, 6, NULL),
(102, 1, 12, '2022-08-17', '2022-08-17', 5885, 3, 8, NULL),
(103, 69, 28, '2021-09-22', '2021-09-24', 5202, 1, 1, NULL),
(104, 70, 17, '2022-06-05', '2022-06-08', 5356, 3, 10, NULL),
(105, 51, 9, '2020-11-26', '2020-12-02', 5173, 3, 7, NULL),
(106, 46, 24, '2022-09-09', '2022-09-13', 5797, 2, 3, NULL),
(107, 47, 15, '2021-04-03', '2021-04-05', 5467, 4, 4, NULL),
(108, 39, 4, '2022-09-03', '2022-09-12', 5945, 2, 2, NULL),
(109, 31, 14, '2022-11-22', '2022-12-01', 5325, 4, 6, NULL),
(110, 3, 11, '2022-02-07', '2022-02-15', 5791, 3, 6, NULL),
(111, 10, 10, '2020-10-30', '2020-11-02', 5980, 2, 9, NULL),
(112, 27, 8, '2020-07-11', '2020-07-15', 5527, 6, 7, NULL),
(113, 4, 17, '2021-11-21', '2021-11-29', 5695, 3, 8, NULL),
(114, 42, 15, '2021-10-05', '2021-10-06', 5893, 4, 9, NULL),
(115, 54, 9, '2020-09-12', '2020-09-21', 5383, 1, 1, NULL),
(116, 62, 3, '2022-05-09', '2022-05-14', 5235, 5, 7, NULL),
(117, 25, 15, '2021-03-20', '2021-03-29', 5027, 3, 1, NULL),
(118, 14, 18, '2020-11-08', '2020-11-09', 5431, 4, 4, NULL),
(119, 4, 17, '2021-09-12', '2021-09-18', 5072, 2, 8, NULL),
(120, 19, 23, '2022-08-23', '2022-09-01', 5070, 2, 6, NULL),
(121, 60, 10, '2020-05-14', '2020-05-22', 5135, 3, 5, NULL),
(122, 52, 16, '2020-12-21', '2020-12-25', 5463, 6, 6, NULL),
(123, 70, 2, '2020-12-16', '2020-12-20', 5912, 2, 5, NULL),
(124, 39, 27, '2022-04-21', '2022-04-30', 5171, 2, 6, NULL),
(125, 65, 26, '2021-09-04', '2021-09-07', 5120, 1, 3, NULL),
(126, 12, 10, '2020-07-26', '2020-07-26', 5089, 5, 9, NULL),
(127, 24, 12, '2022-09-30', '2022-10-02', 5085, 4, 5, NULL),
(128, 68, 4, '2022-02-09', '2022-02-17', 5160, 2, 5, NULL),
(129, 62, 24, '2021-01-08', '2021-01-13', 5544, 2, 2, NULL),
(130, 3, 19, '2022-08-27', '2022-08-29', 5240, 5, 3, NULL),
(131, 66, 14, '2021-07-26', '2021-07-29', 5570, 2, 9, NULL),
(132, 25, 8, '2020-06-16', '2020-06-19', 5130, 6, 4, NULL),
(133, 61, 25, '2021-05-18', '2021-05-25', 5940, 5, 5, NULL),
(134, 46, 26, '2021-03-09', '2021-03-13', 5310, 2, 3, NULL),
(135, 17, 11, '2020-06-21', '2020-06-23', 5729, 3, 8, NULL),
(136, 2, 22, '2021-07-29', '2021-08-05', 5718, 3, 9, NULL),
(137, 39, 15, '2022-06-01', '2022-06-10', 5401, 4, 1, NULL),
(138, 48, 15, '2021-05-20', '2021-05-27', 5855, 5, 9, NULL),
(139, 27, 20, '2020-06-24', '2020-06-30', 5070, 4, 9, NULL),
(140, 58, 7, '2021-12-10', '2021-12-11', 5787, 4, 10, NULL),
(141, 64, 25, '2021-02-02', '2021-02-11', 5724, 2, 2, NULL),
(142, 22, 22, '2022-01-01', '2022-01-01', 5261, 2, 10, NULL),
(143, 4, 18, '2022-07-04', '2022-07-10', 5135, 3, 3, NULL),
(144, 58, 21, '2022-09-22', '2022-09-22', 5891, 4, 5, NULL),
(145, 27, 30, '2022-02-14', '2022-02-14', 5051, 5, 7, NULL),
(146, 15, 1, '2021-06-12', '2021-06-14', 5580, 2, 6, NULL),
(147, 4, 12, '2022-05-06', '2022-05-09', 5750, 5, 1, NULL),
(148, 47, 27, '2021-04-17', '2021-04-23', 5012, 3, 4, NULL),
(149, 61, 3, '2022-05-23', '2022-05-24', 5807, 5, 8, NULL),
(150, 44, 21, '2021-10-10', '2021-10-19', 5003, 6, 6, NULL),
(151, 38, 4, '2020-03-17', '2020-03-21', 5593, 5, 7, NULL),
(152, 30, 2, '2022-10-09', '2022-10-10', 5956, 4, 7, NULL),
(153, 19, 14, '2021-08-03', '2021-08-07', 5002, 2, 4, NULL),
(154, 34, 24, '2021-05-18', '2021-05-26', 5144, 6, 9, NULL),
(155, 8, 27, '2020-03-20', '2020-03-28', 5713, 3, 1, NULL),
(156, 29, 17, '2021-10-08', '2021-10-15', 5135, 2, 6, NULL),
(157, 33, 18, '2021-08-31', '2021-09-02', 5535, 6, 10, NULL),
(158, 18, 10, '2022-05-22', '2022-05-30', 5272, 1, 10, NULL),
(159, 13, 16, '2020-05-07', '2020-05-14', 5756, 5, 8, NULL),
(160, 48, 3, '2021-04-12', '2021-04-13', 5963, 5, 2, NULL),
(161, 40, 18, '2020-08-14', '2020-08-18', 5548, 1, 5, NULL),
(162, 3, 26, '2020-06-01', '2020-06-10', 5850, 6, 9, NULL),
(163, 34, 16, '2020-10-21', '2020-10-21', 5606, 4, 1, NULL),
(164, 12, 3, '2022-11-01', '2022-11-08', 5480, 4, 5, NULL),
(165, 5, 16, '2021-05-25', '2021-05-29', 5583, 4, 2, NULL),
(166, 69, 27, '2021-07-24', '2021-08-02', 5477, 6, 3, NULL),
(167, 63, 26, '2021-07-10', '2021-07-15', 5635, 6, 10, NULL),
(168, 25, 25, '2020-05-05', '2020-05-13', 5744, 6, 9, NULL),
(169, 11, 4, '2020-09-25', '2020-09-30', 5816, 4, 5, NULL),
(170, 45, 8, '2020-12-30', '2020-12-31', 5849, 5, 8, NULL),
(171, 1, 21, '2021-03-13', '2021-03-16', 5799, 6, 2, NULL),
(172, 8, 1, '2022-04-04', '2022-04-04', 5448, 5, 9, NULL),
(173, 36, 8, '2022-03-30', '2022-04-01', 5843, 1, 7, NULL),
(174, 61, 8, '2021-12-26', '2021-12-28', 5870, 4, 6, NULL),
(175, 59, 14, '2022-05-03', '2022-05-06', 5823, 4, 1, NULL),
(176, 42, 6, '2020-05-25', '2020-06-03', 5504, 6, 6, NULL),
(177, 23, 25, '2020-09-17', '2020-09-23', 5052, 4, 6, NULL),
(178, 69, 11, '2022-04-12', '2022-04-17', 5750, 6, 2, NULL),
(179, 62, 26, '2021-11-11', '2021-11-19', 5595, 4, 3, NULL),
(180, 66, 1, '2020-11-12', '2020-11-18', 5724, 2, 8, NULL),
(181, 31, 13, '2022-06-15', '2022-06-21', 5838, 6, 9, NULL),
(182, 2, 13, '2022-10-17', '2022-10-21', 5016, 4, 3, NULL),
(183, 2, 12, '2022-04-22', '2022-04-23', 5567, 5, 6, NULL),
(184, 47, 27, '2021-05-30', '2021-06-03', 5789, 4, 2, NULL),
(185, 52, 25, '2022-08-05', '2022-08-11', 5241, 6, 2, NULL),
(186, 17, 7, '2021-05-12', '2021-05-12', 5842, 4, 2, NULL),
(187, 15, 17, '2020-06-24', '2020-06-25', 5488, 6, 6, NULL),
(188, 20, 19, '2021-01-13', '2021-01-21', 5912, 5, 10, NULL),
(189, 37, 15, '2022-09-12', '2022-09-18', 5099, 1, 5, NULL),
(190, 67, 10, '2021-12-22', '2021-12-28', 5756, 3, 1, NULL),
(191, 4, 30, '2022-07-17', '2022-07-18', 5487, 3, 2, NULL),
(192, 9, 17, '2021-05-02', '2021-05-11', 5167, 3, 4, NULL),
(193, 5, 28, '2021-03-21', '2021-03-22', 5373, 2, 6, NULL),
(194, 52, 5, '2021-07-20', '2021-07-28', 5364, 1, 6, NULL),
(195, 1, 22, '2021-10-23', '2021-10-23', 5702, 5, 1, NULL),
(196, 25, 8, '2020-10-16', '2020-10-20', 5417, 3, 5, NULL),
(197, 15, 28, '2022-11-13', '2022-11-13', 5980, 1, 4, NULL),
(198, 60, 24, '2020-12-18', '2020-12-26', 5650, 1, 4, NULL),
(199, 63, 1, '2021-02-07', '2021-02-16', 5309, 5, 5, NULL),
(200, 34, 9, '2022-11-17', '2022-11-22', 5596, 1, 6, NULL),
(201, 38, 11, '2020-10-07', '2020-10-16', 5055, 1, 1, NULL),
(202, 27, 27, '2020-12-05', '2020-12-14', 5486, 5, 9, NULL),
(203, 61, 3, '2022-08-01', '2022-08-10', 5267, 1, 1, NULL),
(204, 1, 20, '2020-11-24', '2020-12-02', 5879, 3, 5, NULL),
(205, 70, 27, '2021-05-05', '2021-05-09', 5591, 4, 5, NULL),
(206, 18, 23, '2022-10-25', '2022-11-02', 5320, 4, 8, NULL),
(207, 9, 24, '2021-06-30', '2021-07-06', 5828, 1, 5, NULL),
(208, 14, 17, '2020-11-02', '2020-11-10', 5179, 4, 9, NULL),
(209, 68, 7, '2020-10-21', '2020-10-24', 5411, 3, 9, NULL),
(210, 51, 5, '2021-08-28', '2021-08-28', 5519, 2, 10, NULL),
(211, 63, 17, '2020-07-06', '2020-07-08', 5364, 6, 2, NULL),
(212, 25, 28, '2021-07-04', '2021-07-05', 5262, 5, 10, NULL),
(213, 12, 20, '2022-05-16', '2022-05-25', 5219, 1, 3, NULL),
(214, 56, 25, '2022-04-18', '2022-04-19', 5307, 3, 2, NULL),
(215, 47, 4, '2021-10-11', '2021-10-11', 5882, 4, 4, NULL),
(216, 17, 12, '2020-08-05', '2020-08-12', 5489, 5, 1, NULL),
(217, 62, 11, '2020-08-13', '2020-08-20', 5797, 5, 5, NULL),
(218, 21, 6, '2020-06-08', '2020-06-12', 5521, 6, 1, NULL),
(219, 17, 14, '2021-10-07', '2021-10-08', 5215, 4, 10, NULL),
(220, 70, 10, '2021-11-25', '2021-11-29', 5512, 2, 7, NULL),
(221, 8, 28, '2020-11-14', '2020-11-19', 5914, 4, 4, NULL),
(222, 69, 8, '2021-01-26', '2021-01-30', 5033, 6, 8, NULL),
(223, 33, 20, '2022-07-01', '2022-07-07', 5427, 2, 8, NULL),
(224, 2, 5, '2021-12-29', '2022-01-05', 5033, 6, 5, NULL),
(225, 38, 29, '2020-07-09', '2020-07-09', 5887, 5, 2, NULL),
(226, 48, 28, '2021-10-15', '2021-10-21', 5338, 2, 2, NULL),
(227, 17, 17, '2020-03-13', '2020-03-16', 5026, 3, 5, NULL),
(228, 13, 17, '2020-11-02', '2020-11-11', 5119, 4, 9, NULL),
(229, 7, 24, '2021-10-22', '2021-10-26', 5517, 5, 7, NULL),
(230, 39, 22, '2022-09-25', '2022-09-28', 5229, 4, 9, NULL),
(231, 66, 2, '2021-03-02', '2021-03-04', 5592, 5, 2, NULL),
(232, 38, 15, '2022-05-15', '2022-05-20', 5274, 4, 5, NULL),
(233, 37, 25, '2021-08-08', '2021-08-17', 5597, 2, 9, NULL),
(234, 25, 6, '2022-06-19', '2022-06-28', 5163, 5, 10, NULL),
(235, 61, 9, '2022-06-03', '2022-06-03', 5023, 2, 2, NULL),
(236, 63, 20, '2021-10-06', '2021-10-09', 5626, 6, 9, NULL),
(237, 4, 11, '2021-12-08', '2021-12-16', 5062, 1, 10, NULL),
(238, 61, 26, '2022-02-08', '2022-02-16', 5432, 6, 3, NULL),
(239, 45, 11, '2022-05-20', '2022-05-27', 5976, 1, 2, NULL),
(240, 45, 4, '2022-02-06', '2022-02-08', 5584, 2, 10, NULL),
(241, 53, 7, '2022-08-16', '2022-08-24', 5992, 5, 3, NULL),
(242, 22, 4, '2022-03-11', '2022-03-15', 5207, 2, 7, NULL),
(243, 23, 20, '2021-01-25', '2021-01-31', 5062, 5, 3, NULL),
(244, 31, 4, '2020-12-27', '2020-12-28', 5689, 1, 6, NULL),
(245, 57, 18, '2021-10-04', '2021-10-12', 5258, 1, 8, NULL),
(246, 58, 23, '2020-10-29', '2020-11-05', 5223, 6, 2, NULL),
(247, 19, 11, '2022-09-03', '2022-09-05', 5344, 4, 7, NULL),
(248, 1, 12, '2022-06-12', '2022-06-12', 5050, 1, 9, NULL),
(249, 56, 25, '2021-12-10', '2021-12-12', 5220, 5, 2, NULL),
(250, 13, 12, '2021-05-04', '2021-05-05', 5951, 6, 3, NULL),
(251, 43, 3, '2021-12-18', '2021-12-26', 5093, 1, 9, NULL),
(252, 3, 6, '2022-07-12', '2022-07-21', 5613, 5, 7, NULL),
(253, 3, 30, '2022-04-28', '2022-05-01', 5788, 1, 5, NULL),
(254, 51, 17, '2021-08-20', '2021-08-27', 5102, 1, 5, NULL),
(255, 53, 17, '2021-05-19', '2021-05-26', 5145, 4, 10, NULL),
(256, 49, 20, '2020-06-09', '2020-06-12', 5422, 4, 5, NULL),
(257, 50, 23, '2021-10-01', '2021-10-07', 5674, 5, 5, NULL),
(258, 43, 2, '2021-05-25', '2021-05-27', 5103, 1, 7, NULL),
(259, 3, 28, '2021-07-18', '2021-07-21', 5497, 5, 1, NULL),
(260, 23, 9, '2021-08-14', '2021-08-23', 5173, 5, 2, NULL),
(261, 17, 26, '2021-10-29', '2021-11-06', 5378, 3, 9, NULL),
(262, 32, 28, '2020-09-23', '2020-09-27', 5369, 2, 8, NULL),
(263, 58, 7, '2022-01-12', '2022-01-16', 5713, 5, 2, NULL),
(264, 43, 26, '2021-06-11', '2021-06-12', 5459, 5, 6, NULL),
(265, 27, 19, '2022-11-05', '2022-11-07', 5155, 1, 3, NULL),
(266, 15, 29, '2020-08-16', '2020-08-22', 5399, 6, 8, NULL),
(267, 22, 20, '2021-03-04', '2021-03-11', 5529, 6, 9, NULL),
(268, 15, 14, '2022-01-03', '2022-01-08', 5449, 6, 1, NULL),
(269, 64, 17, '2020-04-17', '2020-04-25', 5660, 4, 6, NULL),
(270, 57, 8, '2022-04-19', '2022-04-22', 5954, 2, 10, NULL),
(271, 43, 14, '2021-05-26', '2021-05-26', 5788, 6, 8, NULL),
(272, 11, 2, '2022-06-26', '2022-06-30', 5080, 1, 1, NULL),
(273, 51, 14, '2020-04-03', '2020-04-11', 5035, 6, 9, NULL),
(274, 13, 10, '2020-03-23', '2020-04-01', 5936, 2, 1, NULL),
(275, 60, 21, '2022-09-06', '2022-09-09', 5577, 4, 6, NULL),
(276, 59, 19, '2021-09-11', '2021-09-11', 5077, 6, 10, NULL),
(277, 9, 23, '2021-01-20', '2021-01-29', 5656, 3, 1, NULL),
(278, 6, 5, '2021-07-31', '2021-08-05', 5047, 1, 5, NULL),
(279, 10, 9, '2022-11-07', '2022-11-16', 5267, 1, 9, NULL),
(280, 28, 24, '2022-03-08', '2022-03-09', 5195, 2, 1, NULL),
(281, 30, 5, '2021-06-08', '2021-06-17', 5176, 6, 6, NULL),
(282, 69, 9, '2021-06-10', '2021-06-12', 5295, 3, 8, NULL),
(283, 3, 21, '2021-03-20', '2021-03-22', 5949, 6, 2, NULL),
(284, 3, 21, '2020-10-20', '2020-10-24', 5858, 1, 5, NULL),
(285, 8, 2, '2022-09-08', '2022-09-13', 5446, 3, 7, NULL),
(286, 39, 12, '2020-10-04', '2020-10-09', 5654, 6, 9, NULL),
(287, 11, 27, '2022-10-13', '2022-10-14', 5935, 1, 5, NULL),
(288, 55, 16, '2020-12-21', '2020-12-30', 5714, 6, 7, NULL),
(289, 39, 4, '2022-07-16', '2022-07-18', 5765, 1, 10, NULL),
(290, 36, 14, '2022-01-25', '2022-01-31', 5682, 1, 9, NULL),
(291, 50, 2, '2020-09-20', '2020-09-23', 5116, 5, 5, NULL),
(292, 35, 30, '2021-04-14', '2021-04-22', 5534, 1, 5, NULL),
(293, 29, 19, '2022-09-30', '2022-10-09', 5323, 5, 3, NULL),
(294, 22, 3, '2021-06-07', '2021-06-11', 5013, 1, 6, NULL),
(295, 70, 22, '2021-12-27', '2021-12-29', 5099, 1, 2, NULL),
(296, 52, 8, '2022-11-13', '2022-11-22', 5454, 2, 2, NULL),
(297, 10, 2, '2022-04-23', '2022-05-02', 5975, 5, 5, NULL),
(298, 43, 21, '2021-09-26', '2021-10-04', 5513, 5, 6, NULL),
(299, 29, 17, '2021-06-06', '2021-06-10', 5642, 5, 4, NULL),
(300, 13, 23, '2020-08-07', '2020-08-13', 5672, 4, 3, NULL),
(301, 32, 15, '2020-07-02', '2020-07-03', 5435, 1, 2, NULL),
(302, 21, 3, '2021-09-06', '2021-09-12', 5160, 4, 1, NULL),
(303, 60, 23, '2020-11-09', '2020-11-15', 5494, 6, 10, NULL),
(304, 9, 21, '2020-06-17', '2020-06-19', 5989, 3, 4, NULL),
(305, 65, 8, '2021-09-11', '2021-09-13', 5464, 6, 1, NULL),
(306, 23, 18, '2022-11-01', '2022-11-06', 5353, 1, 2, NULL),
(307, 48, 2, '2020-08-31', '2020-09-08', 5376, 5, 6, NULL),
(308, 25, 13, '2020-05-29', '2020-06-07', 5819, 1, 3, NULL),
(309, 36, 2, '2022-04-28', '2022-04-28', 5969, 5, 6, NULL),
(310, 31, 27, '2020-05-26', '2020-05-29', 5390, 5, 1, NULL),
(311, 54, 14, '2022-07-08', '2022-07-13', 5041, 6, 8, NULL),
(312, 28, 29, '2021-11-19', '2021-11-26', 5038, 2, 8, NULL),
(313, 32, 14, '2022-06-12', '2022-06-21', 5064, 6, 2, NULL),
(314, 58, 16, '2020-05-14', '2020-05-21', 5209, 6, 9, NULL),
(315, 3, 19, '2022-08-28', '2022-09-05', 5852, 5, 5, NULL),
(316, 3, 28, '2021-05-23', '2021-05-31', 5636, 4, 9, NULL),
(317, 15, 17, '2020-04-03', '2020-04-11', 5623, 4, 8, NULL),
(318, 50, 25, '2020-03-12', '2020-03-20', 5209, 4, 3, NULL),
(319, 64, 24, '2020-10-03', '2020-10-08', 5178, 5, 2, NULL),
(320, 65, 14, '2021-04-29', '2021-04-29', 5260, 5, 1, NULL),
(321, 59, 22, '2020-04-03', '2020-04-10', 5767, 1, 6, NULL),
(322, 9, 15, '2020-04-27', '2020-05-01', 5054, 5, 8, NULL),
(323, 69, 13, '2020-07-11', '2020-07-13', 5972, 3, 1, NULL),
(324, 49, 6, '2022-07-04', '2022-07-13', 5699, 5, 9, NULL),
(325, 5, 6, '2021-12-04', '2021-12-13', 5581, 5, 3, NULL),
(326, 42, 26, '2021-05-29', '2021-06-07', 5805, 5, 9, NULL),
(327, 23, 11, '2022-07-30', '2022-08-07', 5283, 2, 3, NULL),
(328, 64, 19, '2021-04-10', '2021-04-15', 5003, 1, 8, NULL),
(329, 35, 2, '2022-03-22', '2022-03-31', 5164, 4, 3, NULL),
(330, 58, 8, '2022-03-20', '2022-03-23', 5813, 1, 8, NULL),
(331, 63, 12, '2020-10-06', '2020-10-15', 5572, 6, 9, NULL),
(332, 10, 25, '2021-11-24', '2021-12-01', 5423, 5, 4, NULL),
(333, 56, 24, '2021-06-25', '2021-07-01', 5399, 1, 10, NULL),
(334, 67, 17, '2022-06-17', '2022-06-26', 5727, 4, 8, NULL),
(335, 23, 28, '2021-12-16', '2021-12-24', 5437, 3, 8, NULL),
(336, 37, 4, '2022-10-28', '2022-10-31', 5004, 4, 5, NULL),
(337, 55, 9, '2020-06-14', '2020-06-16', 5710, 4, 2, NULL),
(338, 68, 27, '2021-07-12', '2021-07-16', 5540, 6, 5, NULL),
(339, 52, 4, '2021-05-06', '2021-05-07', 5570, 5, 8, NULL),
(340, 43, 20, '2021-08-04', '2021-08-11', 5232, 4, 5, NULL),
(341, 36, 22, '2020-03-16', '2020-03-25', 5448, 6, 10, NULL),
(342, 49, 19, '2022-10-16', '2022-10-21', 5547, 6, 3, NULL),
(343, 2, 6, '2022-07-29', '2022-07-30', 5390, 5, 6, NULL),
(344, 34, 29, '2020-11-10', '2020-11-19', 5309, 3, 9, NULL),
(345, 34, 2, '2022-07-28', '2022-08-01', 5376, 2, 8, NULL),
(346, 27, 8, '2020-09-17', '2020-09-19', 5953, 2, 1, NULL),
(347, 31, 17, '2021-05-18', '2021-05-27', 5638, 4, 1, NULL),
(348, 37, 28, '2022-10-05', '2022-10-05', 5330, 1, 2, NULL),
(349, 23, 15, '2021-07-16', '2021-07-20', 5736, 1, 7, NULL),
(350, 48, 9, '2021-03-05', '2021-03-06', 5692, 1, 9, NULL),
(351, 65, 18, '2020-09-12', '2020-09-14', 5251, 2, 1, NULL),
(352, 30, 15, '2020-10-15', '2020-10-22', 5180, 4, 8, NULL),
(353, 39, 26, '2021-07-29', '2021-08-07', 5147, 1, 6, NULL),
(354, 56, 23, '2021-04-04', '2021-04-09', 5196, 5, 7, NULL),
(355, 33, 4, '2020-09-19', '2020-09-27', 5540, 4, 6, NULL),
(356, 48, 13, '2020-06-16', '2020-06-23', 5114, 2, 1, NULL),
(357, 64, 25, '2021-02-24', '2021-02-24', 5949, 3, 3, NULL),
(358, 46, 6, '2022-11-18', '2022-11-26', 5402, 3, 2, NULL),
(359, 5, 4, '2021-03-20', '2021-03-23', 5163, 4, 2, NULL),
(360, 48, 22, '2021-07-25', '2021-08-03', 5612, 3, 5, NULL),
(361, 40, 18, '2020-09-07', '2020-09-16', 5572, 2, 5, NULL),
(362, 35, 26, '2022-04-09', '2022-04-16', 5022, 2, 10, NULL),
(363, 10, 24, '2021-09-17', '2021-09-26', 5394, 3, 7, NULL),
(364, 40, 15, '2022-03-18', '2022-03-22', 5906, 2, 3, NULL),
(365, 5, 16, '2021-06-14', '2021-06-16', 5348, 5, 3, NULL),
(366, 27, 18, '2022-06-17', '2022-06-26', 5021, 3, 6, NULL),
(367, 41, 19, '2021-02-23', '2021-02-25', 5062, 6, 2, NULL),
(368, 47, 14, '2020-11-18', '2020-11-19', 5249, 6, 10, NULL),
(369, 5, 13, '2022-07-27', '2022-07-28', 5060, 1, 5, NULL),
(370, 8, 2, '2020-03-14', '2020-03-14', 5553, 6, 6, NULL),
(371, 25, 4, '2021-08-14', '2021-08-23', 5584, 2, 1, NULL),
(372, 66, 24, '2020-05-07', '2020-05-14', 5264, 1, 9, NULL),
(373, 59, 4, '2020-07-14', '2020-07-22', 5567, 2, 9, NULL),
(374, 9, 22, '2020-08-07', '2020-08-08', 5044, 5, 9, NULL),
(375, 63, 14, '2021-11-15', '2021-11-24', 5521, 5, 8, NULL),
(376, 56, 23, '2021-02-09', '2021-02-14', 5471, 4, 4, NULL),
(377, 34, 28, '2020-04-23', '2020-04-30', 5792, 4, 4, NULL),
(378, 48, 21, '2021-02-08', '2021-02-17', 5550, 5, 7, NULL),
(379, 34, 9, '2022-10-09', '2022-10-16', 5372, 6, 4, NULL),
(380, 57, 7, '2022-03-01', '2022-03-07', 5212, 6, 10, NULL),
(381, 45, 9, '2021-06-18', '2021-06-18', 5943, 4, 5, NULL),
(382, 22, 27, '2021-07-09', '2021-07-12', 5080, 6, 6, NULL),
(383, 48, 28, '2021-08-14', '2021-08-21', 5571, 6, 2, NULL),
(384, 67, 30, '2020-08-01', '2020-08-04', 5615, 5, 2, NULL),
(385, 30, 24, '2022-01-21', '2022-01-29', 5362, 1, 5, NULL),
(386, 22, 9, '2021-09-18', '2021-09-27', 5966, 6, 6, NULL),
(387, 2, 9, '2020-12-08', '2020-12-12', 5744, 4, 5, NULL),
(388, 14, 4, '2020-04-03', '2020-04-04', 5825, 5, 9, NULL),
(389, 67, 10, '2022-04-07', '2022-04-14', 5892, 6, 7, NULL),
(390, 2, 15, '2021-04-08', '2021-04-17', 5987, 4, 9, NULL),
(391, 37, 29, '2020-07-28', '2020-08-02', 5256, 6, 4, NULL),
(392, 15, 7, '2021-08-30', '2021-09-08', 5323, 1, 1, NULL),
(393, 39, 20, '2021-12-14', '2021-12-14', 5847, 2, 2, NULL),
(394, 28, 6, '2022-02-16', '2022-02-18', 5267, 1, 9, NULL),
(395, 3, 2, '2020-06-06', '2020-06-09', 5793, 3, 8, NULL),
(396, 41, 24, '2020-10-19', '2020-10-19', 5166, 5, 2, NULL),
(397, 12, 15, '2022-08-14', '2022-08-23', 5450, 1, 4, NULL),
(398, 44, 27, '2021-11-29', '2021-12-06', 5753, 4, 4, NULL),
(399, 42, 15, '2021-09-07', '2021-09-14', 5413, 3, 8, NULL),
(400, 14, 27, '2022-05-09', '2022-05-14', 5810, 3, 7, NULL),
(401, 27, 26, '2020-07-06', '2020-07-13', 5812, 1, 9, NULL),
(402, 68, 18, '2020-05-07', '2020-05-15', 5628, 4, 5, NULL),
(403, 47, 18, '2022-09-06', '2022-09-07', 5704, 6, 6, NULL),
(404, 38, 3, '2022-06-28', '2022-06-29', 5638, 6, 6, NULL),
(405, 25, 25, '2022-10-25', '2022-10-29', 5076, 3, 2, NULL),
(406, 19, 1, '2021-01-29', '2021-02-04', 5470, 4, 1, NULL),
(407, 68, 1, '2020-09-14', '2020-09-14', 5120, 6, 8, NULL),
(408, 10, 25, '2022-03-17', '2022-03-18', 5192, 2, 6, NULL),
(409, 70, 8, '2020-09-15', '2020-09-19', 5598, 2, 8, NULL),
(410, 57, 6, '2021-08-13', '2021-08-22', 5417, 1, 1, NULL),
(411, 59, 27, '2020-03-08', '2020-03-09', 5291, 3, 9, NULL),
(412, 47, 10, '2021-11-06', '2021-11-08', 5204, 1, 2, NULL),
(413, 48, 3, '2021-04-26', '2021-05-02', 5150, 5, 3, NULL),
(414, 62, 27, '2022-04-30', '2022-05-03', 5135, 2, 8, NULL),
(415, 11, 26, '2022-05-30', '2022-05-31', 5227, 4, 10, NULL),
(416, 15, 13, '2021-04-23', '2021-04-27', 5729, 6, 4, NULL),
(417, 11, 4, '2020-08-08', '2020-08-15', 5968, 3, 3, NULL),
(418, 46, 30, '2020-03-29', '2020-04-04', 5650, 1, 9, NULL),
(419, 45, 22, '2022-02-08', '2022-02-15', 5346, 3, 9, NULL),
(420, 57, 27, '2022-09-30', '2022-10-08', 5782, 1, 6, NULL),
(421, 47, 1, '2020-07-12', '2020-07-13', 5871, 4, 3, NULL),
(422, 40, 1, '2021-06-10', '2021-06-19', 5011, 2, 6, NULL),
(423, 57, 10, '2020-08-02', '2020-08-06', 5441, 5, 1, NULL),
(424, 46, 25, '2020-05-09', '2020-05-12', 5174, 6, 5, NULL),
(425, 29, 9, '2020-09-30', '2020-10-02', 5548, 2, 2, NULL),
(426, 25, 6, '2022-05-14', '2022-05-17', 5217, 4, 3, NULL),
(427, 7, 29, '2021-08-01', '2021-08-01', 5443, 5, 9, NULL),
(428, 2, 29, '2021-11-20', '2021-11-29', 5566, 3, 4, NULL),
(429, 58, 3, '2022-09-12', '2022-09-19', 5498, 3, 5, NULL),
(430, 14, 25, '2021-05-01', '2021-05-08', 5796, 5, 4, NULL),
(431, 23, 14, '2021-02-14', '2021-02-21', 5485, 3, 1, NULL),
(432, 52, 18, '2022-03-02', '2022-03-05', 5038, 6, 5, NULL),
(433, 23, 28, '2021-09-20', '2021-09-26', 5733, 1, 2, NULL),
(434, 62, 2, '2022-01-05', '2022-01-05', 5555, 2, 2, NULL),
(435, 62, 26, '2021-09-11', '2021-09-16', 5574, 2, 5, NULL),
(436, 53, 26, '2020-06-05', '2020-06-09', 5208, 6, 7, NULL),
(437, 11, 3, '2022-10-01', '2022-10-05', 5318, 3, 9, NULL),
(438, 43, 18, '2020-04-24', '2020-05-02', 5966, 4, 3, NULL),
(439, 41, 7, '2021-03-08', '2021-03-08', 5878, 2, 7, NULL),
(440, 65, 30, '2020-08-31', '2020-09-06', 5491, 6, 6, NULL),
(441, 13, 2, '2022-02-17', '2022-02-17', 5823, 3, 9, NULL),
(442, 5, 30, '2022-01-27', '2022-01-30', 5640, 4, 7, NULL),
(443, 49, 25, '2022-11-24', '2022-11-28', 5733, 4, 8, NULL),
(444, 49, 26, '2020-07-02', '2020-07-05', 5746, 1, 7, NULL),
(445, 11, 13, '2021-11-12', '2021-11-16', 5532, 6, 3, NULL),
(446, 36, 27, '2022-11-12', '2022-11-15', 5422, 2, 1, NULL),
(447, 15, 10, '2020-04-01', '2020-04-03', 5512, 2, 7, NULL),
(448, 53, 8, '2020-04-23', '2020-04-24', 5297, 3, 9, NULL),
(449, 17, 22, '2022-08-26', '2022-08-28', 5949, 3, 5, NULL),
(450, 13, 23, '2020-09-25', '2020-09-30', 5856, 5, 7, NULL),
(451, 26, 14, '2020-05-13', '2020-05-22', 5432, 1, 9, NULL),
(452, 8, 10, '2021-02-01', '2021-02-01', 5593, 5, 3, NULL),
(453, 33, 7, '2022-04-01', '2022-04-06', 5667, 1, 10, NULL),
(454, 21, 5, '2022-06-13', '2022-06-17', 5560, 5, 10, NULL),
(455, 11, 18, '2021-05-10', '2021-05-15', 5798, 3, 1, NULL),
(456, 62, 4, '2022-07-26', '2022-07-31', 5312, 1, 3, NULL),
(457, 50, 10, '2021-08-26', '2021-09-03', 5164, 5, 2, NULL),
(458, 68, 20, '2021-04-20', '2021-04-27', 5884, 1, 1, NULL),
(459, 16, 26, '2021-07-19', '2021-07-21', 5931, 1, 9, NULL),
(460, 42, 27, '2022-01-07', '2022-01-07', 5003, 5, 10, NULL),
(461, 39, 19, '2021-06-24', '2021-06-28', 5224, 4, 5, NULL),
(462, 9, 2, '2022-07-10', '2022-07-19', 5110, 2, 1, NULL),
(463, 24, 4, '2021-08-16', '2021-08-19', 5877, 3, 1, NULL),
(464, 12, 24, '2021-03-21', '2021-03-28', 5057, 4, 2, NULL),
(465, 57, 9, '2022-10-17', '2022-10-17', 5653, 6, 4, NULL),
(466, 66, 24, '2020-05-12', '2020-05-12', 5094, 1, 5, NULL),
(467, 70, 25, '2020-08-11', '2020-08-20', 5512, 3, 3, NULL),
(468, 14, 28, '2020-05-01', '2020-05-08', 5280, 4, 10, NULL),
(469, 36, 28, '2020-04-16', '2020-04-22', 5863, 3, 1, NULL),
(470, 23, 5, '2022-03-30', '2022-04-01', 5478, 3, 3, NULL),
(471, 36, 15, '2022-06-07', '2022-06-10', 5799, 5, 3, NULL),
(472, 12, 19, '2021-10-22', '2021-10-29', 5563, 1, 5, NULL),
(473, 68, 12, '2022-11-01', '2022-11-10', 5418, 5, 7, NULL),
(474, 58, 27, '2022-07-24', '2022-07-28', 5401, 5, 8, NULL),
(475, 15, 23, '2020-07-16', '2020-07-20', 5752, 3, 7, NULL),
(476, 50, 8, '2020-09-23', '2020-10-02', 5558, 2, 1, NULL),
(477, 40, 3, '2022-04-25', '2022-04-27', 5536, 4, 4, NULL),
(478, 62, 15, '2022-03-09', '2022-03-11', 5004, 2, 8, NULL),
(479, 5, 17, '2021-10-06', '2021-10-14', 5415, 2, 6, NULL),
(480, 37, 25, '2021-10-12', '2021-10-13', 5062, 3, 5, NULL),
(481, 40, 12, '2020-11-28', '2020-12-02', 5066, 2, 5, NULL),
(482, 12, 8, '2022-03-05', '2022-03-12', 5145, 6, 3, NULL),
(483, 32, 13, '2022-05-21', '2022-05-24', 5527, 5, 7, NULL),
(484, 30, 25, '2022-04-01', '2022-04-07', 5203, 3, 7, NULL),
(485, 46, 3, '2021-05-30', '2021-06-08', 5431, 1, 4, NULL),
(486, 58, 30, '2021-05-30', '2021-06-08', 5548, 2, 9, NULL),
(487, 21, 14, '2021-02-12', '2021-02-18', 5446, 3, 2, NULL),
(488, 3, 29, '2021-11-30', '2021-12-07', 5589, 3, 1, NULL),
(489, 55, 26, '2022-11-22', '2022-11-27', 5608, 3, 7, NULL),
(490, 67, 17, '2022-11-15', '2022-11-21', 5272, 2, 4, NULL),
(491, 21, 22, '2021-11-20', '2021-11-25', 5538, 1, 8, NULL),
(492, 24, 18, '2022-06-10', '2022-06-17', 5876, 3, 10, NULL),
(493, 52, 10, '2021-03-05', '2021-03-07', 5763, 6, 2, NULL),
(494, 32, 17, '2021-02-19', '2021-02-19', 5189, 1, 9, NULL),
(495, 46, 24, '2020-04-26', '2020-04-30', 5658, 6, 10, NULL),
(496, 19, 20, '2021-05-05', '2021-05-06', 5722, 2, 1, NULL),
(497, 60, 17, '2020-10-30', '2020-10-31', 5635, 4, 7, NULL),
(498, 70, 10, '2021-10-07', '2021-10-12', 5011, 6, 9, NULL),
(499, 16, 5, '2020-05-12', '2020-05-14', 5149, 6, 6, NULL),
(500, 23, 27, '2021-06-15', '2021-06-21', 5712, 5, 2, NULL),
(501, 4, 5, '2022-01-16', '2022-01-22', 5115, 6, 1, NULL),
(502, 43, 8, '2021-04-11', '2021-04-11', 5439, 2, 9, NULL),
(503, 17, 10, '2022-05-25', '2022-05-27', 5849, 1, 9, NULL),
(504, 26, 11, '2022-02-10', '2022-02-12', 5932, 3, 10, NULL),
(505, 13, 16, '2022-11-13', '2022-11-15', 5111, 3, 10, NULL),
(506, 11, 15, '2022-10-03', '2022-10-10', 5759, 2, 10, NULL),
(507, 45, 10, '2021-12-26', '2022-01-03', 5464, 3, 2, NULL),
(508, 62, 9, '2022-03-16', '2022-03-25', 5044, 6, 8, NULL),
(509, 18, 17, '2022-09-23', '2022-09-23', 5828, 1, 2, NULL),
(510, 42, 22, '2022-04-27', '2022-05-03', 5010, 5, 5, NULL),
(511, 47, 27, '2021-04-09', '2021-04-18', 5565, 3, 9, NULL),
(512, 54, 19, '2022-03-25', '2022-03-25', 5798, 6, 9, NULL),
(513, 36, 21, '2022-09-06', '2022-09-08', 5292, 4, 8, NULL),
(514, 61, 23, '2020-07-22', '2020-07-24', 5070, 3, 4, NULL),
(515, 67, 10, '2022-04-24', '2022-04-30', 5471, 6, 7, NULL),
(516, 25, 28, '2021-07-06', '2021-07-07', 5149, 5, 9, NULL),
(517, 18, 1, '2021-01-29', '2021-02-06', 5330, 4, 4, NULL),
(518, 8, 20, '2022-08-31', '2022-08-31', 5203, 4, 3, NULL),
(519, 32, 10, '2020-11-21', '2020-11-26', 5028, 3, 3, NULL),
(520, 3, 2, '2020-09-12', '2020-09-16', 5532, 5, 4, NULL),
(521, 32, 24, '2021-12-26', '2022-01-03', 5577, 6, 2, NULL),
(522, 46, 14, '2020-12-07', '2020-12-16', 5287, 1, 7, NULL),
(523, 39, 15, '2022-05-11', '2022-05-20', 5706, 4, 10, NULL),
(524, 24, 2, '2020-09-22', '2020-09-22', 5671, 6, 8, NULL),
(525, 61, 20, '2021-10-22', '2021-10-27', 5236, 1, 10, NULL),
(526, 44, 26, '2021-01-15', '2021-01-18', 5167, 1, 4, NULL),
(527, 37, 11, '2020-07-25', '2020-08-03', 5130, 5, 1, NULL),
(528, 3, 2, '2020-10-24', '2020-11-02', 5148, 6, 2, NULL),
(529, 18, 9, '2022-01-31', '2022-01-31', 5349, 4, 8, NULL),
(530, 3, 9, '2021-01-27', '2021-01-29', 5301, 5, 4, NULL),
(531, 2, 21, '2021-01-22', '2021-01-23', 5461, 4, 3, NULL),
(532, 5, 15, '2020-09-28', '2020-09-29', 5402, 4, 2, NULL),
(533, 34, 16, '2020-06-21', '2020-06-22', 5629, 1, 3, NULL),
(534, 61, 6, '2021-01-30', '2021-02-02', 5936, 1, 6, NULL),
(535, 45, 24, '2020-05-22', '2020-05-23', 5795, 1, 1, NULL),
(536, 59, 3, '2020-03-13', '2020-03-21', 5169, 5, 7, NULL),
(537, 55, 18, '2021-12-20', '2021-12-28', 5460, 4, 1, NULL),
(538, 38, 6, '2020-12-17', '2020-12-25', 5793, 6, 2, NULL),
(539, 49, 22, '2021-09-08', '2021-09-12', 5583, 4, 7, NULL),
(540, 23, 25, '2020-06-03', '2020-06-09', 5540, 1, 9, NULL),
(541, 64, 12, '2020-12-17', '2020-12-25', 5952, 2, 5, NULL),
(542, 30, 10, '2021-03-04', '2021-03-07', 5138, 6, 8, NULL),
(543, 16, 16, '2022-07-02', '2022-07-02', 5833, 5, 3, NULL),
(544, 17, 27, '2022-03-30', '2022-04-02', 5755, 1, 9, NULL),
(545, 24, 10, '2021-08-01', '2021-08-07', 5276, 5, 7, NULL),
(546, 59, 5, '2020-12-22', '2020-12-24', 5116, 6, 9, NULL),
(547, 6, 12, '2022-01-29', '2022-02-02', 5751, 3, 4, NULL),
(548, 46, 6, '2022-11-08', '2022-11-09', 5408, 3, 2, NULL),
(549, 60, 5, '2020-12-11', '2020-12-17', 5788, 6, 7, NULL),
(550, 55, 4, '2020-11-15', '2020-11-21', 5717, 6, 9, NULL),
(551, 65, 23, '2020-05-13', '2020-05-14', 5220, 1, 5, NULL),
(552, 10, 15, '2022-11-17', '2022-11-17', 5950, 4, 7, NULL),
(553, 41, 12, '2020-08-05', '2020-08-12', 5090, 4, 7, NULL),
(554, 52, 23, '2021-11-01', '2021-11-07', 5600, 5, 5, NULL),
(555, 68, 17, '2022-05-17', '2022-05-25', 5733, 3, 4, NULL),
(556, 47, 3, '2021-03-04', '2021-03-07', 5863, 4, 5, NULL),
(557, 2, 8, '2020-08-30', '2020-09-02', 5117, 1, 3, NULL),
(558, 17, 21, '2022-02-17', '2022-02-22', 5997, 4, 7, NULL),
(559, 42, 10, '2022-06-04', '2022-06-10', 5635, 1, 8, NULL),
(560, 24, 7, '2020-03-25', '2020-03-30', 5183, 3, 8, NULL),
(561, 29, 18, '2021-12-04', '2021-12-12', 5013, 3, 5, NULL),
(562, 36, 2, '2022-05-18', '2022-05-23', 5513, 6, 9, NULL),
(563, 57, 15, '2020-04-24', '2020-04-27', 5529, 5, 10, NULL),
(564, 55, 16, '2020-10-31', '2020-11-08', 5104, 5, 5, NULL),
(565, 47, 9, '2021-07-06', '2021-07-10', 5934, 4, 2, NULL),
(566, 24, 1, '2020-03-11', '2020-03-17', 5360, 1, 5, NULL),
(567, 10, 19, '2021-10-27', '2021-11-03', 5996, 2, 8, NULL),
(568, 17, 17, '2020-03-26', '2020-04-03', 5903, 3, 6, NULL),
(569, 25, 10, '2021-07-10', '2021-07-10', 5525, 4, 4, NULL),
(570, 18, 19, '2021-03-24', '2021-03-31', 5920, 1, 2, NULL),
(571, 7, 9, '2020-08-20', '2020-08-27', 5022, 1, 7, NULL),
(572, 35, 14, '2022-04-11', '2022-04-12', 5352, 4, 8, NULL),
(573, 18, 22, '2022-04-23', '2022-04-30', 5696, 5, 1, NULL),
(574, 46, 26, '2020-10-17', '2020-10-20', 5424, 4, 8, NULL),
(575, 40, 27, '2022-01-17', '2022-01-21', 5031, 5, 9, NULL),
(576, 68, 13, '2020-11-06', '2020-11-09', 5885, 6, 8, NULL),
(577, 3, 9, '2021-02-25', '2021-02-27', 5330, 6, 3, NULL),
(578, 41, 3, '2022-03-06', '2022-03-07', 5998, 3, 10, NULL),
(579, 55, 21, '2020-05-16', '2020-05-25', 5998, 3, 1, NULL),
(580, 35, 13, '2022-01-03', '2022-01-05', 5998, 1, 5, NULL),
(581, 26, 18, '2022-06-10', '2022-06-16', 5997, 3, 10, NULL),
(582, 38, 14, '2021-11-15', '2021-11-18', 5992, 5, 3, NULL),
(583, 6, 1, '2022-05-20', '2022-05-27', 5967, 1, 8, NULL),
(584, 51, 15, '2021-01-22', '2021-01-28', 5863, 1, 9, NULL),
(585, 54, 12, '2021-09-24', '2021-09-26', 5412, 5, 1, NULL),
(586, 70, 23, '2022-05-19', '2022-05-20', 5474, 5, 8, NULL),
(587, 29, 22, '2021-02-18', '2021-02-27', 5132, 4, 6, NULL),
(588, 9, 22, '2020-07-15', '2020-07-17', 5240, 4, 4, NULL),
(589, 35, 22, '2020-07-20', '2020-07-24', 5805, 4, 5, NULL),
(590, 17, 19, '2021-02-06', '2021-02-09', 5304, 6, 9, NULL),
(591, 23, 30, '2022-11-23', '2022-11-28', 5104, 1, 2, NULL),
(592, 5, 10, '2021-02-16', '2021-02-22', 5610, 5, 2, NULL),
(593, 5, 26, '2020-05-11', '2020-05-17', 5738, 5, 4, NULL),
(594, 54, 14, '2022-10-21', '2022-10-25', 5862, 3, 3, NULL),
(595, 29, 20, '2020-05-01', '2020-05-03', 5095, 3, 3, NULL),
(596, 36, 16, '2020-05-06', '2020-05-13', 5889, 5, 4, NULL),
(597, 50, 7, '2022-10-06', '2022-10-08', 5161, 1, 1, NULL),
(598, 44, 24, '2020-07-23', '2020-07-23', 5137, 2, 4, NULL),
(599, 15, 3, '2022-03-24', '2022-03-26', 5202, 4, 5, NULL),
(600, 29, 13, '2022-06-07', '2022-06-09', 5602, 6, 2, NULL),
(601, 10, 28, '2020-09-11', '2020-09-15', 5403, 2, 4, NULL),
(602, 31, 17, '2021-04-22', '2021-04-25', 5210, 3, 6, NULL),
(603, 5, 29, '2021-08-26', '2021-08-29', 5842, 6, 8, NULL),
(604, 51, 29, '2022-01-18', '2022-01-24', 5578, 4, 9, NULL),
(605, 45, 18, '2022-10-06', '2022-10-08', 5367, 1, 2, NULL),
(606, 21, 12, '2020-05-29', '2020-06-01', 5101, 2, 1, NULL),
(607, 2, 10, '2021-10-15', '2021-10-15', 5404, 6, 1, NULL),
(608, 7, 16, '2021-01-26', '2021-01-26', 5720, 1, 2, NULL),
(609, 37, 9, '2022-05-05', '2022-05-05', 5385, 2, 4, NULL),
(610, 34, 26, '2022-07-31', '2022-08-02', 5766, 5, 3, NULL),
(611, 34, 29, '2020-10-12', '2020-10-21', 5678, 2, 2, NULL),
(612, 67, 24, '2022-11-25', '2022-11-27', 5092, 5, 1, NULL),
(613, 32, 5, '2021-04-30', '2021-05-02', 5424, 5, 9, NULL),
(614, 8, 15, '2020-07-18', '2020-07-22', 5847, 2, 2, NULL),
(615, 51, 28, '2021-05-10', '2021-05-17', 5962, 3, 4, NULL),
(616, 56, 21, '2020-05-03', '2020-05-04', 5271, 2, 1, NULL),
(617, 9, 24, '2021-11-27', '2021-12-04', 5468, 5, 4, NULL),
(618, 3, 26, '2020-05-09', '2020-05-10', 5526, 5, 5, NULL),
(619, 66, 7, '2020-11-15', '2020-11-19', 5228, 4, 2, NULL),
(620, 32, 10, '2020-10-28', '2020-11-04', 5563, 2, 6, NULL),
(621, 38, 28, '2022-10-21', '2022-10-25', 5132, 1, 1, NULL),
(622, 37, 12, '2020-12-05', '2020-12-13', 5973, 2, 8, NULL),
(623, 41, 3, '2021-11-05', '2021-11-13', 5468, 6, 6, NULL),
(624, 29, 16, '2020-12-18', '2020-12-25', 5420, 6, 5, NULL),
(625, 61, 14, '2021-12-30', '2021-12-31', 5697, 1, 7, NULL),
(626, 70, 30, '2022-07-10', '2022-07-16', 5227, 3, 10, NULL),
(627, 30, 27, '2020-07-30', '2020-08-06', 5044, 1, 7, NULL),
(628, 10, 10, '2020-07-29', '2020-08-04', 5540, 5, 4, NULL),
(629, 48, 28, '2021-06-23', '2021-06-23', 5570, 5, 8, NULL),
(630, 3, 3, '2021-01-16', '2021-01-20', 5228, 3, 7, NULL),
(631, 57, 30, '2021-04-22', '2021-04-23', 5429, 2, 3, NULL),
(632, 48, 26, '2020-08-12', '2020-08-16', 5465, 2, 3, NULL),
(633, 1, 4, '2021-10-12', '2021-10-20', 5037, 4, 7, NULL),
(634, 14, 6, '2020-11-29', '2020-12-07', 5791, 6, 5, NULL),
(635, 35, 27, '2022-07-11', '2022-07-19', 5844, 5, 1, NULL),
(636, 69, 23, '2022-07-21', '2022-07-25', 5846, 1, 2, NULL),
(637, 52, 15, '2020-10-02', '2020-10-11', 5698, 4, 4, NULL),
(638, 30, 9, '2020-09-18', '2020-09-20', 5953, 1, 5, NULL),
(639, 69, 17, '2022-03-31', '2022-04-03', 5671, 2, 1, NULL),
(640, 46, 22, '2021-11-22', '2021-11-30', 5498, 6, 10, NULL),
(641, 7, 15, '2020-04-28', '2020-05-02', 5477, 6, 8, NULL),
(642, 21, 23, '2022-08-26', '2022-08-31', 5891, 2, 10, NULL),
(643, 48, 18, '2022-05-29', '2022-06-01', 5024, 3, 6, NULL),
(644, 30, 30, '2022-01-11', '2022-01-20', 5448, 3, 9, NULL),
(645, 9, 10, '2020-08-21', '2020-08-30', 5169, 6, 5, NULL),
(646, 14, 5, '2020-09-15', '2020-09-23', 5501, 4, 7, NULL),
(647, 70, 14, '2020-09-10', '2020-09-14', 5000, 4, 9, NULL),
(648, 48, 14, '2020-09-03', '2020-09-10', 5498, 4, 3, NULL),
(649, 31, 11, '2021-06-10', '2021-06-11', 5491, 2, 1, NULL),
(650, 1, 7, '2022-11-22', '2022-11-28', 5958, 3, 2, NULL),
(651, 59, 4, '2022-11-24', '2022-12-02', 5321, 5, 9, NULL),
(652, 29, 30, '2022-01-10', '2022-01-13', 5729, 3, 6, NULL),
(653, 21, 3, '2021-09-04', '2021-09-05', 5685, 3, 6, NULL),
(654, 57, 17, '2020-12-11', '2020-12-16', 5239, 5, 9, NULL),
(655, 14, 17, '2020-07-15', '2020-07-17', 5138, 1, 5, NULL),
(656, 59, 2, '2022-03-26', '2022-04-01', 5973, 4, 10, NULL),
(657, 55, 3, '2020-04-01', '2020-04-06', 5454, 6, 3, NULL),
(658, 41, 4, '2022-04-07', '2022-04-14', 5351, 4, 5, NULL),
(659, 24, 4, '2021-09-12', '2021-09-12', 5395, 3, 7, NULL),
(660, 42, 19, '2020-10-08', '2020-10-08', 5921, 2, 9, NULL),
(661, 62, 14, '2022-01-10', '2022-01-12', 5420, 1, 2, NULL),
(662, 2, 3, '2021-01-04', '2021-01-05', 5340, 2, 2, NULL),
(663, 48, 14, '2020-10-05', '2020-10-12', 5439, 5, 4, NULL),
(664, 70, 25, '2020-03-08', '2020-03-12', 5174, 4, 5, NULL),
(665, 12, 27, '2022-10-07', '2022-10-15', 5554, 1, 3, NULL),
(666, 44, 26, '2021-01-03', '2021-01-03', 5250, 1, 9, NULL),
(667, 18, 5, '2022-11-08', '2022-11-13', 5590, 3, 5, NULL),
(668, 29, 19, '2022-05-29', '2022-06-06', 5197, 2, 7, NULL),
(669, 66, 27, '2021-08-04', '2021-08-06', 5216, 6, 10, NULL),
(670, 31, 6, '2021-08-20', '2021-08-29', 5491, 2, 10, NULL),
(671, 23, 1, '2020-08-14', '2020-08-21', 5808, 5, 7, NULL),
(672, 22, 8, '2021-03-26', '2021-03-28', 5565, 1, 5, NULL),
(673, 45, 21, '2021-07-26', '2021-08-01', 5405, 4, 3, NULL),
(674, 3, 20, '2020-05-26', '2020-06-01', 5327, 4, 9, NULL),
(675, 22, 30, '2020-04-26', '2020-04-28', 5423, 2, 5, NULL),
(676, 22, 20, '2021-03-22', '2021-03-23', 5134, 6, 10, NULL),
(677, 39, 28, '2022-10-28', '2022-10-29', 5401, 1, 2, NULL),
(678, 36, 8, '2022-04-25', '2022-04-25', 5605, 1, 1, NULL),
(679, 29, 18, '2022-01-05', '2022-01-05', 5824, 4, 9, NULL),
(680, 12, 27, '2022-11-14', '2022-11-16', 5302, 2, 9, NULL),
(681, 24, 27, '2021-06-16', '2021-06-25', 5038, 5, 9, NULL),
(682, 67, 22, '2022-05-14', '2022-05-14', 5288, 5, 8, NULL),
(683, 52, 7, '2022-05-22', '2022-05-26', 5323, 3, 10, NULL),
(684, 55, 17, '2021-05-08', '2021-05-09', 5752, 4, 9, NULL),
(685, 19, 23, '2020-04-18', '2020-04-21', 5794, 6, 2, NULL),
(686, 41, 3, '2021-10-24', '2021-10-28', 5712, 5, 3, NULL),
(687, 16, 20, '2021-12-23', '2021-12-24', 5178, 2, 8, NULL),
(688, 46, 8, '2021-03-02', '2021-03-03', 5754, 1, 2, NULL),
(689, 9, 15, '2020-04-28', '2020-05-04', 5236, 6, 5, NULL),
(690, 70, 15, '2021-03-31', '2021-04-06', 5922, 4, 7, NULL),
(691, 39, 4, '2022-09-05', '2022-09-07', 5899, 2, 10, NULL),
(692, 35, 21, '2022-11-21', '2022-11-24', 5732, 6, 8, NULL),
(693, 37, 28, '2020-05-09', '2020-05-10', 5961, 4, 1, NULL),
(694, 40, 6, '2020-09-26', '2020-09-29', 5610, 3, 2, NULL),
(695, 60, 24, '2021-01-11', '2021-01-16', 5170, 2, 5, NULL),
(696, 25, 29, '2022-01-04', '2022-01-11', 5019, 4, 7, NULL),
(697, 51, 29, '2021-08-07', '2021-08-08', 5584, 5, 1, NULL),
(698, 38, 6, '2021-03-14', '2021-03-20', 5866, 2, 3, NULL),
(699, 28, 3, '2020-08-10', '2020-08-14', 5577, 4, 3, NULL),
(700, 36, 22, '2020-07-26', '2020-07-29', 5287, 4, 6, NULL),
(701, 18, 20, '2021-06-25', '2021-07-01', 5705, 3, 9, NULL),
(702, 62, 30, '2020-11-07', '2020-11-07', 5665, 3, 9, NULL),
(703, 65, 19, '2020-12-18', '2020-12-21', 5210, 4, 5, NULL),
(704, 18, 11, '2020-03-03', '2020-03-10', 5057, 6, 9, NULL),
(705, 60, 10, '2020-04-16', '2020-04-23', 5655, 2, 10, NULL),
(706, 19, 15, '2021-12-21', '2021-12-24', 5103, 5, 1, NULL),
(707, 11, 8, '2022-08-03', '2022-08-06', 5551, 4, 4, NULL),
(708, 34, 16, '2020-07-08', '2020-07-16', 5446, 1, 9, NULL),
(709, 11, 13, '2022-01-15', '2022-01-17', 5576, 1, 3, NULL),
(710, 48, 28, '2021-10-13', '2021-10-18', 5546, 2, 5, NULL),
(711, 14, 11, '2020-11-14', '2020-11-14', 5000, 2, 8, NULL),
(712, 16, 15, '2022-03-29', '2022-04-04', 5365, 3, 2, NULL),
(713, 33, 10, '2020-06-16', '2020-06-16', 5825, 4, 6, NULL),
(714, 58, 6, '2021-08-30', '2021-08-31', 5030, 1, 5, NULL),
(715, 4, 25, '2022-11-07', '2022-11-15', 5674, 3, 7, NULL),
(716, 16, 25, '2021-06-19', '2021-06-26', 5280, 6, 9, NULL),
(717, 1, 11, '2022-02-24', '2022-02-26', 5381, 4, 2, NULL),
(718, 55, 3, '2020-08-02', '2020-08-11', 5066, 3, 1, NULL),
(719, 70, 15, '2021-04-01', '2021-04-10', 5187, 4, 2, NULL),
(720, 45, 15, '2021-08-30', '2021-09-07', 5737, 2, 6, NULL),
(721, 46, 16, '2021-08-26', '2021-08-30', 5126, 2, 4, NULL),
(722, 30, 16, '2020-10-31', '2020-11-05', 5420, 5, 10, NULL),
(723, 56, 25, '2022-03-30', '2022-04-05', 5723, 2, 9, NULL),
(724, 24, 22, '2021-10-22', '2021-10-28', 5353, 5, 5, NULL),
(725, 26, 9, '2021-04-05', '2021-04-05', 5596, 1, 8, NULL),
(726, 28, 18, '2022-04-19', '2022-04-22', 5921, 1, 5, NULL),
(727, 23, 6, '2020-04-04', '2020-04-11', 5820, 4, 10, NULL),
(728, 56, 7, '2022-02-02', '2022-02-08', 5337, 6, 5, NULL),
(729, 18, 20, '2021-07-11', '2021-07-19', 5225, 4, 4, NULL),
(730, 12, 8, '2022-01-27', '2022-01-30', 5114, 5, 6, NULL),
(731, 53, 14, '2020-04-25', '2020-04-27', 5895, 6, 8, NULL),
(732, 19, 20, '2021-07-25', '2021-07-26', 5133, 4, 3, NULL),
(733, 25, 1, '2020-03-25', '2020-04-02', 5983, 1, 7, NULL),
(734, 24, 13, '2020-06-18', '2020-06-26', 5516, 2, 5, NULL),
(735, 5, 16, '2021-03-06', '2021-03-14', 5632, 2, 6, NULL),
(736, 29, 4, '2021-04-16', '2021-04-20', 5612, 5, 2, NULL),
(737, 11, 23, '2020-10-26', '2020-10-26', 5163, 6, 3, NULL),
(738, 11, 25, '2022-01-29', '2022-02-03', 5980, 1, 9, NULL),
(739, 66, 21, '2021-09-18', '2021-09-26', 5412, 5, 6, NULL),
(740, 21, 3, '2021-07-10', '2021-07-13', 5119, 2, 3, NULL),
(741, 56, 6, '2021-10-01', '2021-10-05', 5361, 2, 5, NULL),
(742, 62, 13, '2021-04-03', '2021-04-04', 5450, 5, 7, NULL),
(743, 50, 6, '2022-07-05', '2022-07-09', 5166, 5, 8, NULL),
(744, 63, 13, '2021-02-27', '2021-03-05', 5480, 4, 1, NULL),
(745, 58, 12, '2021-05-06', '2021-05-14', 5901, 1, 8, NULL),
(746, 54, 23, '2021-08-21', '2021-08-26', 5069, 3, 5, NULL),
(747, 28, 24, '2022-03-18', '2022-03-19', 5639, 3, 3, NULL),
(748, 42, 27, '2021-11-21', '2021-11-22', 5989, 3, 10, NULL),
(749, 42, 15, '2022-01-18', '2022-01-19', 5030, 6, 1, NULL),
(750, 50, 21, '2020-10-25', '2020-10-27', 5184, 2, 2, NULL),
(751, 12, 10, '2020-06-15', '2020-06-23', 5831, 4, 7, NULL),
(752, 34, 22, '2020-07-24', '2020-07-30', 5602, 4, 9, NULL),
(753, 32, 16, '2020-10-19', '2020-10-24', 5519, 4, 4, NULL),
(754, 26, 1, '2022-10-17', '2022-10-24', 5789, 5, 10, NULL),
(755, 64, 8, '2021-09-27', '2021-09-27', 5389, 1, 10, NULL),
(756, 55, 19, '2022-01-11', '2022-01-19', 5578, 4, 8, NULL),
(757, 65, 24, '2020-11-05', '2020-11-08', 5722, 6, 10, NULL),
(758, 36, 30, '2021-04-10', '2021-04-11', 5880, 1, 4, NULL),
(759, 10, 14, '2022-07-31', '2022-08-08', 5231, 1, 1, NULL),
(760, 41, 23, '2022-10-15', '2022-10-21', 5517, 4, 2, NULL),
(761, 4, 15, '2020-09-23', '2020-10-02', 5893, 4, 5, NULL),
(762, 38, 24, '2021-01-25', '2021-01-30', 5912, 2, 8, NULL),
(763, 32, 11, '2021-07-04', '2021-07-11', 5884, 3, 5, NULL),
(764, 22, 14, '2021-01-27', '2021-01-31', 5682, 2, 3, NULL),
(765, 43, 2, '2021-07-12', '2021-07-18', 5761, 2, 7, NULL),
(766, 3, 8, '2020-06-20', '2020-06-21', 5758, 5, 4, NULL),
(767, 59, 20, '2022-05-07', '2022-05-12', 5507, 1, 1, NULL),
(768, 48, 11, '2022-01-16', '2022-01-22', 5263, 3, 3, NULL),
(769, 67, 17, '2022-07-16', '2022-07-19', 5793, 5, 3, NULL),
(770, 66, 16, '2022-06-25', '2022-07-03', 5176, 4, 2, NULL),
(771, 51, 20, '2020-04-09', '2020-04-12', 5503, 2, 1, NULL),
(772, 20, 18, '2020-03-07', '2020-03-08', 5989, 2, 1, NULL),
(773, 41, 29, '2020-03-30', '2020-04-03', 5434, 2, 10, NULL),
(774, 22, 22, '2021-11-29', '2021-11-30', 5203, 1, 5, NULL),
(775, 24, 16, '2021-10-08', '2021-10-09', 5715, 3, 5, NULL),
(776, 10, 18, '2021-05-08', '2021-05-10', 5965, 3, 9, NULL),
(777, 67, 13, '2020-10-24', '2020-11-02', 5680, 6, 2, NULL),
(778, 64, 24, '2020-08-14', '2020-08-14', 5508, 3, 10, NULL),
(779, 69, 12, '2022-10-30', '2022-11-02', 5498, 5, 3, NULL),
(780, 52, 16, '2021-02-12', '2021-02-19', 5967, 2, 5, NULL),
(781, 67, 4, '2022-05-04', '2022-05-09', 5340, 4, 7, NULL),
(782, 43, 8, '2021-03-16', '2021-03-20', 5802, 2, 1, NULL),
(783, 54, 8, '2020-03-06', '2020-03-13', 5989, 2, 10, NULL),
(784, 19, 17, '2022-10-12', '2022-10-15', 5540, 1, 9, NULL),
(785, 56, 18, '2021-06-28', '2021-07-03', 5731, 5, 3, NULL),
(786, 4, 5, '2021-10-21', '2021-10-29', 5039, 4, 8, NULL),
(787, 66, 1, '2020-11-21', '2020-11-24', 5002, 2, 1, NULL),
(788, 48, 15, '2021-04-24', '2021-04-27', 5892, 4, 8, NULL),
(789, 64, 19, '2021-05-21', '2021-05-27', 5453, 3, 10, NULL),
(790, 24, 20, '2020-10-21', '2020-10-23', 5592, 2, 3, NULL),
(791, 35, 23, '2020-10-02', '2020-10-03', 5601, 6, 5, NULL),
(792, 48, 25, '2020-03-23', '2020-03-24', 5227, 5, 8, NULL),
(793, 20, 12, '2020-06-04', '2020-06-06', 5336, 2, 2, NULL),
(794, 22, 18, '2022-10-30', '2022-11-08', 5997, 1, 6, NULL),
(795, 52, 10, '2021-01-20', '2021-01-28', 5979, 5, 6, NULL),
(796, 36, 14, '2022-04-06', '2022-04-10', 5904, 3, 8, NULL),
(797, 68, 15, '2021-05-19', '2021-05-26', 5582, 5, 4, NULL),
(798, 53, 10, '2020-12-25', '2020-12-27', 5199, 4, 4, NULL),
(799, 65, 27, '2022-01-16', '2022-01-16', 5249, 5, 6, NULL),
(800, 57, 23, '2020-11-16', '2020-11-19', 5651, 1, 9, NULL),
(801, 45, 28, '2022-02-07', '2022-02-12', 5506, 5, 6, NULL),
(802, 53, 13, '2022-06-27', '2022-07-06', 5578, 6, 1, NULL),
(803, 27, 29, '2021-12-13', '2021-12-15', 5374, 3, 10, NULL),
(804, 67, 18, '2020-06-19', '2020-06-19', 5138, 5, 3, NULL),
(805, 42, 18, '2020-09-04', '2020-09-11', 5565, 1, 5, NULL),
(806, 19, 25, '2021-02-14', '2021-02-19', 5412, 2, 6, NULL),
(807, 20, 18, '2020-05-16', '2020-05-21', 5366, 4, 6, NULL),
(808, 68, 28, '2022-02-27', '2022-03-07', 5596, 6, 1, NULL),
(809, 9, 1, '2022-05-04', '2022-05-13', 5882, 6, 7, NULL),
(810, 69, 9, '2021-06-24', '2021-07-03', 5623, 4, 10, NULL),
(811, 22, 27, '2021-05-13', '2021-05-14', 5471, 4, 8, NULL),
(812, 43, 9, '2021-10-02', '2021-10-09', 5484, 1, 2, NULL),
(813, 40, 20, '2021-07-12', '2021-07-17', 5009, 4, 4, NULL),
(814, 28, 8, '2022-11-24', '2022-11-26', 5591, 2, 4, NULL),
(815, 30, 9, '2020-05-18', '2020-05-23', 5930, 4, 6, NULL),
(816, 47, 18, '2022-08-30', '2022-08-30', 5876, 5, 7, NULL),
(817, 26, 11, '2022-01-31', '2022-02-05', 5593, 3, 8, NULL),
(818, 4, 29, '2021-11-05', '2021-11-11', 5335, 2, 8, NULL),
(819, 17, 16, '2022-07-16', '2022-07-20', 5898, 5, 6, NULL),
(820, 28, 18, '2022-04-20', '2022-04-23', 5487, 1, 4, NULL),
(821, 17, 25, '2021-04-04', '2021-04-07', 5739, 4, 1, NULL),
(822, 35, 25, '2022-01-11', '2022-01-17', 5235, 6, 5, NULL),
(823, 39, 30, '2020-11-27', '2020-12-01', 5960, 3, 10, NULL),
(824, 17, 29, '2020-05-23', '2020-05-23', 5096, 4, 4, NULL),
(825, 32, 19, '2022-01-24', '2022-02-01', 5599, 4, 10, NULL),
(826, 14, 1, '2021-06-12', '2021-06-13', 5710, 2, 7, NULL),
(827, 11, 24, '2021-07-17', '2021-07-21', 5751, 1, 7, NULL),
(828, 21, 29, '2022-08-11', '2022-08-16', 5627, 4, 2, NULL),
(829, 29, 6, '2022-03-09', '2022-03-11', 5884, 1, 9, NULL),
(830, 25, 12, '2022-09-10', '2022-09-18', 5538, 3, 8, NULL),
(831, 31, 26, '2022-11-07', '2022-11-12', 5040, 2, 3, NULL),
(832, 51, 18, '2022-06-07', '2022-06-09', 5584, 3, 10, NULL),
(833, 19, 9, '2021-09-15', '2021-09-20', 5803, 1, 10, NULL),
(834, 23, 19, '2020-05-11', '2020-05-12', 5261, 4, 8, NULL),
(835, 32, 20, '2022-10-27', '2022-11-03', 5898, 6, 2, NULL),
(836, 26, 8, '2020-07-25', '2020-07-31', 5706, 6, 6, NULL),
(837, 37, 19, '2021-09-10', '2021-09-18', 5838, 6, 4, NULL),
(838, 66, 28, '2022-04-09', '2022-04-13', 5072, 1, 10, NULL),
(839, 14, 21, '2022-04-05', '2022-04-10', 5844, 5, 7, NULL),
(840, 57, 17, '2021-03-17', '2021-03-19', 5008, 2, 7, NULL),
(841, 2, 12, '2022-07-04', '2022-07-13', 5507, 1, 3, NULL),
(842, 8, 5, '2021-05-02', '2021-05-09', 5514, 5, 1, NULL),
(843, 9, 17, '2021-01-22', '2021-01-29', 5046, 1, 8, NULL),
(844, 14, 27, '2022-05-13', '2022-05-20', 5690, 3, 4, NULL),
(845, 34, 9, '2022-10-12', '2022-10-14', 5313, 6, 8, NULL),
(846, 57, 8, '2022-03-27', '2022-03-27', 5496, 1, 5, NULL),
(847, 7, 8, '2022-10-05', '2022-10-11', 5541, 1, 10, NULL),
(848, 14, 29, '2020-07-05', '2020-07-07', 5217, 5, 6, NULL),
(849, 47, 27, '2021-03-23', '2021-03-24', 5464, 2, 10, NULL),
(850, 31, 7, '2022-03-22', '2022-03-30', 5667, 1, 1, NULL),
(851, 27, 15, '2021-02-04', '2021-02-11', 5946, 2, 5, NULL);
INSERT INTO `alugueis` (`idaluguel`, `idcliente`, `idveiculo`, `datainicial`, `datafinal`, `km_inicial`, `idformapagamento`, `idfuncionario`, `valor`) VALUES
(852, 8, 26, '2022-10-23', '2022-10-24', 5730, 2, 2, NULL),
(853, 29, 8, '2020-03-20', '2020-03-27', 5812, 3, 5, NULL),
(854, 50, 16, '2021-02-27', '2021-03-01', 5870, 2, 8, NULL),
(855, 35, 16, '2020-04-28', '2020-05-05', 5913, 5, 6, NULL),
(856, 49, 5, '2021-11-08', '2021-11-11', 5955, 5, 6, NULL),
(857, 36, 16, '2020-05-27', '2020-05-30', 5036, 6, 9, NULL),
(858, 7, 26, '2022-09-26', '2022-10-03', 5318, 2, 6, NULL),
(859, 3, 20, '2020-09-14', '2020-09-20', 5482, 1, 4, NULL),
(860, 32, 7, '2022-01-31', '2022-02-08', 5455, 6, 2, NULL),
(861, 23, 29, '2022-03-13', '2022-03-15', 5829, 6, 9, NULL),
(862, 17, 15, '2022-04-09', '2022-04-18', 5782, 3, 6, NULL),
(863, 36, 15, '2022-05-25', '2022-06-01', 5423, 4, 3, NULL),
(864, 62, 13, '2021-04-17', '2021-04-25', 5769, 5, 6, NULL),
(865, 63, 30, '2020-12-05', '2020-12-14', 5577, 3, 1, NULL),
(866, 19, 3, '2021-10-10', '2021-10-14', 5581, 5, 6, NULL),
(867, 54, 21, '2020-09-20', '2020-09-24', 5171, 6, 8, NULL),
(868, 70, 7, '2020-04-30', '2020-05-09', 5112, 5, 10, NULL),
(869, 15, 1, '2021-03-16', '2021-03-20', 5049, 6, 6, NULL),
(870, 27, 5, '2022-01-03', '2022-01-06', 5909, 6, 10, NULL),
(871, 31, 15, '2020-07-25', '2020-07-26', 5397, 2, 2, NULL),
(872, 63, 20, '2021-12-09', '2021-12-18', 5258, 2, 10, NULL),
(873, 21, 22, '2022-02-18', '2022-02-20', 5101, 3, 5, NULL),
(874, 3, 26, '2020-06-27', '2020-06-29', 5730, 1, 2, NULL),
(875, 69, 21, '2021-05-06', '2021-05-10', 5348, 1, 3, NULL),
(876, 31, 23, '2021-05-16', '2021-05-20', 5549, 6, 1, NULL),
(877, 32, 12, '2021-11-26', '2021-11-26', 5703, 6, 4, NULL),
(878, 70, 1, '2020-08-28', '2020-09-06', 5868, 5, 6, NULL),
(879, 34, 30, '2021-07-22', '2021-07-29', 5231, 4, 8, NULL),
(880, 24, 30, '2022-08-11', '2022-08-18', 5552, 4, 3, NULL),
(881, 64, 1, '2020-12-15', '2020-12-18', 5068, 3, 8, NULL),
(882, 21, 6, '2022-10-17', '2022-10-24', 5686, 2, 3, NULL),
(883, 44, 6, '2020-06-18', '2020-06-23', 5226, 6, 9, NULL),
(884, 36, 20, '2022-01-12', '2022-01-16', 5074, 3, 8, NULL),
(885, 28, 15, '2020-10-01', '2020-10-09', 5691, 4, 10, NULL),
(886, 42, 1, '2020-12-17', '2020-12-22', 5234, 3, 6, NULL),
(887, 15, 25, '2021-05-22', '2021-05-26', 5097, 5, 7, NULL),
(888, 41, 17, '2020-03-15', '2020-03-21', 5785, 3, 10, NULL),
(889, 4, 30, '2022-05-03', '2022-05-12', 5632, 1, 9, NULL),
(890, 45, 5, '2022-05-27', '2022-06-04', 5809, 4, 5, NULL),
(891, 62, 12, '2020-11-24', '2020-11-25', 5146, 2, 8, NULL),
(892, 16, 16, '2022-06-10', '2022-06-13', 5306, 4, 2, NULL),
(893, 56, 30, '2021-08-24', '2021-08-27', 5091, 5, 5, NULL),
(894, 13, 19, '2021-07-01', '2021-07-05', 5540, 4, 9, NULL),
(895, 47, 14, '2020-09-07', '2020-09-10', 5425, 4, 10, NULL),
(896, 47, 12, '2022-10-30', '2022-11-04', 5506, 5, 4, NULL),
(897, 34, 11, '2021-02-25', '2021-02-28', 5254, 5, 10, NULL),
(898, 39, 17, '2020-07-02', '2020-07-06', 5752, 6, 5, NULL),
(899, 30, 8, '2020-03-03', '2020-03-04', 5001, 2, 7, NULL),
(900, 15, 10, '2022-10-12', '2022-10-15', 5750, 5, 8, NULL),
(901, 20, 27, '2021-11-17', '2021-11-21', 5745, 3, 8, NULL),
(902, 31, 23, '2021-07-24', '2021-07-25', 5477, 2, 7, NULL),
(903, 59, 11, '2020-11-23', '2020-11-27', 5148, 2, 1, NULL),
(904, 41, 2, '2021-08-08', '2021-08-14', 5312, 3, 4, NULL),
(905, 57, 18, '2021-07-25', '2021-08-03', 5116, 5, 4, NULL),
(906, 35, 2, '2022-03-04', '2022-03-10', 5644, 4, 7, NULL),
(907, 37, 29, '2020-10-18', '2020-10-23', 5872, 2, 6, NULL),
(908, 53, 27, '2020-08-01', '2020-08-07', 5429, 1, 5, NULL),
(909, 12, 14, '2022-03-21', '2022-03-28', 5528, 3, 8, NULL),
(910, 55, 20, '2022-11-10', '2022-11-15', 5356, 6, 4, NULL),
(911, 52, 26, '2020-04-23', '2020-04-30', 5195, 5, 7, NULL),
(912, 30, 29, '2021-05-09', '2021-05-18', 5906, 3, 1, NULL),
(913, 36, 14, '2022-01-16', '2022-01-19', 5947, 1, 2, NULL),
(914, 35, 5, '2020-12-29', '2020-12-29', 5019, 1, 9, NULL),
(915, 20, 8, '2021-06-21', '2021-06-24', 5255, 4, 6, NULL),
(916, 43, 6, '2020-07-12', '2020-07-17', 5217, 1, 3, NULL),
(917, 8, 8, '2022-10-18', '2022-10-26', 5323, 1, 8, NULL),
(918, 17, 5, '2022-09-29', '2022-10-03', 5962, 2, 10, NULL),
(919, 52, 22, '2021-03-19', '2021-03-24', 5841, 5, 3, NULL),
(920, 51, 9, '2020-10-14', '2020-10-19', 5321, 2, 8, NULL),
(921, 60, 10, '2020-06-04', '2020-06-05', 5082, 3, 9, NULL),
(922, 12, 11, '2020-11-21', '2020-11-22', 5446, 2, 10, NULL),
(923, 40, 30, '2020-10-19', '2020-10-22', 5985, 2, 2, NULL),
(924, 28, 9, '2021-01-06', '2021-01-06', 5586, 5, 10, NULL),
(925, 29, 2, '2020-04-14', '2020-04-15', 5976, 1, 4, NULL),
(926, 10, 16, '2020-08-27', '2020-09-01', 5125, 3, 7, NULL),
(927, 14, 27, '2022-09-08', '2022-09-12', 5697, 6, 5, NULL),
(928, 59, 13, '2021-11-06', '2021-11-11', 5108, 5, 2, NULL),
(929, 12, 13, '2021-08-19', '2021-08-25', 5453, 3, 5, NULL),
(930, 52, 9, '2020-10-22', '2020-10-25', 5940, 2, 6, NULL),
(931, 58, 6, '2021-05-21', '2021-05-29', 5340, 5, 8, NULL),
(932, 8, 14, '2022-11-10', '2022-11-10', 5882, 4, 1, NULL),
(933, 54, 6, '2021-09-16', '2021-09-25', 5389, 2, 9, NULL),
(934, 63, 15, '2022-04-12', '2022-04-17', 5300, 3, 3, NULL),
(935, 49, 9, '2020-12-25', '2020-12-31', 5333, 4, 8, NULL),
(936, 29, 2, '2020-03-12', '2020-03-21', 5768, 6, 8, NULL),
(937, 40, 2, '2021-09-18', '2021-09-23', 5839, 5, 7, NULL),
(938, 50, 16, '2021-03-28', '2021-04-06', 5893, 3, 9, NULL),
(939, 5, 30, '2022-03-28', '2022-03-30', 5949, 5, 5, NULL),
(940, 55, 14, '2022-11-10', '2022-11-13', 5064, 4, 8, NULL),
(941, 49, 27, '2020-12-03', '2020-12-10', 5474, 5, 3, NULL),
(942, 4, 29, '2021-07-25', '2021-07-25', 5180, 5, 10, NULL),
(943, 17, 28, '2022-06-24', '2022-07-01', 5478, 3, 3, NULL),
(944, 67, 8, '2021-05-29', '2021-06-06', 5850, 3, 2, NULL),
(945, 6, 29, '2021-06-01', '2021-06-09', 5816, 3, 10, NULL),
(946, 68, 13, '2020-08-11', '2020-08-17', 5530, 4, 5, NULL),
(947, 32, 15, '2022-11-23', '2022-11-29', 5205, 4, 3, NULL),
(948, 67, 29, '2022-10-17', '2022-10-21', 5435, 6, 9, NULL),
(949, 53, 30, '2022-02-14', '2022-02-18', 5561, 4, 8, NULL),
(950, 56, 6, '2021-07-16', '2021-07-21', 5499, 6, 1, NULL),
(951, 33, 11, '2020-12-05', '2020-12-12', 5813, 3, 1, NULL),
(952, 11, 17, '2020-11-11', '2020-11-20', 5568, 4, 1, NULL),
(953, 39, 23, '2020-07-22', '2020-07-26', 5402, 3, 10, NULL),
(954, 55, 18, '2021-08-31', '2021-09-02', 5307, 1, 10, NULL),
(955, 28, 28, '2021-05-16', '2021-05-25', 5327, 3, 7, NULL),
(956, 64, 6, '2020-07-31', '2020-08-09', 5717, 2, 4, NULL),
(957, 56, 7, '2022-01-01', '2022-01-10', 5602, 5, 9, NULL),
(958, 45, 1, '2020-06-01', '2020-06-09', 5862, 3, 2, NULL),
(959, 1, 21, '2021-02-15', '2021-02-21', 5502, 5, 3, NULL),
(960, 42, 24, '2020-05-19', '2020-05-23', 5926, 1, 1, NULL),
(961, 13, 20, '2022-04-05', '2022-04-10', 5125, 6, 2, NULL),
(962, 63, 30, '2020-08-18', '2020-08-22', 5848, 6, 9, NULL),
(963, 11, 30, '2021-05-20', '2021-05-24', 5863, 2, 6, NULL),
(964, 4, 13, '2022-10-26', '2022-11-03', 5772, 4, 3, NULL),
(965, 67, 1, '2020-12-25', '2021-01-03', 5271, 3, 7, NULL),
(966, 12, 17, '2021-02-07', '2021-02-10', 5038, 1, 6, NULL),
(967, 6, 11, '2021-06-13', '2021-06-19', 5381, 2, 8, NULL),
(968, 13, 29, '2020-07-31', '2020-08-04', 5791, 6, 3, NULL),
(969, 21, 19, '2020-09-28', '2020-09-28', 5810, 2, 1, NULL),
(970, 26, 8, '2020-06-06', '2020-06-08', 5678, 5, 5, NULL),
(971, 38, 11, '2020-09-18', '2020-09-25', 5963, 6, 1, NULL),
(972, 4, 14, '2020-07-24', '2020-07-26', 5778, 3, 10, NULL),
(973, 23, 17, '2022-02-26', '2022-03-05', 5005, 1, 7, NULL),
(974, 67, 21, '2021-10-10', '2021-10-19', 5689, 6, 5, NULL),
(975, 42, 11, '2022-09-24', '2022-09-30', 5432, 4, 4, NULL),
(976, 35, 14, '2022-05-27', '2022-06-01', 5092, 5, 2, NULL),
(977, 12, 19, '2021-12-06', '2021-12-12', 5164, 3, 10, NULL),
(978, 60, 6, '2021-01-07', '2021-01-13', 5545, 1, 3, NULL),
(979, 21, 10, '2022-04-15', '2022-04-19', 5234, 6, 4, NULL),
(980, 7, 25, '2022-05-26', '2022-05-28', 5536, 4, 10, NULL),
(981, 47, 13, '2020-08-11', '2020-08-20', 5980, 4, 9, NULL),
(982, 14, 10, '2020-05-22', '2020-05-30', 5291, 3, 4, NULL),
(983, 62, 4, '2022-07-28', '2022-07-31', 5517, 1, 3, NULL),
(984, 59, 27, '2022-08-23', '2022-08-25', 5711, 6, 2, NULL),
(985, 50, 27, '2020-12-23', '2020-12-24', 5004, 6, 1, NULL),
(986, 20, 28, '2022-01-14', '2022-01-14', 5887, 5, 10, NULL),
(987, 34, 8, '2022-06-21', '2022-06-30', 5425, 3, 5, NULL),
(988, 53, 11, '2021-09-29', '2021-10-02', 5465, 5, 5, NULL),
(989, 19, 28, '2022-06-16', '2022-06-24', 5048, 3, 1, NULL),
(990, 37, 12, '2021-03-08', '2021-03-11', 5849, 5, 10, NULL),
(991, 28, 26, '2020-04-18', '2020-04-21', 5099, 5, 4, NULL),
(992, 29, 27, '2020-12-01', '2020-12-06', 5949, 5, 9, NULL),
(993, 41, 27, '2021-10-16', '2021-10-21', 5451, 3, 3, NULL),
(994, 4, 4, '2021-07-09', '2021-07-13', 5405, 1, 7, NULL),
(995, 2, 25, '2022-09-25', '2022-09-27', 5675, 2, 6, NULL),
(996, 46, 12, '2022-08-17', '2022-08-26', 5161, 3, 9, NULL),
(997, 18, 3, '2021-11-27', '2021-12-06', 5780, 6, 7, NULL),
(998, 60, 13, '2021-06-26', '2021-06-26', 5416, 2, 7, NULL),
(999, 35, 27, '2022-11-02', '2022-11-04', 5740, 2, 5, NULL),
(1000, 11, 3, '2022-11-01', '2022-11-02', 5455, 4, 2, NULL),
(1001, 16, 7, '2021-03-16', '2021-03-18', 5053, 2, 6, NULL),
(1002, 19, 14, '2021-06-25', '2021-06-29', 5902, 1, 2, NULL),
(1003, 59, 30, '2021-05-07', '2021-05-13', 5351, 2, 2, NULL),
(1004, 53, 4, '2020-12-15', '2020-12-23', 5051, 1, 4, NULL),
(1005, 55, 16, '2020-08-19', '2020-08-20', 5203, 3, 5, NULL),
(1006, 19, 7, '2021-02-09', '2021-02-13', 5861, 1, 1, NULL),
(1007, 18, 4, '2022-03-13', '2022-03-20', 5698, 3, 2, NULL),
(1008, 57, 24, '2021-10-04', '2021-10-06', 5908, 4, 3, NULL),
(1009, 59, 19, '2021-10-07', '2021-10-09', 5444, 1, 10, NULL),
(1010, 44, 27, '2021-10-13', '2021-10-16', 5498, 2, 9, NULL),
(1011, 44, 9, '2021-07-16', '2021-07-24', 5156, 5, 7, NULL),
(1012, 67, 20, '2021-05-22', '2021-05-26', 5290, 2, 8, NULL),
(1013, 70, 6, '2022-08-06', '2022-08-12', 5980, 6, 8, NULL),
(1014, 65, 26, '2021-08-16', '2021-08-16', 5029, 1, 4, NULL),
(1015, 59, 27, '2022-10-14', '2022-10-23', 5209, 1, 4, NULL),
(1016, 52, 9, '2020-11-24', '2020-12-03', 5958, 3, 10, NULL),
(1017, 37, 8, '2021-10-16', '2021-10-22', 5163, 2, 6, NULL),
(1018, 39, 29, '2020-06-15', '2020-06-21', 5941, 5, 10, NULL),
(1019, 6, 11, '2021-08-17', '2021-08-26', 5217, 4, 1, NULL),
(1020, 31, 12, '2021-08-29', '2021-08-30', 5263, 4, 5, NULL),
(1021, 31, 10, '2020-12-27', '2021-01-04', 5664, 4, 3, NULL),
(1022, 59, 17, '2020-11-26', '2020-12-02', 5531, 5, 9, NULL),
(1023, 40, 25, '2021-01-04', '2021-01-11', 5662, 1, 5, NULL),
(1024, 56, 17, '2021-02-07', '2021-02-15', 5719, 1, 8, NULL),
(1025, 26, 18, '2022-08-09', '2022-08-18', 5608, 4, 5, NULL),
(1026, 45, 6, '2020-04-20', '2020-04-23', 5885, 5, 9, NULL),
(1027, 18, 6, '2020-10-31', '2020-11-09', 5602, 4, 10, NULL),
(1028, 30, 7, '2022-05-16', '2022-05-23', 5355, 3, 4, NULL),
(1029, 37, 15, '2022-04-16', '2022-04-23', 5967, 3, 10, NULL),
(1030, 70, 18, '2022-08-20', '2022-08-24', 5774, 5, 7, NULL),
(1031, 15, 21, '2022-04-09', '2022-04-09', 5969, 5, 4, NULL),
(1032, 55, 13, '2022-03-05', '2022-03-14', 5521, 3, 8, NULL),
(1033, 1, 22, '2021-08-06', '2021-08-10', 5702, 3, 6, NULL),
(1034, 63, 29, '2020-07-02', '2020-07-06', 5946, 5, 6, NULL),
(1035, 27, 19, '2020-03-25', '2020-04-02', 5624, 2, 2, NULL),
(1036, 6, 22, '2021-01-12', '2021-01-12', 5281, 3, 10, NULL),
(1037, 22, 6, '2020-03-11', '2020-03-15', 5536, 3, 7, NULL),
(1038, 30, 19, '2022-05-28', '2022-05-31', 5836, 2, 1, NULL),
(1039, 56, 8, '2022-06-02', '2022-06-04', 5572, 3, 6, NULL),
(1040, 32, 4, '2020-08-28', '2020-08-30', 5352, 4, 5, NULL),
(1041, 26, 2, '2020-09-14', '2020-09-20', 5047, 5, 5, NULL),
(1042, 36, 4, '2022-10-28', '2022-11-02', 5180, 4, 2, NULL),
(1043, 59, 16, '2020-07-02', '2020-07-08', 5758, 1, 5, NULL),
(1044, 59, 2, '2022-01-26', '2022-02-02', 5252, 3, 9, NULL),
(1045, 53, 19, '2022-08-17', '2022-08-22', 5985, 4, 8, NULL),
(1046, 27, 2, '2020-07-10', '2020-07-18', 5169, 3, 1, NULL),
(1047, 5, 27, '2020-07-21', '2020-07-24', 5890, 1, 3, NULL),
(1048, 6, 4, '2021-01-22', '2021-01-24', 5945, 2, 2, NULL),
(1049, 32, 12, '2021-11-21', '2021-11-21', 5055, 6, 8, NULL),
(1050, 65, 22, '2022-05-14', '2022-05-18', 5438, 6, 4, NULL),
(1051, 1, 11, '2022-05-08', '2022-05-09', 5029, 6, 5, NULL),
(1052, 11, 1, '2021-12-15', '2021-12-20', 5832, 2, 3, NULL),
(1053, 7, 26, '2022-08-26', '2022-08-26', 5072, 1, 9, NULL),
(1054, 29, 29, '2021-07-02', '2021-07-08', 5865, 4, 7, NULL),
(1055, 46, 12, '2022-11-13', '2022-11-14', 5110, 5, 8, NULL),
(1056, 63, 4, '2022-11-25', '2022-12-01', 5957, 4, 8, NULL),
(1057, 70, 5, '2022-04-28', '2022-04-28', 5453, 3, 4, NULL),
(1058, 6, 29, '2021-08-14', '2021-08-16', 5394, 5, 7, NULL),
(1059, 24, 9, '2021-06-20', '2021-06-21', 5614, 4, 1, NULL),
(1060, 6, 28, '2021-01-13', '2021-01-22', 5887, 6, 3, NULL),
(1061, 21, 27, '2021-11-12', '2021-11-14', 5592, 3, 1, NULL),
(1062, 15, 24, '2021-01-05', '2021-01-09', 5301, 2, 7, NULL),
(1063, 4, 20, '2020-06-26', '2020-07-01', 5727, 4, 10, NULL),
(1064, 57, 4, '2020-10-08', '2020-10-11', 5736, 5, 1, NULL),
(1065, 69, 22, '2021-11-03', '2021-11-12', 5497, 6, 3, NULL),
(1066, 58, 9, '2022-11-20', '2022-11-29', 5279, 1, 3, NULL),
(1067, 39, 14, '2021-10-13', '2021-10-22', 5906, 4, 4, NULL),
(1068, 18, 14, '2021-06-28', '2021-07-06', 5692, 1, 1, NULL),
(1069, 66, 13, '2021-02-20', '2021-02-25', 5742, 3, 1, NULL),
(1070, 27, 14, '2020-05-18', '2020-05-18', 5634, 1, 2, NULL),
(1071, 3, 1, '2022-08-27', '2022-09-02', 5947, 4, 7, NULL),
(1072, 69, 9, '2021-08-14', '2021-08-16', 5830, 5, 7, NULL),
(1073, 17, 26, '2021-10-02', '2021-10-03', 5312, 3, 4, NULL),
(1074, 68, 25, '2020-10-14', '2020-10-14', 5069, 4, 8, NULL),
(1075, 41, 29, '2020-04-19', '2020-04-27', 5412, 3, 7, NULL),
(1076, 49, 11, '2021-12-09', '2021-12-10', 5851, 2, 10, NULL),
(1077, 9, 30, '2021-06-26', '2021-06-28', 5018, 4, 1, NULL),
(1078, 6, 26, '2020-06-06', '2020-06-12', 5540, 6, 3, NULL),
(1079, 13, 6, '2021-05-21', '2021-05-26', 5646, 4, 1, NULL),
(1080, 64, 19, '2021-01-12', '2021-01-18', 5610, 5, 8, NULL),
(1081, 58, 26, '2022-02-08', '2022-02-13', 5113, 1, 3, NULL),
(1082, 7, 11, '2021-06-15', '2021-06-24', 5734, 2, 4, NULL),
(1083, 6, 15, '2020-08-27', '2020-09-04', 5331, 3, 8, NULL),
(1084, 52, 11, '2021-07-03', '2021-07-09', 5454, 3, 10, NULL),
(1085, 44, 25, '2020-12-17', '2020-12-21', 5278, 6, 5, NULL),
(1086, 70, 2, '2020-12-11', '2020-12-16', 5028, 2, 3, NULL),
(1087, 33, 16, '2020-11-10', '2020-11-14', 5305, 5, 10, NULL),
(1088, 47, 8, '2020-09-20', '2020-09-25', 5442, 2, 2, NULL),
(1089, 67, 24, '2020-07-09', '2020-07-12', 5296, 2, 7, NULL),
(1090, 69, 2, '2021-03-21', '2021-03-30', 5154, 5, 10, NULL),
(1091, 38, 14, '2021-12-24', '2022-01-01', 5881, 6, 10, NULL),
(1092, 57, 5, '2020-12-05', '2020-12-08', 5944, 6, 6, NULL),
(1093, 7, 16, '2020-12-01', '2020-12-01', 5078, 6, 2, NULL),
(1094, 27, 11, '2022-01-22', '2022-01-27', 5560, 3, 9, NULL),
(1095, 54, 22, '2021-01-24', '2021-01-26', 5565, 3, 9, NULL),
(1096, 26, 12, '2022-06-29', '2022-07-05', 5144, 1, 9, NULL),
(1097, 65, 11, '2022-10-01', '2022-10-08', 5026, 5, 6, NULL),
(1098, 43, 29, '2020-03-07', '2020-03-14', 5697, 1, 3, NULL),
(1099, 48, 30, '2022-07-04', '2022-07-07', 5409, 3, 5, NULL),
(1100, 10, 19, '2022-04-14', '2022-04-19', 5956, 6, 9, NULL),
(1101, 38, 24, '2020-10-12', '2020-10-20', 5553, 5, 7, NULL),
(1102, 32, 24, '2021-10-26', '2021-10-30', 5898, 4, 7, NULL),
(1103, 28, 2, '2020-03-13', '2020-03-21', 5830, 6, 2, NULL),
(1104, 50, 21, '2020-12-30', '2021-01-07', 5456, 3, 2, NULL),
(1105, 30, 22, '2021-02-05', '2021-02-12', 5792, 4, 1, NULL),
(1106, 47, 21, '2021-06-26', '2021-06-27', 5593, 3, 10, NULL),
(1107, 16, 4, '2022-08-21', '2022-08-26', 5591, 2, 5, NULL),
(1108, 12, 9, '2022-08-04', '2022-08-07', 5174, 4, 7, NULL),
(1109, 30, 8, '2022-11-20', '2022-11-20', 5096, 2, 8, NULL),
(1110, 9, 29, '2021-03-22', '2021-03-22', 5961, 1, 9, NULL),
(1111, 18, 30, '2020-08-02', '2020-08-06', 5516, 6, 1, NULL),
(1112, 52, 6, '2021-11-21', '2021-11-28', 5697, 4, 9, NULL),
(1113, 24, 23, '2022-04-30', '2022-05-05', 5940, 4, 9, NULL),
(1114, 67, 24, '2020-03-31', '2020-04-02', 5609, 5, 9, NULL),
(1115, 70, 15, '2021-08-04', '2021-08-12', 5226, 1, 8, NULL),
(1116, 1, 21, '2021-05-16', '2021-05-20', 5303, 1, 3, NULL),
(1117, 23, 7, '2020-08-12', '2020-08-17', 5836, 1, 9, NULL),
(1118, 16, 20, '2021-10-23', '2021-10-29', 5273, 1, 7, NULL),
(1119, 35, 10, '2020-03-31', '2020-04-03', 5858, 2, 9, NULL),
(1120, 8, 26, '2022-07-25', '2022-08-01', 5471, 6, 2, NULL),
(1121, 45, 20, '2020-11-06', '2020-11-15', 5781, 3, 1, NULL),
(1122, 1, 30, '2022-07-17', '2022-07-19', 5493, 3, 7, NULL),
(1123, 31, 29, '2021-07-25', '2021-07-31', 5123, 4, 5, NULL),
(1124, 55, 28, '2020-11-10', '2020-11-13', 5136, 4, 3, NULL),
(1125, 56, 14, '2022-08-11', '2022-08-20', 5313, 1, 8, NULL),
(1126, 55, 20, '2022-07-31', '2022-08-06', 5155, 3, 1, NULL),
(1127, 49, 3, '2021-01-18', '2021-01-20', 5839, 3, 1, NULL),
(1128, 61, 7, '2021-09-06', '2021-09-09', 5730, 1, 1, NULL),
(1129, 52, 14, '2020-04-12', '2020-04-12', 5132, 6, 1, NULL),
(1130, 11, 6, '2021-07-08', '2021-07-08', 5470, 6, 2, NULL),
(1131, 3, 14, '2020-07-02', '2020-07-05', 5954, 2, 6, NULL),
(1132, 5, 15, '2020-08-09', '2020-08-14', 5362, 3, 6, NULL),
(1133, 33, 5, '2021-02-18', '2021-02-22', 5946, 2, 10, NULL),
(1134, 40, 26, '2021-08-15', '2021-08-23', 5646, 1, 10, NULL),
(1135, 3, 25, '2022-09-17', '2022-09-24', 5393, 2, 10, NULL),
(1136, 24, 1, '2020-05-03', '2020-05-07', 5026, 2, 9, NULL),
(1137, 11, 29, '2020-12-14', '2020-12-22', 5954, 4, 6, NULL),
(1138, 10, 26, '2022-06-29', '2022-07-08', 5691, 5, 10, NULL),
(1139, 70, 26, '2020-11-05', '2020-11-07', 5595, 5, 4, NULL),
(1140, 55, 25, '2022-01-04', '2022-01-08', 5900, 6, 9, NULL),
(1141, 53, 27, '2020-09-03', '2020-09-06', 5715, 2, 2, NULL),
(1142, 56, 6, '2021-05-24', '2021-05-29', 5878, 5, 3, NULL),
(1143, 27, 20, '2020-04-24', '2020-04-30', 5245, 3, 8, NULL),
(1144, 47, 7, '2020-07-11', '2020-07-17', 5592, 6, 2, NULL),
(1145, 38, 22, '2020-03-09', '2020-03-10', 5226, 6, 7, NULL),
(1146, 23, 1, '2020-05-18', '2020-05-27', 5355, 3, 5, NULL),
(1147, 42, 26, '2021-04-26', '2021-04-26', 5096, 4, 6, NULL),
(1148, 52, 27, '2020-10-17', '2020-10-23', 5414, 3, 3, NULL),
(1149, 52, 7, '2022-07-20', '2022-07-20', 5784, 5, 5, NULL),
(1150, 67, 19, '2020-10-16', '2020-10-19', 5679, 2, 8, NULL),
(1151, 56, 3, '2020-03-26', '2020-03-29', 5044, 6, 5, NULL),
(1152, 24, 1, '2020-04-13', '2020-04-21', 5181, 2, 10, NULL),
(1153, 61, 22, '2020-03-12', '2020-03-12', 5775, 6, 5, NULL),
(1154, 31, 16, '2020-10-19', '2020-10-25', 5334, 4, 5, NULL),
(1155, 33, 14, '2022-06-04', '2022-06-04', 5345, 5, 8, NULL),
(1156, 32, 28, '2020-08-07', '2020-08-12', 5725, 1, 4, NULL),
(1157, 69, 18, '2020-04-02', '2020-04-08', 5589, 3, 8, NULL),
(1158, 61, 4, '2020-04-04', '2020-04-09', 5770, 5, 5, NULL),
(1159, 65, 6, '2020-06-11', '2020-06-17', 5086, 1, 3, NULL),
(1160, 50, 16, '2021-07-04', '2021-07-11', 5117, 6, 9, NULL),
(1161, 68, 6, '2020-03-07', '2020-03-14', 5330, 3, 5, NULL),
(1162, 29, 18, '2021-11-16', '2021-11-21', 5297, 3, 8, NULL),
(1163, 17, 29, '2022-10-30', '2022-11-04', 5499, 1, 6, NULL),
(1164, 23, 15, '2021-04-14', '2021-04-15', 5601, 4, 4, NULL),
(1165, 60, 13, '2021-08-16', '2021-08-25', 5511, 3, 2, NULL),
(1166, 33, 2, '2022-10-04', '2022-10-07', 5750, 4, 9, NULL),
(1167, 60, 20, '2022-02-01', '2022-02-10', 5218, 4, 6, NULL),
(1168, 46, 19, '2020-04-22', '2020-04-27', 5840, 3, 4, NULL),
(1169, 11, 11, '2020-12-28', '2021-01-05', 5545, 3, 3, NULL),
(1170, 31, 24, '2021-11-08', '2021-11-15', 5208, 5, 9, NULL),
(1171, 55, 22, '2020-09-18', '2020-09-21', 5404, 6, 8, NULL),
(1172, 59, 16, '2020-06-23', '2020-06-27', 5395, 6, 4, NULL),
(1173, 45, 6, '2020-03-17', '2020-03-18', 5766, 4, 4, NULL),
(1174, 43, 13, '2021-01-18', '2021-01-20', 5644, 3, 6, NULL),
(1175, 50, 17, '2021-10-31', '2021-11-09', 5922, 3, 8, NULL),
(1176, 13, 20, '2022-04-18', '2022-04-18', 5680, 6, 3, NULL),
(1177, 17, 14, '2021-07-28', '2021-07-31', 5634, 2, 1, NULL),
(1178, 45, 16, '2021-09-28', '2021-10-03', 5130, 3, 4, NULL),
(1179, 12, 21, '2022-07-28', '2022-08-03', 5749, 3, 8, NULL),
(1180, 18, 4, '2022-08-10', '2022-08-18', 5356, 1, 6, NULL),
(1181, 49, 7, '2022-11-21', '2022-11-22', 5533, 3, 5, NULL),
(1182, 53, 22, '2020-12-30', '2021-01-02', 5596, 3, 5, NULL),
(1183, 3, 30, '2022-08-07', '2022-08-10', 5383, 3, 3, NULL),
(1184, 42, 19, '2021-01-22', '2021-01-28', 5127, 5, 7, NULL),
(1185, 60, 30, '2020-12-12', '2020-12-14', 5488, 4, 7, NULL),
(1186, 53, 6, '2022-02-26', '2022-02-28', 5059, 1, 2, NULL),
(1187, 4, 3, '2020-12-29', '2021-01-04', 5829, 2, 7, NULL),
(1188, 26, 1, '2020-05-26', '2020-05-30', 5971, 3, 1, NULL),
(1189, 29, 2, '2022-11-19', '2022-11-20', 5369, 6, 2, NULL),
(1190, 15, 15, '2022-07-17', '2022-07-22', 5931, 6, 7, NULL),
(1191, 49, 27, '2021-02-04', '2021-02-07', 5549, 1, 1, NULL),
(1192, 17, 2, '2021-08-18', '2021-08-18', 5953, 4, 10, NULL),
(1193, 70, 12, '2022-11-25', '2022-11-25', 5118, 5, 7, NULL),
(1194, 6, 29, '2021-07-07', '2021-07-10', 5732, 4, 7, NULL),
(1195, 47, 14, '2020-09-11', '2020-09-17', 5307, 4, 1, NULL),
(1196, 51, 19, '2022-09-16', '2022-09-16', 5339, 5, 5, NULL),
(1197, 13, 16, '2020-04-14', '2020-04-15', 5775, 5, 3, NULL),
(1198, 16, 4, '2022-06-11', '2022-06-19', 5858, 6, 8, NULL),
(1199, 58, 16, '2020-07-10', '2020-07-17', 5965, 1, 9, NULL),
(1200, 7, 6, '2021-11-10', '2021-11-12', 5254, 4, 3, NULL),
(1201, 65, 28, '2022-06-08', '2022-06-15', 5373, 3, 5, NULL),
(1202, 37, 12, '2021-02-09', '2021-02-10', 5102, 4, 8, NULL),
(1203, 65, 26, '2021-06-11', '2021-06-16', 5394, 5, 4, NULL),
(1204, 40, 14, '2021-07-01', '2021-07-03', 5665, 1, 5, NULL),
(1205, 14, 17, '2020-09-04', '2020-09-10', 5142, 2, 4, NULL),
(1206, 61, 15, '2022-06-21', '2022-06-25', 5718, 5, 2, NULL),
(1207, 13, 20, '2022-02-21', '2022-02-24', 5163, 4, 9, NULL),
(1208, 12, 25, '2021-10-02', '2021-10-05', 5663, 3, 7, NULL),
(1209, 40, 14, '2021-09-07', '2021-09-15', 5826, 3, 10, NULL),
(1210, 32, 29, '2021-05-01', '2021-05-02', 5142, 2, 6, NULL),
(1211, 9, 24, '2021-06-14', '2021-06-16', 5232, 1, 9, NULL),
(1212, 59, 1, '2021-12-02', '2021-12-07', 5735, 1, 8, NULL),
(1213, 47, 30, '2022-07-18', '2022-07-19', 5981, 3, 3, NULL),
(1214, 37, 11, '2020-07-31', '2020-08-02', 5699, 5, 10, NULL),
(1215, 12, 20, '2022-05-16', '2022-05-20', 5552, 1, 1, NULL),
(1216, 58, 30, '2021-03-04', '2021-03-12', 5665, 6, 4, NULL),
(1217, 42, 6, '2020-04-23', '2020-04-28', 5669, 5, 7, NULL),
(1218, 45, 27, '2021-08-28', '2021-09-02', 5349, 1, 2, NULL),
(1219, 47, 4, '2021-10-17', '2021-10-26', 5738, 4, 7, NULL),
(1220, 28, 2, '2020-05-01', '2020-05-10', 5643, 2, 10, NULL),
(1221, 46, 23, '2022-06-07', '2022-06-07', 5002, 6, 10, NULL),
(1222, 61, 23, '2020-06-02', '2020-06-06', 5083, 2, 7, NULL),
(1223, 66, 29, '2020-03-09', '2020-03-18', 5411, 1, 4, NULL),
(1224, 51, 4, '2021-07-20', '2021-07-25', 5804, 1, 10, NULL),
(1225, 14, 16, '2020-03-03', '2020-03-11', 5789, 3, 8, NULL),
(1226, 26, 12, '2022-07-13', '2022-07-17', 5534, 1, 9, NULL),
(1227, 12, 12, '2021-05-26', '2021-06-04', 5304, 1, 2, NULL),
(1228, 4, 1, '2022-07-12', '2022-07-13', 5918, 2, 2, NULL),
(1229, 68, 28, '2021-11-12', '2021-11-12', 5679, 3, 5, NULL),
(1230, 7, 10, '2020-11-08', '2020-11-14', 5641, 3, 7, NULL),
(1231, 66, 20, '2021-04-30', '2021-04-30', 5171, 2, 9, NULL),
(1232, 49, 27, '2021-04-05', '2021-04-09', 5929, 2, 2, NULL),
(1233, 24, 23, '2022-03-21', '2022-03-21', 5132, 4, 4, NULL),
(1234, 18, 24, '2020-06-09', '2020-06-17', 5875, 2, 3, NULL),
(1235, 43, 16, '2022-01-04', '2022-01-07', 5979, 6, 4, NULL),
(1236, 24, 2, '2020-12-10', '2020-12-18', 5270, 2, 10, NULL),
(1237, 27, 6, '2022-04-07', '2022-04-10', 5415, 2, 6, NULL),
(1238, 9, 23, '2021-03-22', '2021-03-22', 5263, 5, 1, NULL),
(1239, 19, 8, '2021-06-05', '2021-06-10', 5073, 4, 8, NULL),
(1240, 31, 14, '2020-03-16', '2020-03-18', 5576, 5, 3, NULL),
(1241, 30, 1, '2022-07-23', '2022-07-30', 5661, 2, 3, NULL),
(1242, 57, 6, '2021-08-29', '2021-08-30', 5579, 1, 4, NULL),
(1243, 7, 30, '2022-02-16', '2022-02-19', 5911, 4, 9, NULL),
(1244, 61, 15, '2022-08-15', '2022-08-18', 5821, 1, 5, NULL),
(1245, 22, 17, '2022-07-10', '2022-07-18', 5369, 4, 6, NULL),
(1246, 39, 27, '2022-03-13', '2022-03-13', 5384, 1, 4, NULL),
(1247, 9, 13, '2022-03-15', '2022-03-23', 5813, 3, 1, NULL),
(1248, 70, 19, '2020-08-02', '2020-08-11', 5914, 6, 5, NULL),
(1249, 1, 12, '2022-06-14', '2022-06-14', 5129, 1, 9, NULL),
(1250, 55, 21, '2020-08-25', '2020-08-30', 5907, 5, 10, NULL),
(1251, 29, 21, '2020-07-30', '2020-08-06', 5146, 5, 1, NULL),
(1252, 16, 27, '2022-03-17', '2022-03-18', 5009, 1, 7, NULL),
(1253, 17, 27, '2022-01-05', '2022-01-08', 5607, 5, 3, NULL),
(1254, 53, 15, '2020-07-15', '2020-07-20', 5010, 2, 10, NULL),
(1255, 61, 17, '2020-08-10', '2020-08-14', 5229, 1, 3, NULL),
(1256, 23, 4, '2021-12-25', '2021-12-31', 5114, 6, 2, NULL),
(1257, 52, 25, '2022-08-13', '2022-08-22', 5883, 1, 3, NULL),
(1258, 32, 5, '2021-05-03', '2021-05-09', 5075, 5, 9, NULL),
(1259, 8, 16, '2020-12-11', '2020-12-13', 5728, 6, 2, NULL),
(1260, 29, 15, '2020-09-23', '2020-09-28', 5415, 4, 6, NULL),
(1261, 18, 16, '2022-04-12', '2022-04-13', 5891, 3, 2, NULL),
(1262, 35, 12, '2021-04-02', '2021-04-11', 5208, 6, 10, NULL),
(1263, 9, 1, '2022-01-27', '2022-01-29', 5371, 3, 4, NULL),
(1264, 12, 15, '2022-10-19', '2022-10-23', 5231, 2, 1, NULL),
(1265, 53, 24, '2021-11-28', '2021-12-03', 5042, 6, 2, NULL),
(1266, 24, 4, '2021-09-19', '2021-09-20', 5517, 4, 8, NULL),
(1267, 57, 16, '2020-06-17', '2020-06-20', 5458, 1, 3, NULL),
(1268, 60, 5, '2020-10-13', '2020-10-14', 5740, 4, 10, NULL),
(1269, 45, 5, '2022-08-23', '2022-08-29', 5325, 1, 9, NULL),
(1270, 38, 17, '2020-06-13', '2020-06-22', 5408, 6, 6, NULL),
(1271, 9, 29, '2021-04-22', '2021-04-29', 5064, 2, 1, NULL),
(1272, 57, 13, '2021-11-26', '2021-12-03', 5096, 6, 9, NULL),
(1273, 56, 5, '2021-02-08', '2021-02-15', 5290, 2, 9, NULL),
(1274, 29, 5, '2021-08-21', '2021-08-23', 5164, 2, 9, NULL),
(1275, 44, 11, '2022-08-13', '2022-08-13', 5949, 3, 9, NULL),
(1276, 32, 29, '2021-06-12', '2021-06-18', 5252, 3, 4, NULL),
(1277, 60, 28, '2020-04-26', '2020-04-27', 5413, 4, 4, NULL),
(1278, 27, 11, '2021-09-12', '2021-09-17', 5312, 5, 8, NULL),
(1279, 22, 5, '2022-05-18', '2022-05-20', 5319, 4, 8, NULL),
(1280, 42, 5, '2020-03-19', '2020-03-27', 5661, 4, 4, NULL),
(1281, 1, 6, '2022-08-26', '2022-08-29', 5347, 6, 7, NULL),
(1282, 16, 4, '2022-09-20', '2022-09-20', 5755, 2, 1, NULL),
(1283, 56, 30, '2021-09-23', '2021-09-25', 5733, 6, 4, NULL),
(1284, 54, 5, '2021-04-09', '2021-04-11', 5401, 4, 8, NULL),
(1285, 56, 6, '2021-09-03', '2021-09-09', 5806, 2, 5, NULL),
(1286, 21, 27, '2021-07-30', '2021-08-01', 5828, 6, 3, NULL),
(1287, 16, 8, '2021-08-21', '2021-08-26', 5722, 6, 9, NULL),
(1288, 17, 9, '2022-02-24', '2022-03-05', 5126, 5, 6, NULL),
(1289, 43, 24, '2020-07-19', '2020-07-20', 5464, 2, 3, NULL),
(1290, 11, 25, '2021-09-15', '2021-09-22', 5944, 3, 4, NULL),
(1291, 27, 19, '2020-03-10', '2020-03-15', 5326, 2, 10, NULL),
(1292, 59, 20, '2022-01-30', '2022-02-01', 5801, 4, 10, NULL),
(1293, 58, 11, '2021-02-05', '2021-02-11', 5026, 4, 9, NULL),
(1294, 6, 16, '2021-04-19', '2021-04-24', 5727, 3, 5, NULL),
(1295, 12, 12, '2021-04-25', '2021-04-30', 5558, 6, 7, NULL),
(1296, 35, 19, '2021-10-19', '2021-10-23', 5612, 1, 8, NULL),
(1297, 64, 4, '2022-06-09', '2022-06-11', 5384, 5, 10, NULL),
(1298, 45, 21, '2021-10-05', '2021-10-07', 5083, 5, 7, NULL),
(1299, 27, 13, '2022-08-07', '2022-08-09', 5267, 2, 4, NULL),
(1300, 37, 27, '2022-06-05', '2022-06-10', 5085, 4, 7, NULL),
(1301, 3, 21, '2021-01-01', '2021-01-09', 5623, 3, 1, NULL),
(1302, 33, 28, '2020-08-07', '2020-08-16', 5862, 1, 6, NULL),
(1303, 57, 27, '2022-10-02', '2022-10-10', 5440, 1, 6, NULL),
(1304, 48, 3, '2021-03-03', '2021-03-10', 5615, 4, 1, NULL),
(1305, 62, 19, '2021-03-17', '2021-03-25', 5756, 1, 7, NULL),
(1306, 25, 14, '2020-09-02', '2020-09-04', 5937, 4, 3, NULL),
(1307, 28, 6, '2022-02-05', '2022-02-10', 5415, 1, 1, NULL),
(1308, 66, 20, '2021-05-29', '2021-05-31', 5266, 2, 8, NULL),
(1309, 15, 2, '2022-02-10', '2022-02-13', 5086, 3, 4, NULL),
(1310, 50, 14, '2020-06-12', '2020-06-12', 5631, 2, 5, NULL),
(1311, 41, 10, '2022-09-19', '2022-09-19', 5898, 5, 6, NULL),
(1312, 41, 26, '2021-10-01', '2021-10-02', 5598, 2, 1, NULL),
(1313, 58, 5, '2021-01-15', '2021-01-22', 5295, 1, 9, NULL),
(1314, 52, 8, '2020-06-17', '2020-06-20', 5681, 5, 9, NULL),
(1315, 30, 26, '2020-04-29', '2020-05-02', 5521, 5, 9, NULL),
(1316, 23, 16, '2021-09-20', '2021-09-28', 5563, 2, 6, NULL),
(1317, 65, 19, '2020-11-19', '2020-11-20', 5251, 4, 2, NULL),
(1318, 55, 11, '2021-06-14', '2021-06-14', 5567, 2, 10, NULL),
(1319, 64, 23, '2020-05-09', '2020-05-17', 5083, 1, 7, NULL),
(1320, 9, 12, '2021-09-30', '2021-10-09', 5713, 5, 1, NULL),
(1321, 67, 17, '2022-08-22', '2022-08-26', 5316, 6, 7, NULL),
(1322, 43, 14, '2021-06-19', '2021-06-21', 5441, 6, 10, NULL),
(1323, 37, 20, '2022-01-07', '2022-01-08', 5256, 3, 10, NULL),
(1324, 12, 15, '2022-09-10', '2022-09-16', 5961, 2, 8, NULL),
(1325, 9, 3, '2020-03-10', '2020-03-10', 5038, 5, 9, NULL),
(1326, 6, 28, '2021-02-10', '2021-02-13', 5305, 6, 10, NULL),
(1327, 64, 18, '2020-06-29', '2020-07-03', 5412, 6, 5, NULL),
(1328, 9, 28, '2020-11-29', '2020-11-30', 5147, 4, 3, NULL),
(1329, 6, 21, '2020-06-09', '2020-06-15', 5497, 3, 1, NULL),
(1330, 13, 12, '2021-05-06', '2021-05-13', 5047, 6, 3, NULL),
(1331, 43, 4, '2022-02-11', '2022-02-16', 5743, 2, 4, NULL),
(1332, 3, 16, '2021-03-25', '2021-03-31', 5573, 3, 10, NULL),
(1333, 2, 24, '2022-07-22', '2022-07-28', 5639, 1, 6, NULL),
(1334, 30, 3, '2020-08-05', '2020-08-09', 5476, 4, 10, NULL),
(1335, 14, 12, '2020-12-03', '2020-12-03', 5463, 2, 2, NULL),
(1336, 37, 25, '2021-08-23', '2021-08-24', 5886, 2, 10, NULL),
(1337, 37, 28, '2020-04-08', '2020-04-14', 5041, 3, 5, NULL),
(1338, 4, 28, '2021-06-19', '2021-06-26', 5549, 4, 3, NULL),
(1339, 46, 12, '2020-03-05', '2020-03-14', 5624, 6, 8, NULL),
(1340, 19, 22, '2022-06-29', '2022-07-02', 5472, 1, 1, NULL),
(1341, 60, 1, '2021-06-11', '2021-06-18', 5489, 2, 3, NULL),
(1342, 17, 7, '2021-01-09', '2021-01-15', 5030, 6, 8, NULL),
(1343, 60, 11, '2020-09-14', '2020-09-16', 5684, 6, 3, NULL),
(1344, 11, 28, '2020-06-30', '2020-07-09', 5330, 6, 1, NULL),
(1345, 66, 3, '2021-12-17', '2021-12-20', 5599, 1, 5, NULL),
(1346, 5, 9, '2020-09-25', '2020-10-03', 5004, 2, 1, NULL),
(1347, 30, 15, '2020-09-19', '2020-09-20', 5223, 4, 1, NULL),
(1348, 3, 17, '2022-02-17', '2022-02-20', 5104, 6, 2, NULL),
(1349, 28, 8, '2020-04-11', '2020-04-12', 5850, 3, 7, NULL),
(1350, 17, 23, '2020-05-04', '2020-05-12', 5940, 1, 6, NULL),
(1351, 9, 13, '2022-02-11', '2022-02-18', 5152, 2, 8, NULL),
(1352, 32, 10, '2020-11-18', '2020-11-19', 5940, 2, 1, NULL),
(1353, 62, 12, '2020-12-28', '2020-12-31', 5244, 3, 2, NULL),
(1354, 60, 6, '2021-01-20', '2021-01-23', 5399, 1, 5, NULL),
(1355, 41, 18, '2020-07-06', '2020-07-15', 5264, 6, 10, NULL),
(1356, 14, 6, '2021-04-04', '2021-04-07', 5125, 3, 3, NULL),
(1357, 65, 10, '2022-05-29', '2022-05-30', 5832, 1, 4, NULL),
(1358, 23, 5, '2022-05-27', '2022-06-04', 5786, 4, 3, NULL),
(1359, 42, 5, '2022-09-19', '2022-09-24', 5437, 2, 10, NULL),
(1360, 27, 5, '2021-12-26', '2021-12-27', 5824, 6, 2, NULL),
(1361, 21, 27, '2021-11-01', '2021-11-04', 5811, 3, 9, NULL),
(1362, 67, 22, '2022-01-15', '2022-01-16', 5583, 2, 10, NULL),
(1363, 29, 5, '2021-10-18', '2021-10-23', 5481, 3, 10, NULL),
(1364, 46, 24, '2020-03-04', '2020-03-09', 5660, 4, 2, NULL),
(1365, 15, 4, '2022-08-17', '2022-08-17', 5854, 2, 8, NULL),
(1366, 16, 18, '2020-10-13', '2020-10-17', 5291, 3, 2, NULL),
(1367, 18, 4, '2022-05-02', '2022-05-02', 5893, 4, 8, NULL),
(1368, 55, 30, '2021-11-21', '2021-11-29', 5594, 2, 4, NULL),
(1369, 70, 14, '2020-09-09', '2020-09-12', 5293, 4, 4, NULL),
(1370, 50, 18, '2022-03-24', '2022-03-25', 5681, 1, 9, NULL),
(1371, 65, 16, '2022-06-19', '2022-06-25', 5527, 4, 2, NULL),
(1372, 44, 7, '2020-10-28', '2020-11-05', 5595, 4, 1, NULL),
(1373, 70, 11, '2022-05-02', '2022-05-05', 5392, 6, 1, NULL),
(1374, 5, 21, '2020-08-08', '2020-08-10', 5175, 5, 2, NULL),
(1375, 31, 26, '2022-09-08', '2022-09-08', 5700, 1, 3, NULL),
(1376, 38, 16, '2022-09-12', '2022-09-18', 5977, 1, 1, NULL),
(1377, 53, 14, '2022-10-03', '2022-10-12', 5786, 3, 7, NULL),
(1378, 16, 26, '2021-12-27', '2022-01-03', 5999, 5, 9, NULL),
(1379, 48, 6, '2022-07-26', '2022-08-03', 5638, 6, 2, NULL),
(1380, 41, 12, '2020-08-20', '2020-08-20', 5194, 5, 6, NULL),
(1381, 2, 1, '2022-10-15', '2022-10-20', 5058, 5, 2, NULL),
(1382, 69, 17, '2022-08-18', '2022-08-23', 5706, 5, 2, NULL),
(1383, 24, 9, '2021-03-14', '2021-03-17', 5356, 1, 2, NULL),
(1384, 9, 14, '2022-07-25', '2022-08-03', 5664, 1, 4, NULL),
(1385, 40, 22, '2022-08-05', '2022-08-11', 5250, 2, 3, NULL),
(1386, 53, 28, '2021-02-14', '2021-02-19', 5260, 6, 1, NULL),
(1387, 61, 12, '2021-02-11', '2021-02-17', 5549, 4, 8, NULL),
(1388, 55, 7, '2022-05-07', '2022-05-14', 5966, 2, 7, NULL),
(1389, 6, 16, '2021-02-01', '2021-02-07', 5183, 1, 10, NULL),
(1390, 50, 3, '2021-01-04', '2021-01-13', 5020, 2, 10, NULL),
(1391, 39, 26, '2021-12-17', '2021-12-24', 5550, 5, 8, NULL),
(1392, 38, 17, '2020-08-08', '2020-08-16', 5690, 1, 8, NULL),
(1393, 20, 28, '2022-04-29', '2022-04-30', 5802, 2, 6, NULL),
(1394, 37, 3, '2022-05-03', '2022-05-03', 5940, 5, 5, NULL),
(1395, 28, 21, '2020-09-19', '2020-09-28', 5296, 6, 6, NULL),
(1396, 26, 26, '2020-09-04', '2020-09-07', 5660, 3, 5, NULL),
(1397, 18, 5, '2020-03-24', '2020-03-24', 5411, 4, 6, NULL),
(1398, 16, 5, '2020-03-10', '2020-03-13', 5076, 4, 6, NULL),
(1399, 13, 29, '2020-11-15', '2020-11-20', 5148, 3, 1, NULL),
(1400, 25, 15, '2021-04-21', '2021-04-29', 5513, 4, 7, NULL),
(1401, 51, 24, '2022-06-13', '2022-06-15', 5119, 5, 10, NULL),
(1402, 29, 22, '2021-02-04', '2021-02-12', 5058, 4, 8, NULL),
(1403, 53, 3, '2020-06-24', '2020-06-30', 5931, 3, 10, NULL),
(1404, 34, 9, '2022-11-22', '2022-11-29', 5484, 1, 7, NULL),
(1405, 47, 28, '2021-09-30', '2021-10-05', 5629, 1, 3, NULL),
(1406, 4, 24, '2022-05-08', '2022-05-15', 5692, 4, 4, NULL),
(1407, 49, 19, '2022-11-11', '2022-11-11', 5572, 1, 9, NULL),
(1408, 35, 6, '2021-04-30', '2021-04-30', 5786, 4, 3, NULL),
(1409, 48, 19, '2020-04-26', '2020-04-26', 5214, 3, 9, NULL),
(1410, 68, 17, '2022-07-13', '2022-07-15', 5714, 4, 7, NULL),
(1411, 51, 19, '2022-08-07', '2022-08-07', 5928, 4, 5, NULL),
(1412, 30, 8, '2020-03-06', '2020-03-12', 5497, 2, 3, NULL),
(1413, 22, 22, '2022-02-14', '2022-02-22', 5701, 3, 1, NULL),
(1414, 62, 5, '2020-08-07', '2020-08-09', 5014, 2, 6, NULL),
(1415, 12, 25, '2021-10-02', '2021-10-10', 5969, 3, 6, NULL),
(1416, 42, 18, '2020-07-02', '2020-07-07', 5802, 6, 2, NULL),
(1417, 69, 9, '2021-04-17', '2021-04-26', 5106, 2, 3, NULL),
(1418, 5, 17, '2021-08-17', '2021-08-18', 5123, 1, 8, NULL),
(1419, 40, 21, '2022-05-09', '2022-05-18', 5298, 6, 10, NULL),
(1420, 12, 2, '2022-05-22', '2022-05-26', 5121, 6, 6, NULL),
(1421, 1, 11, '2022-05-16', '2022-05-20', 5711, 6, 7, NULL),
(1422, 19, 16, '2022-05-27', '2022-06-05', 5194, 4, 8, NULL),
(1423, 10, 4, '2020-06-21', '2020-06-23', 5836, 2, 10, NULL),
(1424, 68, 2, '2021-04-21', '2021-04-25', 5599, 6, 5, NULL),
(1425, 14, 9, '2022-08-06', '2022-08-11', 5486, 4, 6, NULL),
(1426, 12, 4, '2020-04-26', '2020-05-01', 5633, 6, 2, NULL),
(1427, 45, 8, '2021-05-11', '2021-05-11', 5707, 3, 4, NULL),
(1428, 45, 1, '2020-10-22', '2020-10-25', 5637, 1, 2, NULL),
(1429, 50, 9, '2021-01-30', '2021-02-05', 5067, 5, 10, NULL),
(1430, 70, 18, '2022-09-11', '2022-09-15', 5422, 6, 1, NULL),
(1431, 42, 11, '2022-09-28', '2022-09-29', 5910, 5, 5, NULL),
(1432, 40, 23, '2020-07-24', '2020-07-27', 5283, 3, 4, NULL),
(1433, 52, 12, '2022-02-26', '2022-03-02', 5686, 3, 1, NULL),
(1434, 12, 13, '2021-10-13', '2021-10-22', 5581, 5, 3, NULL),
(1435, 54, 21, '2020-07-22', '2020-07-27', 5850, 4, 2, NULL),
(1436, 62, 12, '2020-12-31', '2021-01-07', 5506, 3, 10, NULL),
(1437, 66, 18, '2020-06-28', '2020-06-28', 5980, 6, 2, NULL),
(1438, 58, 18, '2021-04-03', '2021-04-05', 5381, 2, 3, NULL),
(1439, 18, 12, '2020-07-11', '2020-07-20', 5969, 4, 6, NULL),
(1440, 20, 24, '2020-07-08', '2020-07-08', 5700, 2, 1, NULL),
(1441, 66, 27, '2021-09-01', '2021-09-06', 5595, 1, 5, NULL),
(1442, 4, 26, '2020-04-20', '2020-04-22', 5873, 5, 2, NULL),
(1443, 35, 9, '2022-09-19', '2022-09-27', 5581, 5, 5, NULL),
(1444, 19, 27, '2021-12-02', '2021-12-07', 5288, 4, 9, NULL),
(1445, 57, 13, '2021-10-01', '2021-10-10', 5695, 5, 7, NULL),
(1446, 52, 18, '2022-03-22', '2022-03-22', 5612, 6, 10, NULL),
(1447, 46, 10, '2022-01-07', '2022-01-13', 5978, 3, 8, NULL),
(1448, 69, 21, '2021-08-27', '2021-08-28', 5053, 4, 1, NULL),
(1449, 37, 22, '2020-03-18', '2020-03-23', 5332, 6, 9, NULL),
(1450, 44, 10, '2022-04-14', '2022-04-16', 5500, 6, 1, NULL),
(1451, 6, 22, '2021-03-23', '2021-03-29', 5507, 5, 8, NULL),
(1452, 51, 8, '2020-08-05', '2020-08-10', 5035, 6, 9, NULL),
(1453, 37, 19, '2021-09-25', '2021-09-30', 5656, 6, 7, NULL),
(1454, 12, 27, '2022-10-10', '2022-10-14', 5173, 1, 7, NULL),
(1455, 45, 27, '2021-09-09', '2021-09-13', 5899, 1, 6, NULL),
(1456, 60, 28, '2020-03-20', '2020-03-28', 5975, 3, 7, NULL),
(1457, 54, 23, '2021-06-25', '2021-07-04', 5181, 1, 8, NULL),
(1458, 14, 19, '2021-04-28', '2021-05-01', 5980, 2, 7, NULL),
(1459, 20, 14, '2021-03-31', '2021-04-06', 5358, 4, 1, NULL),
(1460, 3, 9, '2020-10-21', '2020-10-26', 5848, 3, 2, NULL),
(1461, 6, 9, '2020-11-12', '2020-11-16', 5167, 3, 9, NULL),
(1462, 17, 29, '2020-05-12', '2020-05-18', 5293, 4, 7, NULL),
(1463, 21, 29, '2022-08-30', '2022-09-06', 5963, 5, 8, NULL),
(1464, 50, 14, '2020-07-25', '2020-07-26', 5937, 3, 8, NULL),
(1465, 33, 5, '2021-04-08', '2021-04-10', 5798, 4, 7, NULL),
(1466, 38, 1, '2021-05-29', '2021-06-06', 5180, 2, 9, NULL),
(1467, 60, 17, '2020-08-28', '2020-09-04', 5506, 2, 4, NULL),
(1468, 51, 25, '2022-11-03', '2022-11-12', 5989, 3, 4, NULL),
(1469, 10, 13, '2022-03-25', '2022-03-30', 5427, 3, 8, NULL),
(1470, 9, 5, '2021-05-16', '2021-05-23', 5170, 5, 7, NULL),
(1471, 23, 14, '2020-09-29', '2020-09-29', 5571, 5, 9, NULL),
(1472, 8, 9, '2020-05-10', '2020-05-11', 5343, 4, 2, NULL),
(1473, 29, 15, '2020-07-28', '2020-08-01', 5005, 2, 5, NULL),
(1474, 11, 24, '2021-08-01', '2021-08-10', 5994, 2, 9, NULL),
(1475, 35, 25, '2021-10-22', '2021-10-24', 5956, 4, 7, NULL),
(1476, 1, 12, '2022-07-13', '2022-07-19', 5798, 2, 10, NULL),
(1477, 21, 29, '2022-06-07', '2022-06-09', 5125, 2, 9, NULL),
(1478, 6, 15, '2020-07-27', '2020-07-31', 5231, 2, 5, NULL),
(1479, 5, 12, '2022-04-03', '2022-04-08', 5779, 4, 5, NULL),
(1480, 70, 30, '2022-11-17', '2022-11-20', 5203, 6, 2, NULL),
(1481, 63, 17, '2020-06-06', '2020-06-07', 5680, 5, 5, NULL),
(1482, 56, 16, '2020-10-23', '2020-10-30', 5790, 4, 9, NULL),
(1483, 24, 27, '2021-01-11', '2021-01-12', 5912, 6, 7, NULL),
(1484, 68, 26, '2021-02-10', '2021-02-16', 5191, 2, 7, NULL),
(1485, 68, 7, '2020-07-10', '2020-07-15', 5219, 1, 6, NULL),
(1486, 60, 4, '2020-03-08', '2020-03-17', 5522, 5, 8, NULL),
(1487, 33, 8, '2022-05-07', '2022-05-08', 5956, 2, 10, NULL),
(1488, 68, 30, '2020-06-20', '2020-06-29', 5211, 4, 8, NULL),
(1489, 32, 17, '2021-05-30', '2021-06-02', 5189, 4, 9, NULL),
(1490, 46, 14, '2020-10-14', '2020-10-20', 5313, 5, 9, NULL),
(1491, 34, 27, '2020-04-20', '2020-04-22', 5996, 4, 7, NULL),
(1492, 46, 18, '2022-10-10', '2022-10-11', 5045, 1, 8, NULL),
(1493, 17, 4, '2022-10-02', '2022-10-03', 5234, 2, 7, NULL),
(1494, 58, 5, '2020-09-30', '2020-10-04', 5038, 4, 10, NULL),
(1495, 42, 2, '2021-06-06', '2021-06-12', 5489, 1, 1, NULL),
(1496, 29, 17, '2021-06-29', '2021-06-29', 5330, 5, 3, NULL),
(1497, 43, 18, '2020-04-08', '2020-04-11', 5185, 3, 3, NULL),
(1498, 24, 6, '2022-09-24', '2022-09-27', 5936, 1, 7, NULL),
(1499, 58, 23, '2020-11-18', '2020-11-24', 5124, 1, 3, NULL),
(1500, 39, 18, '2020-08-26', '2020-08-30', 5814, 2, 3, NULL),
(1501, 28, 13, '2022-07-28', '2022-08-01', 5699, 1, 8, NULL),
(1502, 12, 10, '2020-07-09', '2020-07-14', 5051, 5, 1, NULL),
(1503, 3, 5, '2021-10-16', '2021-10-22', 5158, 4, 10, NULL),
(1504, 65, 1, '2020-10-28', '2020-10-31', 5639, 2, 6, NULL),
(1505, 18, 21, '2021-12-26', '2021-12-26', 5719, 2, 8, NULL),
(1506, 25, 29, '2021-12-29', '2021-12-30', 5681, 4, 5, NULL),
(1507, 39, 6, '2021-01-25', '2021-01-29', 5249, 1, 7, NULL),
(1508, 27, 21, '2020-11-21', '2020-11-21', 5201, 2, 9, NULL),
(1509, 43, 6, '2020-07-29', '2020-08-03', 5258, 2, 7, NULL),
(1510, 29, 16, '2021-01-14', '2021-01-22', 5689, 1, 5, NULL),
(1511, 31, 28, '2021-02-05', '2021-02-10', 5670, 6, 5, NULL),
(1512, 42, 7, '2020-10-17', '2020-10-17', 5284, 4, 1, NULL),
(1513, 2, 14, '2020-10-28', '2020-11-03', 5411, 5, 8, NULL),
(1514, 31, 21, '2020-05-16', '2020-05-25', 5203, 3, 6, NULL),
(1515, 39, 22, '2022-07-08', '2022-07-17', 5781, 2, 8, NULL),
(1516, 24, 4, '2021-08-21', '2021-08-28', 5297, 3, 8, NULL),
(1517, 18, 5, '2020-03-09', '2020-03-18', 5144, 4, 8, NULL),
(1518, 61, 19, '2021-04-11', '2021-04-15', 5829, 2, 4, NULL),
(1519, 65, 28, '2022-06-09', '2022-06-11', 5713, 3, 5, NULL),
(1520, 35, 9, '2022-08-19', '2022-08-20', 5078, 5, 1, NULL),
(1521, 49, 13, '2020-05-09', '2020-05-17', 5250, 1, 3, NULL),
(1522, 6, 7, '2022-06-16', '2022-06-23', 5018, 4, 1, NULL),
(1523, 15, 13, '2021-06-21', '2021-06-24', 5341, 1, 3, NULL),
(1524, 13, 16, '2020-05-28', '2020-06-02', 5649, 6, 4, NULL),
(1525, 5, 23, '2021-08-23', '2021-08-28', 5226, 3, 1, NULL),
(1526, 46, 26, '2021-03-09', '2021-03-10', 5181, 2, 1, NULL),
(1527, 21, 19, '2020-09-17', '2020-09-26', 5227, 1, 3, NULL),
(1528, 13, 13, '2021-07-10', '2021-07-15', 5592, 2, 9, NULL),
(1529, 62, 18, '2020-09-28', '2020-10-05', 5281, 3, 8, NULL),
(1530, 9, 16, '2020-11-26', '2020-11-28', 5627, 5, 2, NULL),
(1531, 8, 5, '2021-07-06', '2021-07-06', 5295, 6, 5, NULL),
(1532, 32, 9, '2020-07-04', '2020-07-08', 5594, 5, 9, NULL),
(1533, 24, 14, '2020-11-28', '2020-11-29', 5084, 6, 7, NULL),
(1534, 11, 23, '2021-01-27', '2021-01-31', 5639, 3, 10, NULL),
(1535, 70, 24, '2022-07-24', '2022-07-30', 5942, 1, 9, NULL),
(1536, 50, 10, '2021-07-12', '2021-07-21', 5794, 4, 6, NULL),
(1537, 10, 3, '2020-04-25', '2020-05-01', 5143, 1, 9, NULL),
(1538, 60, 8, '2021-12-31', '2022-01-04', 5336, 4, 9, NULL),
(1539, 6, 17, '2021-08-20', '2021-08-21', 5251, 1, 5, NULL),
(1540, 33, 9, '2020-03-29', '2020-04-02', 5247, 2, 1, NULL),
(1541, 25, 27, '2021-02-23', '2021-02-23', 5484, 1, 6, NULL),
(1542, 50, 2, '2020-06-11', '2020-06-16', 5679, 3, 9, NULL),
(1543, 44, 29, '2022-09-20', '2022-09-29', 5942, 5, 5, NULL),
(1544, 9, 8, '2022-10-01', '2022-10-09', 5673, 6, 9, NULL),
(1545, 58, 10, '2020-08-26', '2020-09-01', 5540, 6, 9, NULL),
(1546, 68, 3, '2021-10-13', '2021-10-18', 5682, 5, 9, NULL),
(1547, 44, 2, '2021-04-07', '2021-04-07', 5790, 6, 4, NULL),
(1548, 7, 27, '2020-06-09', '2020-06-11', 5903, 6, 6, NULL),
(1549, 7, 26, '2022-08-28', '2022-08-31', 5147, 1, 4, NULL),
(1550, 31, 2, '2022-11-23', '2022-12-01', 5026, 5, 4, NULL),
(1551, 6, 29, '2021-06-04', '2021-06-08', 5688, 3, 6, NULL),
(1552, 5, 27, '2020-08-30', '2020-09-04', 5363, 2, 9, NULL),
(1553, 59, 11, '2020-12-08', '2020-12-11', 5751, 3, 7, NULL),
(1554, 58, 4, '2020-07-09', '2020-07-10', 5667, 2, 6, NULL),
(1555, 5, 14, '2020-04-08', '2020-04-13', 5082, 6, 7, NULL),
(1556, 12, 8, '2022-04-04', '2022-04-08', 5409, 1, 8, NULL),
(1557, 4, 3, '2020-09-15', '2020-09-22', 5799, 5, 7, NULL),
(1558, 19, 1, '2020-09-30', '2020-09-30', 5769, 1, 10, NULL),
(1559, 49, 8, '2020-09-17', '2020-09-19', 5448, 2, 10, NULL),
(1560, 42, 8, '2021-06-06', '2021-06-08', 5936, 4, 9, NULL),
(1561, 32, 16, '2021-01-16', '2021-01-19', 5334, 1, 6, NULL),
(1562, 7, 14, '2022-10-08', '2022-10-16', 5863, 3, 1, NULL),
(1563, 14, 23, '2020-10-14', '2020-10-16', 5314, 6, 6, NULL),
(1564, 37, 4, '2022-11-11', '2022-11-17', 5979, 4, 6, NULL),
(1565, 69, 4, '2022-01-05', '2022-01-11', 5956, 1, 3, NULL),
(1566, 4, 7, '2022-09-17', '2022-09-18', 5844, 6, 5, NULL),
(1567, 15, 1, '2021-07-12', '2021-07-19', 5351, 3, 7, NULL),
(1568, 45, 28, '2021-10-28', '2021-10-31', 5225, 2, 8, NULL),
(1569, 56, 1, '2021-12-25', '2021-12-29', 5073, 2, 8, NULL),
(1570, 33, 13, '2022-02-10', '2022-02-14', 5688, 2, 7, NULL),
(1571, 29, 3, '2020-10-30', '2020-11-04', 5222, 6, 9, NULL),
(1572, 70, 5, '2022-03-15', '2022-03-20', 5048, 2, 5, NULL),
(1573, 13, 2, '2022-03-16', '2022-03-16', 5575, 4, 8, NULL),
(1574, 37, 29, '2020-10-04', '2020-10-10', 5731, 2, 4, NULL),
(1575, 31, 17, '2021-02-26', '2021-02-27', 5929, 2, 6, NULL),
(1576, 67, 5, '2022-07-05', '2022-07-11', 5455, 6, 8, NULL),
(1577, 49, 27, '2021-02-18', '2021-02-25', 5489, 1, 10, NULL),
(1578, 39, 11, '2020-07-17', '2020-07-26', 5079, 4, 6, NULL),
(1579, 52, 24, '2022-02-16', '2022-02-21', 5927, 2, 9, NULL),
(1580, 2, 12, '2022-08-26', '2022-09-03', 5400, 3, 5, NULL),
(1581, 6, 10, '2021-04-09', '2021-04-16', 5220, 1, 1, NULL),
(1582, 66, 18, '2020-06-29', '2020-06-30', 5899, 6, 6, NULL),
(1583, 62, 27, '2022-01-24', '2022-01-28', 5835, 6, 7, NULL),
(1584, 18, 20, '2021-08-09', '2021-08-09', 5480, 4, 8, NULL),
(1585, 52, 21, '2020-08-28', '2020-09-02', 5894, 6, 9, NULL),
(1586, 59, 17, '2020-10-17', '2020-10-25', 5031, 4, 9, NULL),
(1587, 61, 24, '2021-01-26', '2021-02-01', 5473, 2, 10, NULL),
(1588, 37, 21, '2022-09-16', '2022-09-20', 5274, 4, 1, NULL),
(1589, 68, 5, '2022-08-17', '2022-08-21', 5949, 1, 6, NULL),
(1590, 32, 5, '2021-02-10', '2021-02-18', 5927, 2, 7, NULL),
(1591, 42, 29, '2020-03-21', '2020-03-28', 5786, 2, 5, NULL),
(1592, 9, 26, '2022-11-12', '2022-11-15', 5149, 3, 3, NULL),
(1593, 51, 19, '2022-06-27', '2022-06-29', 5389, 3, 10, NULL),
(1594, 44, 24, '2020-06-07', '2020-06-11', 5500, 1, 10, NULL),
(1595, 22, 6, '2022-10-13', '2022-10-16', 5331, 2, 1, NULL),
(1596, 28, 8, '2022-11-17', '2022-11-21', 5155, 2, 3, NULL),
(1597, 17, 14, '2021-10-28', '2021-10-30', 5783, 4, 2, NULL),
(1598, 27, 30, '2022-05-25', '2022-06-02', 5449, 1, 2, NULL),
(1599, 4, 29, '2021-08-23', '2021-08-29', 5897, 6, 4, NULL),
(1600, 60, 17, '2020-10-16', '2020-10-22', 5140, 3, 4, NULL),
(1601, 52, 8, '2020-03-17', '2020-03-18', 5008, 3, 8, NULL),
(1602, 45, 5, '2022-09-09', '2022-09-15', 5620, 1, 5, NULL),
(1603, 57, 21, '2020-04-03', '2020-04-04', 5078, 1, 10, NULL),
(1604, 27, 18, '2022-07-01', '2022-07-08', 5532, 3, 5, NULL),
(1605, 57, 19, '2022-02-09', '2022-02-09', 5424, 5, 3, NULL),
(1606, 15, 1, '2021-07-29', '2021-07-29', 5525, 3, 2, NULL),
(1607, 66, 6, '2020-07-26', '2020-07-27', 5355, 1, 8, NULL),
(1608, 27, 13, '2022-10-12', '2022-10-18', 5199, 4, 6, NULL),
(1609, 50, 30, '2022-03-19', '2022-03-25', 5933, 5, 5, NULL),
(1610, 63, 30, '2020-10-17', '2020-10-19', 5066, 2, 7, NULL),
(1611, 24, 2, '2021-01-16', '2021-01-18', 5533, 3, 8, NULL),
(1612, 6, 5, '2021-08-29', '2021-09-03', 5469, 2, 1, NULL),
(1613, 49, 21, '2020-12-27', '2021-01-04', 5745, 3, 7, NULL),
(1614, 33, 28, '2020-06-28', '2020-07-06', 5321, 6, 4, NULL),
(1615, 6, 23, '2021-05-31', '2021-06-05', 5367, 1, 6, NULL),
(1616, 67, 18, '2020-03-05', '2020-03-07', 5873, 2, 8, NULL),
(1617, 35, 18, '2021-05-30', '2021-06-06', 5263, 4, 4, NULL),
(1618, 12, 9, '2022-09-07', '2022-09-14', 5698, 5, 3, NULL),
(1619, 5, 30, '2022-05-23', '2022-05-29', 5703, 1, 5, NULL),
(1620, 66, 14, '2021-06-12', '2021-06-20', 5422, 6, 4, NULL),
(1621, 34, 15, '2022-10-25', '2022-10-27', 5002, 3, 6, NULL),
(1622, 4, 2, '2020-06-12', '2020-06-21', 5746, 3, 5, NULL),
(1623, 41, 23, '2022-10-17', '2022-10-17', 5721, 4, 8, NULL),
(1624, 7, 20, '2020-03-31', '2020-04-02', 5367, 2, 4, NULL),
(1625, 55, 12, '2021-10-11', '2021-10-14', 5673, 5, 8, NULL),
(1626, 12, 13, '2022-01-22', '2022-01-28', 5265, 1, 4, NULL),
(1627, 52, 6, '2022-03-17', '2022-03-19', 5306, 1, 6, NULL),
(1628, 40, 11, '2020-04-03', '2020-04-08', 5735, 1, 10, NULL),
(1629, 39, 11, '2020-07-10', '2020-07-18', 5759, 4, 9, NULL),
(1630, 39, 1, '2021-02-19', '2021-02-26', 5591, 5, 6, NULL),
(1631, 54, 16, '2020-12-22', '2020-12-22', 5679, 6, 10, NULL),
(1632, 54, 1, '2022-03-27', '2022-04-05', 5621, 5, 4, NULL),
(1633, 39, 14, '2021-11-01', '2021-11-05', 5068, 5, 10, NULL),
(1634, 47, 7, '2020-05-18', '2020-05-25', 5477, 5, 7, NULL),
(1635, 38, 13, '2021-08-09', '2021-08-11', 5183, 3, 4, NULL),
(1636, 12, 24, '2021-03-26', '2021-04-03', 5483, 4, 10, NULL),
(1637, 66, 25, '2020-12-10', '2020-12-15', 5867, 6, 5, NULL),
(1638, 69, 1, '2020-05-14', '2020-05-16', 5888, 3, 5, NULL),
(1639, 41, 26, '2021-05-26', '2021-06-02', 5838, 5, 1, NULL),
(1640, 22, 10, '2022-03-08', '2022-03-17', 5528, 5, 10, NULL),
(1641, 19, 8, '2021-05-02', '2021-05-06', 5127, 3, 5, NULL),
(1642, 51, 12, '2022-06-06', '2022-06-08', 5052, 6, 7, NULL),
(1643, 17, 11, '2020-05-03', '2020-05-12', 5880, 2, 7, NULL),
(1644, 6, 20, '2022-10-13', '2022-10-13', 5244, 6, 3, NULL),
(1645, 32, 20, '2022-09-08', '2022-09-13', 5581, 4, 5, NULL),
(1646, 33, 12, '2021-08-04', '2021-08-10', 5172, 3, 6, NULL),
(1647, 51, 8, '2020-07-10', '2020-07-15', 5119, 6, 6, NULL),
(1648, 67, 5, '2022-08-12', '2022-08-19', 5080, 1, 8, NULL),
(1649, 31, 4, '2020-12-31', '2020-12-31', 5044, 1, 3, NULL),
(1650, 60, 23, '2020-12-02', '2020-12-10', 5980, 1, 9, NULL),
(1651, 47, 1, '2020-04-30', '2020-05-03', 5769, 2, 6, NULL),
(1652, 14, 5, '2020-10-12', '2020-10-13', 5907, 4, 1, NULL),
(1653, 35, 17, '2021-01-26', '2021-01-30', 5226, 6, 9, NULL),
(1654, 62, 14, '2021-10-27', '2021-10-27', 5410, 5, 9, NULL),
(1655, 46, 6, '2022-08-28', '2022-09-04', 5373, 1, 9, NULL),
(1656, 32, 5, '2021-04-04', '2021-04-12', 5635, 4, 5, NULL),
(1657, 37, 30, '2020-12-14', '2020-12-23', 5059, 4, 1, NULL),
(1658, 57, 13, '2021-12-18', '2021-12-19', 5387, 1, 9, NULL),
(1659, 19, 5, '2022-11-16', '2022-11-16', 5759, 3, 9, NULL),
(1660, 35, 1, '2021-08-16', '2021-08-22', 5635, 4, 10, NULL),
(1661, 47, 11, '2022-02-13', '2022-02-13', 5898, 4, 3, NULL),
(1662, 46, 18, '2022-09-25', '2022-09-28', 5584, 6, 3, NULL),
(1663, 68, 29, '2022-08-25', '2022-08-29', 5228, 4, 8, NULL),
(1664, 39, 25, '2021-02-25', '2021-03-01', 5389, 3, 8, NULL),
(1665, 62, 6, '2021-01-07', '2021-01-15', 5261, 1, 7, NULL),
(1666, 8, 15, '2020-06-01', '2020-06-08', 5139, 1, 1, NULL),
(1667, 60, 6, '2021-03-15', '2021-03-17', 5913, 3, 3, NULL),
(1668, 38, 20, '2022-01-18', '2022-01-26', 5147, 3, 1, NULL),
(1669, 22, 3, '2021-07-21', '2021-07-26', 5999, 2, 6, NULL),
(1670, 66, 25, '2021-01-04', '2021-01-05', 5552, 1, 5, NULL),
(1671, 29, 26, '2022-11-16', '2022-11-18', 5763, 3, 9, NULL),
(1672, 11, 14, '2022-06-05', '2022-06-12', 5160, 5, 7, NULL),
(1673, 28, 20, '2020-07-02', '2020-07-03', 5510, 4, 8, NULL),
(1674, 54, 29, '2021-06-13', '2021-06-15', 5073, 3, 1, NULL),
(1675, 1, 18, '2022-08-11', '2022-08-11', 5835, 5, 7, NULL),
(1676, 64, 13, '2021-01-17', '2021-01-20', 5956, 3, 4, NULL),
(1677, 64, 12, '2020-11-02', '2020-11-08', 5277, 1, 8, NULL),
(1678, 40, 19, '2021-05-09', '2021-05-12', 5517, 2, 7, NULL),
(1679, 15, 4, '2022-11-25', '2022-12-02', 5755, 4, 1, NULL),
(1680, 11, 26, '2022-04-08', '2022-04-15', 5222, 2, 3, NULL),
(1681, 20, 14, '2021-05-12', '2021-05-17', 5848, 5, 10, NULL),
(1682, 56, 15, '2022-11-25', '2022-11-30', 5573, 4, 4, NULL),
(1683, 64, 25, '2021-03-03', '2021-03-04', 5324, 3, 6, NULL),
(1684, 53, 21, '2020-05-15', '2020-05-15', 5898, 3, 9, NULL),
(1685, 44, 1, '2020-08-18', '2020-08-24', 5520, 5, 7, NULL),
(1686, 45, 21, '2021-06-17', '2021-06-19', 5907, 3, 6, NULL),
(1687, 23, 16, '2022-02-13', '2022-02-13', 5975, 6, 1, NULL),
(1688, 53, 25, '2022-05-21', '2022-05-29', 5155, 4, 5, NULL);
INSERT INTO `alugueis` (`idaluguel`, `idcliente`, `idveiculo`, `datainicial`, `datafinal`, `km_inicial`, `idformapagamento`, `idfuncionario`, `valor`) VALUES
(1689, 47, 15, '2021-04-04', '2021-04-11', 5848, 4, 4, NULL),
(1690, 41, 8, '2021-05-03', '2021-05-06', 5779, 3, 1, NULL),
(1691, 65, 9, '2022-01-15', '2022-01-19', 5348, 4, 5, NULL),
(1692, 50, 28, '2021-03-24', '2021-03-24', 5406, 2, 1, NULL),
(1693, 68, 5, '2022-05-08', '2022-05-08', 5988, 4, 10, NULL),
(1694, 36, 24, '2021-03-18', '2021-03-27', 5719, 4, 4, NULL),
(1695, 52, 29, '2021-09-09', '2021-09-14', 5633, 6, 2, NULL),
(1696, 67, 1, '2020-07-28', '2020-07-28', 5009, 5, 6, NULL),
(1697, 17, 29, '2020-05-31', '2020-06-04', 5144, 4, 4, NULL),
(1698, 45, 14, '2021-02-19', '2021-02-20', 5695, 3, 2, NULL),
(1699, 69, 20, '2021-03-28', '2021-03-30', 5043, 6, 7, NULL),
(1700, 46, 10, '2022-01-31', '2022-02-09', 5129, 4, 9, NULL),
(1701, 38, 3, '2022-08-04', '2022-08-11', 5518, 1, 2, NULL),
(1702, 1, 20, '2020-12-01', '2020-12-02', 5202, 3, 4, NULL),
(1703, 9, 14, '2022-06-01', '2022-06-07', 5458, 5, 2, NULL),
(1704, 38, 9, '2022-05-14', '2022-05-18', 5684, 2, 9, NULL),
(1705, 32, 22, '2020-09-12', '2020-09-16', 5045, 6, 6, NULL),
(1706, 51, 30, '2022-06-20', '2022-06-20', 5175, 2, 6, NULL),
(1707, 39, 4, '2022-10-16', '2022-10-22', 5742, 3, 8, NULL),
(1708, 18, 29, '2020-05-23', '2020-05-23', 5183, 4, 4, NULL),
(1709, 26, 7, '2020-04-01', '2020-04-04', 5692, 3, 5, NULL),
(1710, 27, 13, '2022-10-13', '2022-10-17', 5909, 4, 4, NULL),
(1711, 53, 5, '2021-09-22', '2021-09-27', 5470, 3, 4, NULL),
(1712, 10, 17, '2021-01-07', '2021-01-07', 5622, 6, 6, NULL),
(1713, 55, 3, '2020-03-18', '2020-03-24', 5701, 6, 9, NULL),
(1714, 22, 27, '2021-09-21', '2021-09-24', 5642, 1, 6, NULL),
(1715, 8, 1, '2022-05-23', '2022-05-27', 5107, 6, 2, NULL),
(1716, 38, 22, '2022-11-02', '2022-11-06', 5609, 5, 3, NULL),
(1717, 47, 6, '2022-10-19', '2022-10-27', 5723, 2, 7, NULL),
(1718, 18, 17, '2022-10-13', '2022-10-21', 5788, 2, 6, NULL),
(1719, 69, 13, '2020-04-24', '2020-05-02', 5773, 1, 8, NULL),
(1720, 14, 23, '2020-07-30', '2020-08-04', 5499, 4, 2, NULL),
(1721, 11, 6, '2021-08-01', '2021-08-03', 5179, 1, 7, NULL),
(1722, 34, 12, '2021-06-10', '2021-06-14', 5399, 2, 8, NULL),
(1723, 38, 4, '2022-09-08', '2022-09-12', 5456, 2, 9, NULL),
(1724, 51, 22, '2021-02-21', '2021-03-01', 5084, 5, 1, NULL),
(1725, 24, 19, '2020-05-02', '2020-05-11', 5053, 3, 7, NULL),
(1726, 15, 18, '2021-02-20', '2021-02-20', 5014, 6, 9, NULL),
(1727, 65, 18, '2020-10-13', '2020-10-17', 5911, 3, 7, NULL),
(1728, 4, 7, '2022-08-24', '2022-08-27', 5511, 6, 7, NULL),
(1729, 55, 6, '2021-10-19', '2021-10-19', 5826, 3, 3, NULL),
(1730, 25, 15, '2021-02-17', '2021-02-21', 5598, 2, 3, NULL),
(1731, 37, 21, '2022-06-22', '2022-06-23', 5512, 1, 7, NULL),
(1732, 20, 27, '2021-12-22', '2021-12-25', 5768, 4, 5, NULL),
(1733, 6, 16, '2021-05-15', '2021-05-17', 5303, 4, 2, NULL),
(1734, 50, 22, '2021-08-16', '2021-08-19', 5210, 3, 7, NULL),
(1735, 53, 10, '2021-01-23', '2021-01-30', 5143, 5, 6, NULL),
(1736, 38, 18, '2021-01-01', '2021-01-01', 5087, 5, 9, NULL),
(1737, 68, 16, '2021-12-24', '2021-12-30', 5004, 5, 8, NULL),
(1738, 62, 3, '2022-03-21', '2022-03-22', 5762, 4, 10, NULL),
(1739, 24, 5, '2022-01-23', '2022-01-30', 5797, 1, 6, NULL),
(1740, 9, 15, '2022-11-24', '2022-11-27', 5698, 4, 2, NULL),
(1741, 64, 25, '2021-01-02', '2021-01-05', 5102, 1, 10, NULL),
(1742, 46, 28, '2021-10-14', '2021-10-23', 5416, 2, 4, NULL),
(1743, 29, 10, '2021-01-09', '2021-01-13', 5774, 4, 9, NULL),
(1744, 25, 24, '2022-08-11', '2022-08-14', 5623, 1, 1, NULL),
(1745, 56, 21, '2022-11-06', '2022-11-12', 5791, 6, 10, NULL),
(1746, 37, 28, '2020-04-23', '2020-05-02', 5090, 3, 5, NULL),
(1747, 24, 6, '2022-09-04', '2022-09-13', 5076, 1, 5, NULL),
(1748, 29, 29, '2021-07-05', '2021-07-05', 5112, 4, 8, NULL),
(1749, 47, 14, '2020-09-22', '2020-09-25', 5333, 5, 5, NULL),
(1750, 65, 16, '2022-03-01', '2022-03-06', 5328, 1, 10, NULL),
(1751, 39, 10, '2022-08-05', '2022-08-10', 5641, 4, 5, NULL),
(1752, 64, 30, '2020-07-23', '2020-07-23', 5222, 5, 3, NULL),
(1753, 45, 22, '2021-12-28', '2022-01-05', 5188, 2, 10, NULL),
(1754, 1, 14, '2020-08-19', '2020-08-19', 5276, 4, 2, NULL),
(1755, 13, 8, '2022-03-06', '2022-03-12', 5816, 6, 9, NULL),
(1756, 29, 9, '2020-10-17', '2020-10-18', 5251, 2, 8, NULL),
(1757, 48, 17, '2022-01-16', '2022-01-24', 5809, 5, 4, NULL),
(1758, 70, 17, '2022-04-27', '2022-05-06', 5292, 2, 3, NULL),
(1759, 69, 4, '2021-09-08', '2021-09-16', 5032, 3, 5, NULL),
(1760, 53, 10, '2020-11-04', '2020-11-11', 5286, 3, 5, NULL),
(1761, 68, 24, '2020-06-11', '2020-06-11', 5334, 1, 10, NULL),
(1762, 19, 30, '2020-07-13', '2020-07-13', 5815, 5, 5, NULL),
(1763, 12, 20, '2022-05-15', '2022-05-23', 5070, 1, 5, NULL),
(1764, 61, 6, '2020-11-19', '2020-11-22', 5906, 5, 8, NULL),
(1765, 13, 16, '2020-04-05', '2020-04-07', 5322, 4, 5, NULL),
(1766, 5, 14, '2022-11-09', '2022-11-09', 5893, 4, 9, NULL),
(1767, 5, 16, '2021-04-27', '2021-05-04', 5500, 4, 1, NULL),
(1768, 30, 16, '2021-02-01', '2021-02-03', 5822, 1, 5, NULL),
(1769, 39, 14, '2021-08-15', '2021-08-16', 5611, 3, 5, NULL),
(1770, 8, 16, '2020-11-18', '2020-11-26', 5589, 5, 8, NULL),
(1771, 2, 25, '2020-05-07', '2020-05-07', 5112, 6, 7, NULL),
(1772, 5, 24, '2022-01-27', '2022-02-03', 5795, 1, 7, NULL),
(1773, 45, 23, '2022-06-29', '2022-07-03', 5640, 6, 6, NULL),
(1774, 29, 3, '2020-07-25', '2020-08-02', 5814, 4, 6, NULL),
(1775, 7, 29, '2021-04-29', '2021-04-29', 5150, 2, 2, NULL),
(1776, 17, 9, '2021-11-28', '2021-12-02', 5310, 3, 10, NULL),
(1777, 70, 25, '2020-07-30', '2020-08-03', 5100, 2, 6, NULL),
(1778, 65, 25, '2020-11-01', '2020-11-09', 5569, 5, 10, NULL),
(1779, 24, 7, '2020-06-15', '2020-06-22', 5546, 6, 9, NULL),
(1780, 2, 16, '2021-08-06', '2021-08-08', 5023, 1, 5, NULL),
(1781, 50, 12, '2022-06-01', '2022-06-01', 5480, 6, 8, NULL),
(1782, 16, 10, '2022-07-23', '2022-07-29', 5330, 3, 5, NULL),
(1783, 41, 18, '2020-09-14', '2020-09-23', 5211, 2, 10, NULL),
(1784, 36, 27, '2022-06-12', '2022-06-21', 5065, 4, 5, NULL),
(1785, 21, 24, '2020-04-24', '2020-05-01', 5695, 6, 3, NULL),
(1786, 29, 9, '2020-08-30', '2020-09-06', 5277, 1, 10, NULL),
(1787, 59, 29, '2020-10-02', '2020-10-09', 5302, 2, 10, NULL),
(1788, 42, 6, '2020-10-11', '2020-10-13', 5681, 4, 1, NULL),
(1789, 69, 10, '2021-11-19', '2021-11-20', 5496, 2, 4, NULL),
(1790, 9, 30, '2021-08-12', '2021-08-21', 5440, 5, 7, NULL),
(1791, 2, 28, '2021-10-15', '2021-10-17', 5713, 2, 3, NULL),
(1792, 9, 2, '2022-07-04', '2022-07-08', 5243, 1, 5, NULL),
(1793, 15, 18, '2021-01-27', '2021-02-01', 5079, 6, 3, NULL),
(1794, 29, 12, '2022-02-15', '2022-02-19', 5664, 3, 9, NULL),
(1795, 68, 17, '2022-08-21', '2022-08-25', 5086, 6, 4, NULL),
(1796, 33, 26, '2022-04-05', '2022-04-05', 5438, 2, 5, NULL),
(1797, 24, 21, '2021-03-14', '2021-03-23', 5934, 6, 3, NULL),
(1798, 16, 15, '2022-03-25', '2022-03-28', 5354, 2, 10, NULL),
(1799, 27, 27, '2021-01-13', '2021-01-22', 5969, 6, 8, NULL),
(1800, 48, 18, '2022-10-06', '2022-10-14', 5782, 6, 1, NULL),
(1801, 69, 30, '2022-11-03', '2022-11-06', 5006, 6, 9, NULL),
(1802, 56, 5, '2021-02-16', '2021-02-17', 5683, 2, 1, NULL),
(1803, 37, 20, '2021-12-16', '2021-12-23', 5400, 3, 6, NULL),
(1804, 56, 28, '2020-08-08', '2020-08-08', 5950, 1, 10, NULL),
(1805, 65, 12, '2020-07-04', '2020-07-06', 5549, 3, 10, NULL),
(1806, 4, 25, '2022-10-02', '2022-10-03', 5898, 2, 10, NULL),
(1807, 32, 14, '2022-11-16', '2022-11-23', 5842, 4, 8, NULL),
(1808, 56, 9, '2020-04-11', '2020-04-15', 5518, 3, 2, NULL),
(1809, 50, 13, '2020-04-06', '2020-04-06', 5062, 6, 4, NULL),
(1810, 25, 2, '2020-11-25', '2020-12-02', 5756, 1, 6, NULL),
(1811, 70, 15, '2021-06-21', '2021-06-27', 5595, 6, 4, NULL),
(1812, 9, 26, '2022-09-18', '2022-09-19', 5710, 1, 4, NULL),
(1813, 45, 28, '2022-01-16', '2022-01-24', 5764, 5, 8, NULL),
(1814, 23, 18, '2022-11-12', '2022-11-18', 5690, 1, 7, NULL),
(1815, 59, 21, '2022-08-27', '2022-09-01', 5159, 4, 8, NULL),
(1816, 57, 15, '2020-05-08', '2020-05-16', 5727, 6, 1, NULL),
(1817, 6, 25, '2022-07-01', '2022-07-06', 5158, 5, 8, NULL),
(1818, 35, 2, '2022-02-19', '2022-02-21', 5608, 3, 10, NULL),
(1819, 18, 24, '2020-09-05', '2020-09-11', 5568, 4, 3, NULL),
(1820, 26, 2, '2020-07-06', '2020-07-12', 5016, 4, 6, NULL),
(1821, 14, 12, '2021-05-02', '2021-05-04', 5377, 6, 1, NULL),
(1822, 31, 11, '2021-04-17', '2021-04-21', 5836, 1, 4, NULL),
(1823, 66, 17, '2022-10-06', '2022-10-09', 5048, 1, 7, NULL),
(1824, 48, 3, '2021-03-29', '2021-03-31', 5736, 5, 3, NULL),
(1825, 25, 19, '2020-05-28', '2020-06-01', 5534, 4, 2, NULL),
(1826, 39, 2, '2021-11-27', '2021-12-01', 5463, 1, 10, NULL),
(1827, 10, 21, '2022-10-13', '2022-10-13', 5715, 5, 5, NULL),
(1828, 63, 7, '2021-05-26', '2021-06-03', 5185, 4, 5, NULL),
(1829, 36, 25, '2021-07-13', '2021-07-14', 5781, 1, 10, NULL),
(1830, 67, 15, '2021-11-22', '2021-11-24', 5352, 4, 2, NULL),
(1831, 30, 3, '2020-09-26', '2020-10-03', 5416, 5, 2, NULL),
(1832, 17, 27, '2022-01-10', '2022-01-11', 5027, 5, 1, NULL),
(1833, 54, 17, '2021-07-12', '2021-07-14', 5885, 5, 9, NULL),
(1834, 39, 10, '2022-09-14', '2022-09-20', 5343, 5, 4, NULL),
(1835, 49, 12, '2022-04-18', '2022-04-26', 5063, 5, 10, NULL),
(1836, 41, 17, '2022-10-28', '2022-10-29', 5285, 2, 10, NULL),
(1837, 19, 19, '2020-10-21', '2020-10-21', 5237, 3, 8, NULL),
(1838, 7, 12, '2022-01-30', '2022-01-30', 5332, 2, 2, NULL),
(1839, 32, 11, '2021-01-08', '2021-01-09', 5950, 4, 2, NULL),
(1840, 62, 21, '2022-07-01', '2022-07-05', 5751, 2, 6, NULL),
(1841, 21, 30, '2022-11-25', '2022-12-02', 5909, 1, 1, NULL),
(1842, 22, 11, '2022-06-22', '2022-06-26', 5291, 1, 6, NULL),
(1843, 19, 25, '2021-02-22', '2021-02-22', 5729, 2, 9, NULL),
(1844, 33, 12, '2021-08-31', '2021-09-09', 5772, 4, 8, NULL),
(1845, 19, 17, '2022-10-30', '2022-11-03', 5674, 2, 9, NULL),
(1846, 12, 6, '2021-04-29', '2021-05-03', 5054, 4, 1, NULL),
(1847, 39, 2, '2021-12-07', '2021-12-08', 5248, 1, 9, NULL),
(1848, 23, 14, '2020-11-10', '2020-11-10', 5081, 6, 1, NULL),
(1849, 68, 1, '2020-06-30', '2020-07-09', 5660, 4, 6, NULL),
(1850, 42, 6, '2020-08-29', '2020-09-02', 5059, 2, 9, NULL),
(1851, 8, 18, '2021-08-14', '2021-08-17', 5314, 6, 6, NULL),
(1852, 6, 18, '2022-01-11', '2022-01-17', 5393, 4, 3, NULL),
(1853, 18, 8, '2021-09-03', '2021-09-12', 5023, 6, 6, NULL),
(1854, 19, 11, '2020-03-28', '2020-04-06', 5935, 1, 1, NULL),
(1855, 12, 20, '2022-04-21', '2022-04-29', 5609, 6, 5, NULL),
(1856, 29, 6, '2022-01-27', '2022-01-29', 5242, 6, 3, NULL),
(1857, 42, 5, '2022-09-05', '2022-09-11', 5380, 2, 8, NULL),
(1858, 11, 7, '2021-10-20', '2021-10-27', 5176, 3, 1, NULL),
(1859, 2, 1, '2022-11-03', '2022-11-10', 5739, 6, 2, NULL),
(1860, 28, 12, '2022-03-26', '2022-03-30', 5169, 4, 7, NULL),
(1861, 55, 3, '2020-05-18', '2020-05-27', 5626, 1, 9, NULL),
(1862, 31, 24, '2021-09-09', '2021-09-13', 5626, 3, 2, NULL),
(1863, 49, 1, '2020-03-13', '2020-03-19', 5251, 1, 5, NULL),
(1864, 5, 9, '2020-08-02', '2020-08-07', 5380, 6, 7, NULL),
(1865, 24, 24, '2022-08-29', '2022-09-07', 5146, 2, 8, NULL),
(1866, 24, 2, '2020-09-28', '2020-09-28', 5593, 6, 10, NULL),
(1867, 69, 5, '2022-03-18', '2022-03-21', 5524, 2, 5, NULL),
(1868, 26, 26, '2020-10-20', '2020-10-25', 5844, 4, 3, NULL),
(1869, 10, 30, '2021-05-10', '2021-05-16', 5650, 2, 9, NULL),
(1870, 5, 16, '2021-03-21', '2021-03-29', 5715, 3, 9, NULL),
(1871, 50, 13, '2022-09-07', '2022-09-10', 5629, 3, 4, NULL),
(1872, 11, 18, '2021-07-03', '2021-07-03', 5998, 5, 6, NULL),
(1873, 70, 27, '2021-05-18', '2021-05-21', 5103, 4, 6, NULL),
(1874, 36, 25, '2021-10-06', '2021-10-10', 5524, 3, 10, NULL),
(1875, 40, 14, '2021-10-01', '2021-10-01', 5310, 4, 3, NULL),
(1876, 61, 24, '2021-01-09', '2021-01-10', 5979, 2, 5, NULL),
(1877, 11, 4, '2020-07-07', '2020-07-11', 5964, 2, 6, NULL),
(1878, 3, 10, '2021-05-10', '2021-05-19', 5884, 2, 3, NULL),
(1879, 70, 6, '2022-11-02', '2022-11-03', 5529, 2, 5, NULL),
(1880, 42, 2, '2021-07-15', '2021-07-16', 5992, 3, 7, NULL),
(1881, 13, 27, '2022-08-23', '2022-08-23', 5373, 6, 10, NULL),
(1882, 41, 11, '2022-10-24', '2022-11-02', 5890, 5, 7, NULL),
(1883, 9, 7, '2021-11-29', '2021-12-04', 5332, 4, 3, NULL),
(1884, 2, 11, '2022-02-03', '2022-02-11', 5990, 3, 7, NULL),
(1885, 13, 16, '2020-04-14', '2020-04-18', 5955, 5, 5, NULL),
(1886, 18, 6, '2020-11-03', '2020-11-03', 5805, 4, 3, NULL),
(1887, 36, 17, '2020-12-12', '2020-12-17', 5161, 5, 9, NULL),
(1888, 66, 12, '2020-06-06', '2020-06-13', 5390, 3, 7, NULL),
(1889, 35, 12, '2021-04-19', '2021-04-19', 5467, 6, 7, NULL),
(1890, 34, 17, '2020-11-23', '2020-12-02', 5168, 5, 3, NULL),
(1891, 58, 28, '2020-08-27', '2020-09-01', 5436, 1, 2, NULL),
(1892, 2, 24, '2022-08-17', '2022-08-26', 5678, 1, 3, NULL),
(1893, 59, 27, '2022-06-12', '2022-06-15', 5082, 4, 9, NULL),
(1894, 21, 25, '2020-09-06', '2020-09-11', 5378, 3, 7, NULL),
(1895, 64, 2, '2021-08-12', '2021-08-21', 5643, 3, 4, NULL),
(1896, 63, 1, '2021-01-17', '2021-01-26', 5083, 4, 9, NULL),
(1897, 3, 12, '2022-06-19', '2022-06-28', 5488, 1, 1, NULL),
(1898, 44, 2, '2020-12-23', '2020-12-24', 5188, 3, 10, NULL),
(1899, 2, 30, '2022-04-19', '2022-04-24', 5478, 6, 6, NULL),
(1900, 42, 1, '2020-11-28', '2020-12-02', 5826, 2, 10, NULL),
(1901, 58, 4, '2020-08-18', '2020-08-22', 5696, 3, 3, NULL),
(1902, 60, 25, '2021-09-07', '2021-09-15', 5004, 2, 2, NULL),
(1903, 65, 21, '2021-10-06', '2021-10-06', 5932, 6, 2, NULL),
(1904, 55, 6, '2021-11-07', '2021-11-11', 5647, 4, 3, NULL),
(1905, 47, 26, '2020-08-30', '2020-09-01', 5440, 3, 8, NULL),
(1906, 31, 30, '2021-09-18', '2021-09-19', 5262, 6, 10, NULL),
(1907, 62, 20, '2021-09-23', '2021-09-29', 5988, 6, 7, NULL),
(1908, 68, 1, '2020-08-31', '2020-09-08', 5155, 6, 4, NULL),
(1909, 56, 12, '2021-06-24', '2021-06-28', 5810, 2, 1, NULL),
(1910, 68, 29, '2022-08-31', '2022-09-05', 5587, 5, 9, NULL),
(1911, 50, 15, '2020-11-29', '2020-12-04', 5506, 6, 1, NULL),
(1912, 57, 9, '2022-09-29', '2022-09-30', 5767, 6, 9, NULL),
(1913, 43, 12, '2020-05-17', '2020-05-25', 5319, 2, 3, NULL),
(1914, 1, 9, '2021-02-24', '2021-03-04', 5296, 6, 5, NULL),
(1915, 58, 5, '2020-10-19', '2020-10-24', 5522, 5, 6, NULL),
(1916, 7, 6, '2021-09-29', '2021-10-03', 5724, 3, 5, NULL),
(1917, 13, 24, '2020-12-30', '2021-01-05', 5053, 2, 7, NULL),
(1918, 9, 30, '2021-09-29', '2021-10-08', 5094, 6, 1, NULL),
(1919, 62, 19, '2021-07-17', '2021-07-21', 5312, 4, 3, NULL),
(1920, 47, 12, '2020-03-16', '2020-03-23', 5278, 6, 10, NULL),
(1921, 25, 3, '2021-05-06', '2021-05-09', 5457, 6, 10, NULL),
(1922, 6, 24, '2021-12-25', '2021-12-30', 5448, 6, 9, NULL),
(1923, 63, 17, '2022-11-23', '2022-11-28', 5872, 3, 4, NULL),
(1924, 64, 13, '2021-02-21', '2021-03-02', 5017, 4, 4, NULL),
(1925, 41, 10, '2022-06-01', '2022-06-05', 5467, 2, 6, NULL),
(1926, 28, 14, '2020-03-11', '2020-03-11', 5284, 5, 6, NULL),
(1927, 49, 7, '2022-11-25', '2022-11-26', 5021, 3, 5, NULL),
(1928, 56, 28, '2020-07-29', '2020-08-05', 5255, 1, 6, NULL),
(1929, 48, 10, '2021-09-22', '2021-09-22', 5210, 6, 4, NULL),
(1930, 51, 29, '2021-10-14', '2021-10-16', 5286, 1, 3, NULL),
(1931, 54, 15, '2020-05-07', '2020-05-16', 5799, 6, 10, NULL),
(1932, 33, 16, '2020-07-31', '2020-08-08', 5141, 2, 2, NULL),
(1933, 53, 1, '2022-06-11', '2022-06-16', 5306, 1, 1, NULL),
(1934, 7, 4, '2021-01-07', '2021-01-08', 5109, 2, 6, NULL),
(1935, 6, 24, '2022-01-27', '2022-01-27', 5628, 1, 6, NULL),
(1936, 38, 10, '2022-08-18', '2022-08-27', 5813, 4, 1, NULL),
(1937, 20, 19, '2020-11-29', '2020-12-06', 5180, 3, 9, NULL),
(1938, 47, 25, '2020-05-03', '2020-05-08', 5464, 6, 1, NULL),
(1939, 20, 21, '2021-10-19', '2021-10-25', 5781, 6, 7, NULL),
(1940, 63, 21, '2022-02-05', '2022-02-10', 5514, 3, 2, NULL),
(1941, 24, 6, '2022-11-07', '2022-11-13', 5227, 2, 9, NULL),
(1942, 45, 8, '2021-01-19', '2021-01-26', 5595, 6, 8, NULL),
(1943, 28, 12, '2021-12-24', '2021-12-30', 5294, 2, 2, NULL),
(1944, 1, 14, '2020-11-15', '2020-11-15', 5685, 6, 6, NULL),
(1945, 58, 11, '2021-01-22', '2021-01-23', 5542, 4, 3, NULL),
(1946, 57, 11, '2020-12-29', '2021-01-04', 5656, 3, 9, NULL),
(1947, 39, 8, '2021-10-19', '2021-10-19', 5655, 2, 3, NULL),
(1948, 32, 16, '2020-10-23', '2020-10-24', 5308, 4, 10, NULL),
(1949, 29, 6, '2022-03-05', '2022-03-11', 5575, 1, 9, NULL),
(1950, 17, 28, '2022-08-30', '2022-09-05', 5950, 5, 5, NULL),
(1951, 14, 19, '2021-06-10', '2021-06-11', 5025, 4, 6, NULL),
(1952, 9, 4, '2020-09-14', '2020-09-15', 5275, 4, 4, NULL),
(1953, 43, 5, '2022-07-30', '2022-07-30', 5303, 6, 4, NULL),
(1954, 16, 7, '2021-02-20', '2021-02-26', 5688, 1, 8, NULL),
(1955, 52, 6, '2022-02-20', '2022-02-24', 5534, 1, 6, NULL),
(1956, 8, 11, '2021-07-17', '2021-07-17', 5607, 3, 5, NULL),
(1957, 44, 25, '2020-08-16', '2020-08-24', 5434, 3, 7, NULL),
(1958, 47, 2, '2020-09-22', '2020-09-24', 5347, 6, 10, NULL),
(1959, 62, 21, '2022-06-19', '2022-06-23', 5432, 1, 7, NULL),
(1960, 5, 30, '2022-02-13', '2022-02-20', 5123, 4, 4, NULL),
(1961, 68, 29, '2022-08-03', '2022-08-07', 5318, 4, 8, NULL),
(1962, 12, 4, '2020-04-03', '2020-04-11', 5222, 6, 8, NULL),
(1963, 16, 16, '2022-07-24', '2022-08-02', 5157, 6, 6, NULL),
(1964, 46, 21, '2021-06-24', '2021-06-24', 5118, 3, 5, NULL),
(1965, 20, 12, '2020-05-20', '2020-05-23', 5120, 2, 7, NULL),
(1966, 68, 4, '2022-02-28', '2022-03-06', 5245, 2, 9, NULL),
(1967, 9, 26, '2022-05-12', '2022-05-13', 5865, 4, 5, NULL),
(1968, 10, 5, '2020-12-09', '2020-12-09', 5590, 1, 5, NULL),
(1969, 14, 29, '2020-10-13', '2020-10-20', 5358, 2, 1, NULL),
(1970, 37, 26, '2022-03-15', '2022-03-20', 5021, 1, 1, NULL),
(1971, 36, 4, '2022-11-14', '2022-11-17', 5029, 4, 9, NULL),
(1972, 14, 3, '2022-07-31', '2022-08-04', 5082, 1, 1, NULL),
(1973, 69, 16, '2021-11-10', '2021-11-18', 5326, 4, 8, NULL),
(1974, 69, 5, '2022-08-09', '2022-08-18', 5384, 6, 9, NULL),
(1975, 14, 2, '2022-02-19', '2022-02-20', 5941, 3, 9, NULL),
(1976, 65, 11, '2020-03-19', '2020-03-28', 5553, 1, 6, NULL),
(1977, 4, 6, '2022-05-02', '2022-05-06', 5942, 3, 2, NULL),
(1978, 43, 26, '2021-05-29', '2021-05-30', 5052, 5, 2, NULL),
(1979, 11, 19, '2021-12-02', '2021-12-06', 5433, 3, 5, NULL),
(1980, 64, 13, '2021-01-19', '2021-01-26', 5011, 3, 10, NULL),
(1981, 4, 3, '2020-08-15', '2020-08-18', 5756, 4, 1, NULL),
(1982, 48, 15, '2021-01-31', '2021-02-06', 5746, 2, 6, NULL),
(1983, 22, 23, '2022-06-14', '2022-06-17', 5465, 6, 8, NULL),
(1984, 7, 21, '2020-08-23', '2020-08-28', 5085, 5, 2, NULL),
(1985, 38, 8, '2021-11-17', '2021-11-25', 5032, 3, 2, NULL),
(1986, 5, 6, '2021-12-02', '2021-12-06', 5907, 5, 7, NULL),
(1987, 41, 24, '2020-07-01', '2020-07-09', 5436, 2, 8, NULL),
(1988, 12, 27, '2022-10-17', '2022-10-25', 5463, 1, 8, NULL),
(1989, 56, 18, '2021-08-04', '2021-08-10', 5006, 6, 6, NULL),
(1990, 52, 3, '2020-10-14', '2020-10-22', 5642, 6, 4, NULL),
(1991, 51, 30, '2022-01-24', '2022-01-27', 5191, 4, 1, NULL),
(1992, 49, 24, '2022-05-14', '2022-05-16', 5028, 5, 2, NULL),
(1993, 7, 12, '2021-10-26', '2021-10-28', 5571, 6, 7, NULL),
(1994, 43, 12, '2020-06-08', '2020-06-10', 5769, 3, 7, NULL),
(1995, 30, 3, '2020-07-28', '2020-08-03', 5134, 3, 6, NULL),
(1996, 3, 21, '2021-03-07', '2021-03-13', 5363, 5, 7, NULL),
(1997, 51, 10, '2021-04-04', '2021-04-04', 5415, 1, 8, NULL),
(1998, 6, 7, '2022-08-23', '2022-08-27', 5984, 6, 8, NULL),
(1999, 35, 28, '2020-08-25', '2020-08-25', 5678, 1, 6, NULL),
(2000, 67, 14, '2021-04-06', '2021-04-06', 5438, 4, 3, NULL);

-- --------------------------------------------------------

--
-- Estrutura da tabela `clientes`
--

CREATE TABLE `clientes` (
  `idcliente` int(10) UNSIGNED NOT NULL,
  `nome` varchar(255) NOT NULL,
  `sexo` varchar(1) DEFAULT NULL,
  `telefone` varchar(20) DEFAULT NULL,
  `email` varchar(255) DEFAULT NULL,
  `datanascimento` date DEFAULT NULL
) ENGINE=InnoDB DEFAULT CHARSET=utf8;

--
-- Extraindo dados da tabela `clientes`
--

INSERT INTO `clientes` (`idcliente`, `nome`, `sexo`, `telefone`, `email`, `datanascimento`) VALUES
(1, 'João Ribeiro', 'M', '(629) 555-4246', 'joão.ribeiro@exemplo.com', '2000-11-23'),
(2, 'Lucas Silva', 'M', '(466) 555-7746', 'lucas.silva@exemplo.com', '1997-03-01'),
(3, 'Marcos Lima', 'M', '(889) 555-9283', 'marcos.lima@exemplo.com', '1977-11-17'),
(4, 'Pedro Gomes', 'M', '(942) 555-6309', 'pedro.gomes@exemplo.com', '1988-09-25'),
(5, 'Julia Gomes', 'F', '(681) 555-8970', 'julia.gomes@exemplo.com', '1996-01-27'),
(6, 'Marcos Silva', 'M', '(389) 555-4735', 'marcos.silva@exemplo.com', '1977-12-12'),
(7, 'Mariana Costa', 'F', '(498) 555-2404', 'mariana.costa@exemplo.com', '1974-06-09'),
(8, 'Pedro Almeida', 'M', '(569) 555-1006', 'pedro.almeida@exemplo.com', '1965-06-13'),
(9, 'Mariana Santos', 'F', '(360) 555-2089', 'mariana.santos@exemplo.com', '1980-08-25'),
(10, 'José Ribeiro', 'M', '(234) 555-9387', 'josé.ribeiro@exemplo.com', '1954-05-18'),
(11, 'Pedro Lima', 'M', '(728) 555-1988', 'pedro.lima@exemplo.com', '1977-12-19'),
(12, 'Pedro Santos', 'M', '(617) 555-9511', 'pedro.santos@exemplo.com', '1989-01-18'),
(13, 'José Silva', 'M', '(249) 555-2071', 'josé.silva@exemplo.com', '1952-05-22'),
(14, 'Mariana Souza', 'F', '(667) 555-1719', 'mariana.souza@exemplo.com', '1972-12-24'),
(15, 'João Santos', 'M', '(394) 555-5770', 'joão.santos@exemplo.com', '1994-08-16'),
(16, 'Maria Souza', 'F', '(337) 555-3731', 'maria.souza@exemplo.com', '1956-12-22'),
(17, 'Mariana Gomes', 'F', '(50) 555-2593', 'mariana.gomes@exemplo.com', '1951-05-22'),
(18, 'Mariana Almeida', 'F', '(704) 555-6163', 'mariana.almeida@exemplo.com', '1967-05-07'),
(19, 'Carla Gomes', 'F', '(164) 555-4750', 'carla.gomes@exemplo.com', '1975-08-18'),
(20, 'Lucas Costa', 'M', '(604) 555-4166', 'lucas.costa@exemplo.com', '1998-09-15'),
(21, 'Ana Santos', 'F', '(519) 555-7724', 'ana.santos@exemplo.com', '1965-07-01'),
(22, 'Julia Almeida', 'F', '(993) 555-5676', 'julia.almeida@exemplo.com', '1976-06-11'),
(23, 'José Gomes', 'M', '(567) 555-8467', 'josé.gomes@exemplo.com', '1986-08-29'),
(24, 'Carla Silva', 'F', '(582) 555-7093', 'carla.silva@exemplo.com', '1972-07-03'),
(25, 'João Oliveira', 'M', '(194) 555-5102', 'joão.oliveira@exemplo.com', '1977-09-04'),
(26, 'Julia Oliveira', 'F', '(130) 555-7839', 'julia.oliveira@exemplo.com', '1984-07-29'),
(27, 'Julia Lima', 'F', '(342) 555-6599', 'julia.lima@exemplo.com', '1969-11-19'),
(28, 'Maria Costa', 'F', '(219) 555-1354', 'maria.costa@exemplo.com', '1951-02-03'),
(29, 'Lucas Oliveira', 'M', '(105) 555-9499', 'lucas.oliveira@exemplo.com', '1997-03-10'),
(30, 'Marcos Gomes', 'M', '(871) 555-9764', 'marcos.gomes@exemplo.com', '1956-12-17'),
(31, 'José Pereira', 'M', '(169) 555-4532', 'josé.pereira@exemplo.com', '1958-05-07'),
(32, 'Lucas Lima', 'M', '(542) 555-4693', 'lucas.lima@exemplo.com', '1955-07-15'),
(33, 'Lucas Souza', 'M', '(372) 555-3752', 'lucas.souza@exemplo.com', '1978-06-15'),
(34, 'Maria Lima', 'F', '(976) 555-2644', 'maria.lima@exemplo.com', '1981-01-25'),
(35, 'Ana Oliveira', 'F', '(108) 555-6514', 'ana.oliveira@exemplo.com', '1985-04-05'),
(36, 'Carla Oliveira', 'F', '(64) 555-2328', 'carla.oliveira@exemplo.com', '1989-09-23'),
(37, 'Julia Souza', 'F', '(320) 555-7747', 'julia.souza@exemplo.com', '1965-08-07'),
(38, 'Marcos Oliveira', 'M', '(513) 555-9087', 'marcos.oliveira@exemplo.com', '1980-06-09'),
(39, 'Carla Souza', 'F', '(812) 555-7576', 'carla.souza@exemplo.com', '1974-04-13'),
(40, 'Carla Lima', 'F', '(188) 555-4861', 'carla.lima@exemplo.com', '1959-05-09'),
(41, 'João Lima', 'M', '(780) 555-4136', 'joão.lima@exemplo.com', '1996-08-26'),
(42, 'Ana Gomes', 'M', '(565) 555-7822', 'ana.gomes@exemplo.com', '1969-07-03'),
(43, 'Ana Almeida', 'F', '(287) 555-6425', 'ana.almeida@exemplo.com', '1983-07-02'),
(44, 'Ana Pereira', 'F', '(87) 555-3087', 'ana.pereira@exemplo.com', '1953-10-05'),
(45, 'Maria Santos', 'F', '(237) 555-3876', 'maria.santos@exemplo.com', '1965-11-17'),
(46, 'Julia Ribeiro', 'F', '(376) 555-6595', 'julia.ribeiro@exemplo.com', '1972-12-21'),
(47, 'José Souza', 'M', '(61) 555-5992', 'josé.souza@exemplo.com', '1982-01-08'),
(48, 'Ana Lima', 'F', '(983) 555-4831', 'ana.lima@exemplo.com', '1959-01-02'),
(49, 'Lucas Santos', 'M', '(913) 555-4119', 'lucas.santos@exemplo.com', '1990-07-25'),
(50, 'Pedro Souza', 'M', '(938) 555-5001', 'pedro.souza@exemplo.com', '1991-01-18'),
(51, 'José Costa', 'M', '(466) 555-6642', 'josé.costa@exemplo.com', '1962-11-13'),
(52, 'João Pereira', 'M', '(901) 555-3436', 'joão.pereira@exemplo.com', '1990-10-26'),
(53, 'Pedro Ribeiro', 'M', '(84) 555-9526', 'pedro.ribeiro@exemplo.com', '1958-09-06'),
(54, 'Julia Costa', 'F', '(503) 555-1211', 'julia.costa@exemplo.com', '1959-01-02'),
(55, 'João Gomes', 'M', '(810) 555-1558', 'joão.gomes@exemplo.com', '1968-02-11'),
(56, 'Carla Ribeiro', 'F', '(265) 555-1974', 'carla.ribeiro@exemplo.com', '1953-12-24'),
(57, 'Ana Souza', 'F', '(264) 555-5187', 'ana.souza@exemplo.com', '1983-11-21'),
(58, 'João Costa', 'M', '(669) 555-1685', 'joão.costa@exemplo.com', '1991-06-30'),
(59, 'Marcos Costa', 'M', '(149) 555-7473', 'marcos.costa@exemplo.com', '1950-07-15'),
(60, 'Marcos Pereira', 'M', '(990) 555-4103', 'marcos.pereira@exemplo.com', '1961-01-28'),
(61, 'José Almeida', 'M', '(764) 555-5929', 'josé.almeida@exemplo.com', '1973-03-23'),
(62, 'Marcos Almeida', 'M', '(316) 555-3195', 'marcos.almeida@exemplo.com', '1992-08-23'),
(63, 'João Souza', 'M', '(37) 555-5227', 'joão.souza@exemplo.com', '1999-08-20'),
(64, 'Maria Pereira', 'F', '(804) 555-4247', 'maria.pereira@exemplo.com', '1962-02-11'),
(65, 'Maria Silva', 'F', '(840) 555-5881', 'maria.silva@exemplo.com', '1980-04-23'),
(66, 'Carla Almeida', 'F', '(510) 555-2021', 'carla.almeida@exemplo.com', '1976-03-25'),
(67, 'Pedro Silva', 'M', '(979) 555-6277', 'pedro.silva@exemplo.com', '1992-03-19'),
(68, 'João Silva', 'M', '(6) 555-4030', 'joão.silva@exemplo.com', '1962-09-18'),
(69, 'Pedro Costa', 'M', '(289) 555-7182', 'pedro.costa@exemplo.com', '1963-11-11'),
(70, 'Maria Oliveira', 'F', '(40) 555-7972', 'maria.oliveira@exemplo.com', '1976-01-20'),
(71, 'Lucas Pereira', 'M', '(115) 555-5151', 'lucas.pereira@exemplo.com', '1952-03-02'),
(72, 'Lucas Gomes', 'M', '(973) 555-4950', 'lucas.gomes@exemplo.com', '1976-01-18'),
(73, 'Ana Costa', 'F', '(519) 555-3227', 'ana.costa@exemplo.com', '1992-11-08'),
(74, 'Pedro Oliveira', 'M', '(578) 555-8368', 'pedro.oliveira@exemplo.com', '1951-04-21'),
(75, 'João Almeida', 'M', '(707) 555-2679', 'joão.almeida@exemplo.com', '1992-12-09'),
(76, 'José Oliveira', 'M', '(333) 555-8925', 'josé.oliveira@exemplo.com', '2000-11-13'),
(77, 'Mariana Pereira', 'F', '(804) 555-8402', 'mariana.pereira@exemplo.com', '1971-11-29'),
(78, 'Lucas Almeida', 'M', '(795) 555-1094', 'lucas.almeida@exemplo.com', '2004-03-07'),
(79, 'Marcos Souza', 'M', '(175) 555-7725', 'marcos.souza@exemplo.com', '1952-05-12'),
(80, 'Maria Almeida', 'F', '(578) 555-8827', 'maria.almeida@exemplo.com', '1950-06-12'),
(81, 'Julia Pereira', 'F', '(822) 555-1142', 'julia.pereira@exemplo.com', '1951-10-17'),
(82, 'Ana Silva', 'F', '(447) 555-8227', 'ana.silva@exemplo.com', '1994-05-31'),
(83, 'Lucas Ribeiro', 'M', '(117) 555-2688', 'lucas.ribeiro@exemplo.com', '1975-07-21'),
(84, 'Julia Santos', 'F', '(939) 555-4108', 'julia.santos@exemplo.com', '1956-06-18'),
(85, 'Maria Gomes', 'F', '(270) 555-3037', 'maria.gomes@exemplo.com', '1970-07-13'),
(86, 'José Santos', 'F', '(918) 555-6487', 'josé.santos@exemplo.com', '1986-03-23'),
(87, 'Pedro Pereira', 'M', '(891) 555-7335', 'pedro.pereira@exemplo.com', '1963-10-06'),
(88, 'Marcos Santos', 'M', '(403) 555-7083', 'marcos.santos@exemplo.com', '1992-10-10'),
(89, 'Mariana Silva', 'F', '(826) 555-9186', 'mariana.silva@exemplo.com', '1990-07-28'),
(90, 'Maria Ribeiro', 'F', '(30) 555-1479', 'maria.ribeiro@exemplo.com', '1988-04-09'),
(91, 'Mariana Lima', 'F', '(923) 555-4887', 'mariana.lima@exemplo.com', '1989-11-12'),
(92, 'Carla Costa', 'F', '(744) 555-1481', 'carla.costa@exemplo.com', '1980-06-25'),
(93, 'Mariana Oliveira', 'F', '(264) 555-8513', 'mariana.oliveira@exemplo.com', '1977-02-19'),
(94, 'Ana Ribeiro', 'F', '(392) 555-7732', 'ana.ribeiro@exemplo.com', '1953-12-02'),
(95, 'Carla Pereira', 'F', '(583) 555-4919', 'carla.pereira@exemplo.com', '1958-10-25'),
(96, 'Mariana Ribeiro', 'F', '(304) 555-9581', 'mariana.ribeiro@exemplo.com', '1960-05-30'),
(97, 'Marcos Ribeiro', 'M', '(121) 555-8785', 'marcos.ribeiro@exemplo.com', '1963-07-09'),
(98, 'José Lima', 'F', '(306) 555-8992', 'josé.lima@exemplo.com', '1998-03-24'),
(99, 'Carla Santos', 'F', '(348) 555-8912', 'carla.santos@exemplo.com', '1984-01-10'),
(100, 'Julia Silva', 'F', '(577) 555-7973', 'julia.silva@exemplo.com', '1952-01-14');

-- --------------------------------------------------------

--
-- Estrutura da tabela `comments`
--

CREATE TABLE `comments` (
  `comment_id` int(11) NOT NULL,
  `user_id` int(11) NOT NULL,
  `post_id` int(11) NOT NULL,
  `comment_text` text,
  `created_at` datetime NOT NULL
) ENGINE=InnoDB DEFAULT CHARSET=utf8;

-- --------------------------------------------------------

--
-- Estrutura da tabela `formaspagamento`
--

CREATE TABLE `formaspagamento` (
  `idformapagamento` int(10) UNSIGNED NOT NULL,
  `descricao` varchar(50) NOT NULL
) ENGINE=InnoDB DEFAULT CHARSET=utf8;

--
-- Extraindo dados da tabela `formaspagamento`
--

INSERT INTO `formaspagamento` (`idformapagamento`, `descricao`) VALUES
(1, 'Dinheiro'),
(2, 'Cartão de crédito'),
(3, 'Cartão de débito'),
(4, 'Boleto bancário'),
(5, 'Transferência bancária'),
(6, 'PIX'),
(7, 'Cheque');

-- --------------------------------------------------------

--
-- Estrutura da tabela `funcionarios`
--

CREATE TABLE `funcionarios` (
  `idfuncionario` int(10) UNSIGNED NOT NULL,
  `nome` varchar(50) NOT NULL,
  `sexo` char(1) NOT NULL,
  `salario` decimal(10,2) NOT NULL
) ENGINE=InnoDB DEFAULT CHARSET=utf8;

--
-- Extraindo dados da tabela `funcionarios`
--

INSERT INTO `funcionarios` (`idfuncionario`, `nome`, `sexo`, `salario`) VALUES
(1, 'João Silva', 'M', '3500.00'),
(2, 'Maria Santos', 'F', '4000.00'),
(3, 'Pedro Oliveira', 'M', '4500.00'),
(4, 'Ana Costa', 'F', '3800.00'),
(5, 'Carlos Rodrigues', 'M', '5000.00'),
(6, 'Mariana Almeida', 'F', '4200.00'),
(7, 'José Pereira', 'M', '3700.00'),
(8, 'Marta Fernandes', 'F', '4600.00'),
(9, 'Lucas Carvalho', 'M', '5500.00'),
(10, 'Amanda Sousa', 'F', '4300.00');

-- --------------------------------------------------------

--
-- Estrutura da tabela `marcas`
--

CREATE TABLE `marcas` (
  `idmarca` int(11) NOT NULL,
  `nome` varchar(50) DEFAULT NULL
) ENGINE=InnoDB DEFAULT CHARSET=utf8;

--
-- Extraindo dados da tabela `marcas`
--

INSERT INTO `marcas` (`idmarca`, `nome`) VALUES
(1, 'Fiat'),
(2, 'Renault'),
(3, 'Honda'),
(4, 'Yamaha'),
(5, 'Chevrolet'),
(6, 'Volkswagen'),
(7, 'BMW'),
(8, 'Harley-Davidson'),
(9, 'Ford'),
(10, 'Hyundai'),
(11, 'Mitsubishi'),
(12, 'Kawasaki'),
(13, 'Toyota'),
(14, 'Suzuki');

-- --------------------------------------------------------

--
-- Estrutura da tabela `veiculos`
--

CREATE TABLE `veiculos` (
  `idveiculo` int(11) NOT NULL,
  `modelo` varchar(50) NOT NULL,
  `ano` int(4) NOT NULL,
  `placa` varchar(8) NOT NULL,
  `status` varchar(20) NOT NULL,
  `tipo` varchar(20) NOT NULL,
  `cor` varchar(20) NOT NULL,
  `km_atual` float NOT NULL,
  `preco_diaria` float NOT NULL,
  `idmarca` int(11) DEFAULT NULL
) ENGINE=InnoDB DEFAULT CHARSET=utf8;

--
-- Extraindo dados da tabela `veiculos`
--

INSERT INTO `veiculos` (`idveiculo`, `modelo`, `ano`, `placa`, `status`, `tipo`, `cor`, `km_atual`, `preco_diaria`, `idmarca`) VALUES
(1, 'Palio', 2010, 'ABC1234', 'disponível', 'carro', 'prata', 100000, 70, 1),
(2, 'Sandero', 2015, 'DEF5678', 'disponível', 'carro', 'vermelho', 80000, 90, 2),
(3, 'CG 160', 2020, 'GHI9012', 'disponível', 'moto', 'preto', 5000, 50, 3),
(4, 'Doblò', 2012, 'JKL3456', 'em manutenção', 'van', 'branco', 150000, 120, 1),
(5, 'NMax 160', 2019, 'MNO7890', 'alugado', 'moto', 'azul', 20000, 60, 4),
(6, 'Onix', 2018, 'PQR1234', 'disponível', 'carro', 'branco', 60000, 80, 5),
(7, 'Virtus', 2020, 'STU5678', 'disponível', 'carro', 'prata', 40000, 100, 6),
(8, 'CB 500X', 2019, 'VWX9012', 'disponível', 'moto', 'vermelho', 15000, 70, 3),
(9, 'Strada', 2015, 'YZA3456', 'alugado', 'pickup', 'verde', 100000, 150, 1),
(10, 'X3', 2017, 'BCD7890', 'disponível', 'suv', 'preto', 80000, 200, 7),
(11, 'Kwid', 2021, 'EFG2345', 'disponível', 'carro', 'amarelo', 5000, 90, 2),
(12, 'Street Glide', 2022, 'HIJ6789', 'disponível', 'moto', 'preto', 2000, 150, 8),
(13, 'Fiesta', 2014, 'KLM0123', 'disponível', 'carro', 'azul', 120000, 70, 9),
(14, 'HB20', 2020, 'NOP4567', 'disponível', 'carro', 'cinza', 30000, 90, 10),
(15, 'L200 Triton', 2016, 'QRS8901', 'em manutenção', 'pickup', 'branca', 90000, 180, 11),
(16, 'Ninja 1000SX', 2021, 'TUV2345', 'disponível', 'moto', 'verde', 10000, 120, 12),
(17, 'Uno', 2015, 'BAS1234', 'disponível', 'carro', 'azul', 80000, 70, 1),
(18, 'Corolla', 2021, 'VEF5678', 'disponível', 'carro', 'preto', 10000, 150, 13),
(19, 'Iron 883', 2019, 'KEA9012', 'disponível', 'moto', 'preto', 15000, 120, 8),
(20, 'EcoSport', 2018, 'MNB3456', 'disponível', 'suv', 'branco', 50000, 120, 9),
(21, 'Z900', 2020, 'UIO7890', 'alugado', 'moto', 'verde', 20000, 130, 12),
(22, 'S10', 2017, 'PLK2345', 'disponível', 'pickup', 'prata', 70000, 200, 5),
(23, 'Civic', 2016, 'JHJ6789', 'disponível', 'carro', 'cinza', 90000, 100, 3),
(24, 'R1', 2022, 'POI1234', 'disponível', 'moto', 'azul', 5000, 160, 4),
(25, 'T-Cross', 2019, 'QWE5678', 'disponível', 'suv', 'vermelho', 40000, 130, 6),
(26, 'Ka', 2014, 'ZXC9012', 'em manutenção', 'carro', 'verde', 110000, 60, 9),
(27, 'Outlander', 2020, 'LKH3456', 'disponível', 'suv', 'preto', 25000, 180, 11),
(28, 'R 1250 GS', 2021, 'POU7890', 'disponível', 'moto', 'vermelho', 8000, 180, 7),
(29, 'Prisma', 2018, 'JKL2345', 'disponível', 'carro', 'branco', 60000, 80, 5),
(30, 'Hilux', 2015, 'WES5678', 'alugado', 'pickup', 'prata', 120000, 220, 13),
(31, 'V-Strom 1050', 2022, 'TYU9012', 'disponível', 'moto', 'amarelo', 5000, 140, 14),
(32, 'Cronos', 2019, 'ZXC3456', 'disponível', 'carro', 'preto', 35000, 90, 1),
(33, 'Ranger', 2017, 'BVC7890', 'disponível', 'pickup', 'vermelho', 80000, 180, 9);

--
-- Indexes for dumped tables
--

--
-- Indexes for table `alugueis`
--
ALTER TABLE `alugueis`
  ADD PRIMARY KEY (`idaluguel`),
  ADD KEY `idformapagamento` (`idformapagamento`),
  ADD KEY `idcliente` (`idcliente`),
  ADD KEY `idfuncionario` (`idfuncionario`);

--
-- Indexes for table `clientes`
--
ALTER TABLE `clientes`
  ADD PRIMARY KEY (`idcliente`);

--
-- Indexes for table `comments`
--
ALTER TABLE `comments`
  ADD PRIMARY KEY (`comment_id`),
  ADD KEY `user_id` (`user_id`),
  ADD KEY `post_id` (`post_id`);

--
-- Indexes for table `formaspagamento`
--
ALTER TABLE `formaspagamento`
  ADD PRIMARY KEY (`idformapagamento`);

--
-- Indexes for table `funcionarios`
--
ALTER TABLE `funcionarios`
  ADD PRIMARY KEY (`idfuncionario`) USING BTREE;

--
-- Indexes for table `marcas`
--
ALTER TABLE `marcas`
  ADD PRIMARY KEY (`idmarca`);

--
-- Indexes for table `veiculos`
--
ALTER TABLE `veiculos`
  ADD PRIMARY KEY (`idveiculo`) USING BTREE,
  ADD KEY `idmarca` (`idmarca`);

--
-- AUTO_INCREMENT for dumped tables
--

--
-- AUTO_INCREMENT for table `alugueis`
--
ALTER TABLE `alugueis`
  MODIFY `idaluguel` int(10) UNSIGNED NOT NULL AUTO_INCREMENT, AUTO_INCREMENT=2001;
--
-- AUTO_INCREMENT for table `clientes`
--
ALTER TABLE `clientes`
  MODIFY `idcliente` int(10) UNSIGNED NOT NULL AUTO_INCREMENT, AUTO_INCREMENT=101;
--
-- AUTO_INCREMENT for table `formaspagamento`
--
ALTER TABLE `formaspagamento`
  MODIFY `idformapagamento` int(10) UNSIGNED NOT NULL AUTO_INCREMENT, AUTO_INCREMENT=8;
--
-- AUTO_INCREMENT for table `funcionarios`
--
ALTER TABLE `funcionarios`
  MODIFY `idfuncionario` int(10) UNSIGNED NOT NULL AUTO_INCREMENT, AUTO_INCREMENT=11;
--
-- AUTO_INCREMENT for table `marcas`
--
ALTER TABLE `marcas`
  MODIFY `idmarca` int(11) NOT NULL AUTO_INCREMENT, AUTO_INCREMENT=16;
--
-- AUTO_INCREMENT for table `veiculos`
--
ALTER TABLE `veiculos`
  MODIFY `idveiculo` int(11) NOT NULL AUTO_INCREMENT, AUTO_INCREMENT=34;
--
-- Constraints for dumped tables
--

--
-- Limitadores para a tabela `alugueis`
--
ALTER TABLE `alugueis`
  ADD CONSTRAINT `FK_alugueis_clientes` FOREIGN KEY (`idcliente`) REFERENCES `clientes` (`idcliente`) ON DELETE NO ACTION ON UPDATE NO ACTION,
  ADD CONSTRAINT `FK_alugueis_formaspagamento` FOREIGN KEY (`idformapagamento`) REFERENCES `formaspagamento` (`idformapagamento`) ON DELETE NO ACTION ON UPDATE NO ACTION,
  ADD CONSTRAINT `FK_alugueis_funcionarios` FOREIGN KEY (`idfuncionario`) REFERENCES `funcionarios` (`idfuncionario`) ON DELETE NO ACTION ON UPDATE NO ACTION;

--
-- Limitadores para a tabela `comments`
--
ALTER TABLE `comments`
  ADD CONSTRAINT `comments_ibfk_1` FOREIGN KEY (`user_id`) REFERENCES `users` (`user_id`) ON DELETE CASCADE ON UPDATE CASCADE,
  ADD CONSTRAINT `comments_ibfk_2` FOREIGN KEY (`post_id`) REFERENCES `posts` (`post_id`) ON DELETE CASCADE ON UPDATE CASCADE;

--
-- Limitadores para a tabela `veiculos`
--
ALTER TABLE `veiculos`
  ADD CONSTRAINT `FK_veiculos_marcas` FOREIGN KEY (`idmarca`) REFERENCES `marcas` (`idmarca`) ON DELETE NO ACTION ON UPDATE NO ACTION;

/*!40101 SET CHARACTER_SET_CLIENT=@OLD_CHARACTER_SET_CLIENT */;
/*!40101 SET CHARACTER_SET_RESULTS=@OLD_CHARACTER_SET_RESULTS */;
/*!40101 SET COLLATION_CONNECTION=@OLD_COLLATION_CONNECTION */;
